:0200000400FCFE
:10480000907B4C1BEA00791E0002907B481BEA203B
:10481000793E0002806A907B4C691E00020BEA0020
:10482000907B48693E00020BEA20BF10281D907B58
:104830004C691E00020BEA00907B48693E00020BA7
:10484000EA209F10793E00021BEA20907B4C691EF3
:1048500000020BEA00907B48693E00020BEA20BF91
:1048600010501D907B48691E00020BEA00907B4CA3
:10487000693E00020BEA209F10793E00021BEA20ED
:10488000907B4C691E00020BEA00907B48693E0059
:10489000020BEA20BF106803024816907B48693E6D
:1048A00000020BEA20AA907DFB1BEA20793E000261
:1048B000907DFB693E00020BEA207E2800017F010B
:1048C0009F02791E00021BEA004D2378E3AA907A2A
:1048D000B31BEA00791E0002E4907AB7F09F1190B2
:1048E0007AB8793E00021BEA20907AB3693E000252
:1048F0000BEA204D23680474018001E47E14475ABA
:104900007E0400FE7E3400589AFE25E4907AB36956
:104910003E00020BEA204D237803024A06907AB348
:10492000693E00020BEA207E1BB0BEB02D781B74DE
:1049300001907AB7F0907AB3693E00020BEA200B3F
:1049400034793E00021BEA208025907AB3693E004C
:10495000020BEA207E1BB0BEB02B7813907AB369AD
:104960003E00020BEA200B34793E00021BEA208055
:10497000487E14000A907AB8693E00020BEA209A39
:10498000FDC869907AB3691E00020BEA007E0B3005
:104990000A136D007E2800309F022F10907AB8799C
:1049A0003E00021BEA20907AB3693E00020BEA2027
:1049B0000B34793E00021BEA20907AB3693E000274
:1049C0000BEA207E1BA07430BCAB4813907AB3690D
:1049D0003E00020BEA207E1BA07439BCAB0892900B
:1049E0007AB7E0BEB000681E907AB8693E00020B4C
:1049F000EA206E34FFFF6E24FFFF0B1C907AB8791B
:104A00003E00021BEA20907AB8693E00020BEA20C1
:104A1000AA90748F1BEA20793E000290748B1BEAE7
:104A200000791E0002E49074A3F09F119074A479A1
:104A30003E00021BEA2090748B693E00020BEA20C4
:104A40004D23680474018001E47E14475A7E0400FB
:104A5000FE7E3400859AFE25E490748B693E000248
:104A60000BEA204D237803024BC990748F693E00F6
:104A7000020BEA20BE1800005845742D90748B6913
:104A80003E00020BEA207A1BB090748B693E000254
:104A90000BEA200B3490748B793E00021BEA2090C5
:104AA000748F693E00020BEA206E34FFFF6E24FF14
:104AB000FF0B1C90748F793E00021BEA208020902F
:104AC000748F693E00020BEA204D237812743090F7
:104AD000748B693E00020BEA207A1BB0024BC902BC
:104AE0004B617E08000A90748F693E00020BEA2039
:104AF0009AFDC8C59074A4791E00021BEA00907448
:104B0000A4693E00020BEA20BE180000480E907413
:104B1000A4695E00020BEA407CAB80109074A4692B
:104B20003E00020BEA209F229F217CAB9074A37E63
:104B3000EB7074012CB7F00A277E3474932D327A0F
:104B400071827A61837AEBA07E08000A90748F6983
:104B50003E00020BEA209AFDC8C5793E00021BEA1E
:104B60002090748F693E00020BEA204D23680302F7
:104B70004AE2804C9074A3E00A2B7E3474922D326A
:104B80007A71827A6183E00A0B7E1400302D1090D6
:104B9000748B693E00020BEA207A1B3090748B699B
:104BA0003E00020BEA200B3490748B793E00021B0E
:104BB000EA209074A37EEBA07E70017CBA9CB7F0D3
:104BC0009074A3E0BEB00078ABAA907B501BEA00C3
:104BD000791E00029F11907B54793E00021BEA204F
:104BE000907B50693E00020BEA204D23680474015B
:104BF0008001E47E14475A7E0400FE7E3400B09AA1
:104C0000FE25E4907B50693E00020BEA204D2368AC
:104C10007080487E14000A907B54693E00020BEAC3
:104C2000209AFDC869907B50691E00020BEA007E45
:104C30000B300A136D007E2800309F022F10907BEE
:104C400054793E00021BEA20907B50693E00020B23
:104C5000EA200B34793E00021BEA20907B50693E2B
:104C600000020BEA207E1BA07430BCAB4813907B83
:104C700050693E00020BEA207E1BA07439BCAB08D1
:104C800092907B54693E00020BEA20AA9075171B94
:104C9000EA20793E00029075131BEA00791E00029B
:104CA000E490752BF0907513693E00020BEA204DDD
:104CB00023680474018001E47E14475A7E0400FED8
:104CC0007E3400D09AFE25E4907513693E00020BF5
:104CD000EA204D237803024DA9907517693E000222
:104CE0000BEA204D2378127430907513693E000250
:104CF0000BEA207A1BB0024DA980497E14000A906D
:104D00007517693E00020BEA209AFDC8727CA390D9
:104D1000752B7EEB7074012CB7F00A277E34751B5F
:104D20002D327A71827A61837AEBA07E14000A9028
:104D30007517693E00020BEA209AFDC872793E00A1
:104D4000021BEA20907517693E00020BEA204D23F2
:104D500078A9804C90752BE00A2B7E34751A2D3281
:104D60007A71827A6183E01A0B7E1400302D1090E4
:104D70007513693E00020BEA207A1B3090751369A7
:104D80003E00020BEA200B34907513793E00021BA3
:104D9000EA2090752B7EEBA07E70017CBA9CB7F068
:104DA00090752BE0BEB00078ABAA9076D71BEA00D6
:104DB000791E0002E49076DBF09F119076DC793E5C
:104DC00000021BEA209F119076E0793E00021BEA68
:104DD000206D337E243F809076E4793E00021BEA0A
:104DE000209076D7693E00020BEA204D23680474B8
:104DF000018001E47E14475A7E0400FE7E3400FAEE
:104E00009AFE25E49076D7693E00020BEA204D23F6
:104E100078030250209076D7693E00020BEA207E8C
:104E20001BB0BEB02D781B74019076DBF09076D766
:104E3000693E00020BEA200B34793E00021BEA2097
:104E400080259076D7693E00020BEA207E1BB0BE1B
:104E5000B02B78139076D7693E00020BEA200B3412
:104E6000793E00021BEA2080566D117E044120909D
:104E700076DC693E00020BEA209AFDBFEA7F719062
:104E800076D7693E00020BEA207E1B700A277E342B
:104E900000309D237CB49AFDC1647F017F179AFD89
:104EA000BF329076DC793E00021BEA209076D7690B
:104EB0003E00020BEA200B34793E00021BEA2090F0
:104EC00076D7693E00020BEA207E1BA07430BCAB93
:104ED00048139076D7693E00020BEA207E1BA0742F
:104EE00039BCAB08849076D7693E00020BEA207E7D
:104EF0001BB0BEB02E6803024FE09076D7693E002B
:104F0000020BEA200B34793E00021BEA2080716D0F
:104F1000117E0441209076E0693E00020BEA209A5F
:104F2000FDBFEA7F719076D7693E00020BEA207ED2
:104F30001B700A277E3400309D237CB49AFDC16427
:104F40007F017F179AFDBF329076E0793E00021B09
:104F5000EA206D117E0441209076E4693E00020B48
:104F6000EA209AFDBFEA793E00021BEA209076D73C
:104F7000693E00020BEA200B34793E00021BEA2056
:104F80009076D7693E00020BEA207E1BA07430BCED
:104F9000AB482E9076D7693E00020BEA207E1BA01C
:104FA0007439BCAB181B7E1424007E0449749076BF
:104FB000E4693E00020BEA209AFDC10B5003024F48
:104FC0000F9076E4691E00020BEA009076E0693EDD
:104FD00000020BEA209AFDC08A793E00021BEA20FB
:104FE0009076E0691E00020BEA009076DC693E00D4
:104FF000020BEA209AFDBF32793E00021BEA2090A4
:1050000076DBE0BEB00068189076DC693E00020BEB
:10501000EA209AFDC1519076DC793E00021BEA201D
:105020009076DC693E00020BEA20AA9071D6F090DF
:1050300071D21BEA20793E00029071CE1BEA007902
:105040001E00026D339071D71BEA306D339071D919
:105050001BEA309071D6E09071F7F09071CE693E06
:1050600000020BEA204D23680474018001E47E14E1
:10507000475A7E0400FE7E3401399AFE25E4907181
:10508000CE693E00020BEA204D2378030253E590DF
:1050900071D2693E00020BEA209AFDC19C9071D743
:1050A0001BEA309071D2691E00020BEA009F119A30
:1050B000FDC10B2827742D9071CE693E00020BEACA
:1050C000207A1BB09071CE693E00020BEA200B34AF
:1050D0009071CE793E00021BEA20806A9071D269FD
:1050E0003E00020BEA204D23785C74309071CE694B
:1050F0003E00020BEA207A1BB09071CE693E00029E
:105100000BEA200B349071CE793E00021BEA20742A
:105110002E9071CE693E00020BEA207A1BB090718E
:10512000CE693E00020BEA200B349071CE793E002E
:10513000021BEA2074309071CE693E00020BEA2017
:105140007A1BB00253E59071D70BEA207CB49AFD2C
:10515000C1647F019071D2693E00020BEA209AFD82
:10516000BF2F9071D2793E00021BEA20801E6D1184
:105170007E0441209071D2693E00020BEA209AFD24
:10518000BFEA9071D2793E00021BEA209071F77E4F
:10519000EBA07E70017CBA9CB7F0BEA00078CF90E7
:1051A00071D2693E00020BEA209AFDC19C9071D930
:1051B0001BEA30E49071F7F09071D70BEA307E244F
:1051C000000A9AFDC8269071F77EEB7074012CB727
:1051D000F07402ACB77E3471DB2D357A71827A615E
:1051E000831BEA207E24000A9071D70BEA309AFDD7
:1051F000C8261BEA306D229071D70BEA30BD327899
:10520000B70252926D229071F77EEB707402ACB7C8
:105210007E3471D92D357A71827A61830BEA30BD83
:1052200032481B9071F77EEB707402ACB77E34711C
:10523000D92D357A71827A61830BEA00801D9071D5
:10524000F77EEB707402ACB77E3471D92D357A716C
:10525000827A61830BEA306D009D037E1400302D4D
:10526000109071CE693E00020BEA207A1B309071DB
:10527000CE693E00020BEA200B349071CE793E00DD
:10528000021BEA209071F77EEBA07E70017CBA9C35
:10529000B7F09071F7E0BEB000680302520490715D
:1052A000D6E0BEB00078030253E5E49071F7F074E5
:1052B0002E9071CE693E00020BEA207A1BB09071ED
:1052C000CE693E00020BEA200B349071CE793E008D
:1052D000021BEA206D229071D90BEA30BD327812A0
:1052E00074309071CE693E00020BEA207A1BB00246
:1052F00053E5804B9071D90BEA307E24000A9AFD69
:10530000C8269071F77EEB7074012CB7F07402AC74
:10531000B77E3471EB2D357A71827A61831BEA2076
:105320007E24000A9071D90BEA309AFDC8261BEA48
:10533000309071D67EEBA07E70017CBA9CB7F09065
:1053400071D6E0BEB00078AC0253D96D229071F7EF
:105350007EEB707402ACB77E3471E92D357A7182C0
:105360007A61830BEA30BD32481B9071F77EEB7097
:105370007402ACB77E3471E92D357A71827A61831B
:105380000BEA00801D9071F77EEB707402ACB77E63
:105390003471E92D357A71827A61830BEA306D00C0
:1053A0009D037E1400302D109071CE693E00020BDB
:1053B000EA207A1B309071CE693E00020BEA200B86
:1053C000349071CE793E00021BEA209071F77EEB9B
:1053D000A07E70017CBA9CB7F09071F7E0BEB0007F
:1053E000680302534BAA9076E81BEA00791E00027C
:1053F000E49076ECF09F119076ED793E00021BEA86
:10540000209F119076F1793E00021BEA206D337ED9
:10541000243F809076F5793E00021BEA209076E8E2
:10542000693E00020BEA204D23680474018001E408
:105430007E14475A7E0400FE7E34018E9AFE25E4D7
:105440009076E8693E00020BEA204D23780302566D
:105450005C9076E8693E00020BEA207E1BB0BEB08D
:105460002D781B74019076ECF09076E8693E00028E
:105470000BEA200B34793E00021BEA20802590764F
:10548000E8693E00020BEA207E1BB0BEB02B781309
:105490009076E8693E00020BEA200B34793E000268
:1054A0001BEA2080566D117E0441209076ED693E06
:1054B00000020BEA209AFDBFEA7F719076E8693E10
:1054C00000020BEA207E1B700A277E3400309D23E9
:1054D0007CB49AFDC1647F017F179AFDBF3290763C
:1054E000ED793E00021BEA209076E8693E00020B4F
:1054F000EA200B34793E00021BEA209076E8693EF0
:1055000000020BEA207E1BA07430BCAB48139076DF
:10551000E8693E00020BEA207E1BA07439BCAB0890
:10552000849076E8693E00020BEA207E1BB0BEB094
:105530002E680302561C9076E8693E00020BEA20B2
:105540000B34793E00021BEA2080716D117E04410C
:10555000209076F1693E00020BEA209AFDBFEA7FB7
:10556000719076E8693E00020BEA207E1B700A27E4
:105570007E3400309D237CB49AFDC1647F017F1787
:105580009AFDBF329076F1793E00021BEA206D1140
:105590007E0441209076F5693E00020BEA209AFDD8
:1055A000BFEA793E00021BEA209076E8693E0002DD
:1055B0000BEA200B34793E00021BEA209076E86962
:1055C0003E00020BEA207E1BA07430BCAB482E903C
:1055D00076E8693E00020BEA207E1BA07439BCAB62
:1055E000181B7E146B287E044E6E9076F5693E0083
:1055F000020BEA209AFDC10B500302554B9076F541
:10560000691E00020BEA009076F1693E00020BEA87
:10561000209AFDC08A793E00021BEA209076F1694B
:105620001E00020BEA009076ED693E00020BEA20B4
:105630009AFDBF32793E00021BEA209076ECE0BE74
:10564000B00068189076ED693E00020BEA209AFDE2
:10565000C1519076ED793E00021BEA209076ED690B
:105660003E00020BEA20AA906FEFF0906FEB1BEA6E
:1056700020793E0002906FE71BEA00791E00026D60
:1056800033906FF01BEA306D33906FF21BEA30906D
:105690006FEFE090701EF0906FE7693E00020BEA3A
:1056A000204D23680474018001E47E14475A7E046F
:1056B00000FE7E3401CE9AFE25E4906FE7693E003D
:1056C000020BEA204D237803025A21906FEB693ECA
:1056D00000020BEA209AFDC19C906FF01BEA30900B
:1056E0006FEB691E00020BEA009F119AFDC10B28A7
:1056F00027742D906FE7693E00020BEA207A1BB0F9
:10570000906FE7693E00020BEA200B34906FE77957
:105710003E00021BEA20806A906FEB693E00020B9C
:10572000EA204D23785C7430906FE7693E00020BED
:10573000EA207A1BB0906FE7693E00020BEA200B6B
:1057400034906FE7793E00021BEA20742E906FE7D9
:10575000693E00020BEA207A1BB0906FE7693E00B9
:10576000020BEA200B34906FE7793E00021BEA201F
:105770007430906FE7693E00020BEA207A1BB0029A
:105780005A21906FF00BEA207CB49AFDC1647F012E
:10579000906FEB693E00020BEA209AFDBF2F906FDD
:1057A000EB793E00021BEA20801E6D117E04412031
:1057B000906FEB693E00020BEA209AFDBFEA906F02
:1057C000EB793E00021BEA2090701E7EEBA07E70FB
:1057D000017CBA9CB7F0BEA00078CF906FEB693E19
:1057E00000020BEA209AFDC19C906FF21BEA30E4A4
:1057F00090701EF0906FF00BEA307E24000A9AFD44
:10580000C82690701E7EEB7074012CB7F07402AC49
:10581000B77E346FF42D357A71827A61831BEA206A
:105820007E24000A906FF00BEA309AFDC8261BEA2E
:10583000306D22906FF00BEA30BD3278B70258CE4F
:105840006D2290701E7EEB707402ACB77E346FF2E6
:105850002D357A71827A61830BEA30BD32481B9014
:10586000701E7EEB707402ACB77E346FF22D357A09
:1058700071827A61830BEA00801D90701E7EEB704E
:105880007402ACB77E346FF22D357A71827A6183FF
:105890000BEA306D009D037E1400302D10906FE7F1
:1058A000693E00020BEA207A1B30906FE7693E00E8
:1058B000020BEA200B34906FE7793E00021BEA20CE
:1058C00090701E7EEBA07E70017CBA9CB7F0907049
:1058D0001EE0BEB0006803025840906FEFE0BEB01B
:1058E000007803025A21E490701EF0742E906FE746
:1058F000693E00020BEA207A1BB0906FE7693E0018
:10590000020BEA200B34906FE7793E00021BEA207D
:105910006D22906FF20BEA30BD3278127430906FC6
:10592000E7693E00020BEA207A1BB0025A21804B45
:10593000906FF20BEA307E24000A9AFDC826907020
:105940001E7EEB7074012CB7F07402ACB77E34701D
:105950000C2D357A71827A61831BEA207E24000A3D
:10596000906FF20BEA309AFDC8261BEA30906FEF79
:105970007EEBA07E70017CBA9CB7F0906FEFE0BE2A
:10598000B00078AC025A156D2290701E7EEB7074D8
:1059900002ACB77E34700A2D357A71827A61830B3E
:1059A000EA30BD32481B90701E7EEB707402ACB7BB
:1059B0007E34700A2D357A71827A61830BEA008019
:1059C0001D90701E7EEB707402ACB77E34700A2D91
:1059D000357A71827A61830BEA306D009D037E1403
:1059E00000302D10906FE7693E00020BEA207A1B11
:1059F00030906FE7693E00020BEA200B34906FE7AE
:105A0000793E00021BEA2090701E7EEBA07E7001A2
:105A10007CBA9CB7F090701EE0BEB00068030259DB
:105A200087AA9077741BEA00791E00029077746948
:105A30001E00020BEA009AFCFFF16D229077787944
:105A40003E00021BEA209F1190777C793E00021BEA
:105A5000EA20E4907780F0E4907781F090777469A1
:105A60003E00020BEA204D23680474018001E47EAD
:105A700014475A7E0400FE7E3402219AFE25E490EB
:105A80007774693E00020BEA204D237803025C051F
:105A9000907781E0BEB0007803025B9390777469E1
:105AA0003E00020BEA207E1BA07461BCAB482F9025
:105AB0007774693E00020BEA207E1BA07466BCABC3
:105AC000181C907774693E00020BEA207E1B701A46
:105AD000577E4400579D54907780F0025B64907726
:105AE00074693E00020BEA207E1BA07441BCAB48E7
:105AF0002E907774693E00020BEA207E1BA074464C
:105B0000BCAB181B907774693E00020BEA207E1B29
:105B1000701A577E4400379D54907780F0804590EE
:105B20007774693E00020BEA207E1BA07430BCAB88
:105B30005803025C05907774693E00020BEA207EF0
:105B40001BA07439BCAB0803025C05907774693EF6
:105B500000020BEA207E1B701A577E4400309D54D1
:105B6000907780F090777C691E00020BEA00740445
:105B70002F001478FB9077807EEB70740F5C7B0AAB
:105B8000376D224D314D2090777C793E00021BEA23
:105B900020803F907774693E00020BEA207E1BB0A4
:105BA000BEB030782D907774693E00020BEA200B6E
:105BB000347E1BB0BEB0787819907774693E0002CD
:105BC0000BEA200B34793E00021BEA207401907727
:105BD00081F0907774693E00020BEA200B34793E25
:105BE00000021BEA20907778693E00020BEA207ED3
:105BF0002800017F019F02791E00021BEA004D234D
:105C00006803025A7F90777C693E00020BEA20AA63
:105C10009073161BEA20793E00029073121BEA0073
:105C2000791E00027E3447897E2400FE7E14731A9A
:105C30007E04000174109AFDC8FBE4907336F09066
:105C40007312693E00020BEA204D23680474018040
:105C500001E47E14475A7E0400FE7E34025F9AFE01
:105C600025E47430907312693E00020BEA207A1B1F
:105C7000B0907312693E00020BEA200B349073124D
:105C8000793E00021BEA207478907312693E00028C
:105C90000BEA207A1BB0907312693E00020BEA20D7
:105CA0000B34907312793E00021BEA209073126944
:105CB0003E00020BEA204D237803025D9590731697
:105CC000693E00020BEA204D237812743090731263
:105CD000693E00020BEA207A1BB0025D95804A9073
:105CE0007316695E00020BEA407EA00F5CAB9073F6
:105CF000367EEB7074012CB7F00A277E34732A2DA0
:105D0000327A71827A61837AEBA074049073166997
:105D10003E00020BEA201E341E2450034E60801405
:105D200078F4793E00021BEA20907316693E000267
:105D30000BEA204D2378A88053907336E00A2B7E1F
:105D40003473292D327A71827A6183E01A2B7E3482
:105D5000731A2D327A71827A6183E0907312693EF0
:105D600000020BEA207A1BB0907312693E00020B0E
:105D7000EA200B34907312793E00021BEA209073E4
:105D8000367EEBA07E70017CBA9CB7F0907336E053
:105D9000BEB00078A4AA9075D1F09075CD1BEA0032
:105DA000791E00029075C91BEA20793E0002E4903A
:105DB00075DBF0E49075DCF09075D1E0BEB0007852
:105DC00003025E7D9075C9693E00020BEA20907562
:105DD000D3793E00021BEA209075D3693E00020B86
:105DE000EA20BE180000581E9075D3693E00020BD1
:105DF000EA206E34FFFF6E24FFFF0B1C9075D379F1
:105E00003E00021BEA209075D2E00A1B6D009075DF
:105E1000D3693E00020BEA209AFDC8C57E18003007
:105E20002F019075CD693E00020BEA207A1B30905D
:105E300075D2E00A1B6D009075D3693E00020BEA33
:105E4000209AFDC8C5793E00021BEA209075DC7ED1
:105E5000EBA074012CBAF09075D3693E00020BEAF6
:105E6000204D2368159075CD693E00020BEA200B8A
:105E700034793E00021BEA20808C025F2C9075C9A9
:105E8000693E00020BEA209075D7793E00021BEABA
:105E9000209075D2E00A1B6D009075D7693E000214
:105EA0000BEA209AFDC8747CB39075DBF09075DB2B
:105EB0007EEBA0740ABCAB400C7EA0379075DBE093
:105EC0002CBAF0800A7EA0309075DBE02CBAF090FE
:105ED00075DBE09075CD693E00020BEA207A1BB0BD
:105EE0009075D2E00A1B6D009075D7693E00020BD9
:105EF000EA209AFDC874793E00021BEA209075DC06
:105F00007EEBA074012CBAF09075D7693E00020BAD
:105F1000EA204D2368169075CD693E00020BEA20F9
:105F20000B34793E00021BEA20025E919075DCE0A2
:105F3000229078121BEA20793E000290780E1BEA2C
:105F400000791E00029F11907816793E00021BEA2C
:105F5000200260037E080001907812693E00020B67
:105F6000EA209F10907816691E00020BEA009F102D
:105F70007D1390780E693E00020BEA202D317E1BC6
:105F8000B090781AF0907816693E00020BEA207DF6
:105F90001390780E693E00020BEA202D317E1B30F3
:105FA0007E280001907812693E00020BEA209F12C1
:105FB000907816695E00020BEA409F127D0390788C
:105FC0000E693E00020BEA202D307A1B3090781AC1
:105FD000E0907816693E00020BEA207D1390780E5F
:105FE000693E00020BEA202D317A1BB090781669C9
:105FF0001E00020BEA007E1800012F10793E0002FD
:106000001BEA20907812693E00020BEA207F011EF5
:10601000141E0450034E2080907816693E00020B37
:10602000EA20BF012803025F5422906DE61BEA209C
:10603000793E0002906DE21BEA00791E00027E3478
:1060400047997E2400FE7E146E237E0400017411A5
:106050009AFDC8FB9F11906DF2793E00021BEA2069
:10606000906DE2693E00020BEA20906DF6793E00E9
:10607000021BEA20906DE2693E00020BEA204D23EC
:10608000681C906DEA693E00020BEA204D23680E01
:10609000906DE6693E00020BEA204D2378059F11C2
:1060A0000267120266C7906DEA693E00020BEA20A1
:1060B0007E1BB0BEB0256853906DEA693E00020BAE
:1060C000EA207E1B300B34793E00021BEA20906DE3
:1060D000F6693E00020BEA207A1B30906DF6693EAD
:1060E00000020BEA200B34906DF6793E00021BEAA9
:1060F00020906DF2691E00020BEA007E1800012F4D
:1061000010793E00021BEA200266C7906DEA693EE4
:1061100000020BEA200B34793E00021BEA20906D4E
:10612000EA693E00020BEA207E1BB0249D78030240
:10613000643124F0780302635E24FB780302648EEA
:106140002414680302666D906DEE693E00020BEA4E
:10615000201B35793E00021BEA20906DEE693E005F
:10616000020BEA200B1A30906DFC1BEA306D339065
:106170006E0E1BEA306D33906E101BEA306D22906C
:106180006DFC0BEA30BD32581C7E340001906E105D
:106190001BEA30906DFC0BEA306E34FFFF0B34903D
:1061A0006DFC1BEA30906DFC0BEA307E24000A9AED
:1061B000FDC8267E5400302D52906E0E0BEA207ED4
:1061C0003400012D321BEA307E346DFE2D327A719F
:1061D000827A6183F07E24000A906DFC0BEA309A8B
:1061E000FDC8261BEA306D22906DFC0BEA30BD32F3
:1061F000080E906E0E0BEA207E34000FBD2348A5DA
:10620000906E100BEA206D33BD23681E742D906EC6
:106210000E0BEA207E3400012D321BEA307E346DF5
:10622000FE2D327A71827A6183F06D33906DFA1BA4
:10623000EA308073906DFA0BEA207E346DFE2D32C9
:106240007A71827A6183E0906E34F0906DFA0BEA95
:1062500030906E0E0BEA209D237E346DFD2D327A38
:1062600071827A6183E0906DFA0BEA207E346DFED4
:106270002D327A71827A6183F0906E34E0906DFAFB
:106280000BEA30906E0E0BEA209D237E346DFD2DBF
:10629000327A71827A6183F0906DFA0BEA207E3453
:1062A00000012D321BEA30906E0E0BEA307E240086
:1062B000029AFDC8267D23906DFA0BEA30BD325854
:1062C000030262346D33906DFA1BEA30805C906D8E
:1062D000FA0BEA207E346DFE2D327A71827A618368
:1062E000E0906DF6693E00020BEA207A1BB0906DDB
:1062F000F6693E00020BEA200B34906DF6793E0001
:10630000021BEA20906DF2691E00020BEA007E1863
:1063100000012F10793E00021BEA20906DFA0BEA73
:10632000207E3400012D321BEA30906E0E0BEA20E5
:10633000906DFA0BEA30BD3258217E180001906D45
:10634000E6691E00020BEA009F01906DF2693E00B3
:10635000020BEA20BF1050030262CE0266B4906DB9
:10636000EE693E00020BEA201B36793E00021BEA72
:1063700020906DEE691E00020BEA00693000020BEE
:106380000A20906E12793E00021BEA20906E12697C
:106390003E00020BEA204D2378127E3447537E24C0
:1063A00000FE906E12793E00021BEA208050906E33
:1063B00012693E00020BEA207E1B300B34793E004E
:1063C000021BEA20906DF6693E00020BEA207A1B60
:1063D00030906DF6693E00020BEA200B34906DF6AA
:1063E000793E00021BEA20906DF2691E00020BEA62
:1063F000007E1800012F10793E00021BEA20906EEB
:1064000012693E00020BEA207E1BB0BEB000681E7F
:106410007E180001906DE6691E00020BEA009F01E4
:10642000906DF2693E00020BEA20BF1040800266C8
:10643000B4906DEE693E00020BEA201B35793E00F8
:10644000021BEA20906DEE693E00020BEA200B1A57
:1064500010906DF6693E00020BEA207A1B30906DB9
:10646000F6693E00020BEA200B34906DF6793E008F
:10647000021BEA20906DF2691E00020BEA007E18F2
:1064800000012F10793E00021BEA200266B4906DD5
:10649000EE693E00020BEA201B36793E00021BEA41
:1064A00020906DEE691E00020BEA00693000020BBD
:1064B0000A20906E16793E00021BEA206D33906E22
:1064C0000E1BEA30906E16693E00020BEA207E2415
:1064D000000F5D237E346E232D327A71827A6183C0
:1064E000E0906E0E0BEA207E3400012D321BEA3064
:1064F0007E346E1A2D327A71827A6183F074049040
:106500006E16693E00020BEA201E341E2450034E14
:1065100060801478F4793E00021BEA20906E1669C0
:106520003E00020BEA20BE180000280E906E0E0BF3
:10653000EA207E340008BD23488A6D33906DFA1B33
:10654000EA308073906DFA0BEA207E346E1A2D3299
:106550007A71827A6183E0906E34F0906DFA0BEA82
:1065600030906E0E0BEA209D237E346E192D327A08
:1065700071827A6183E0906DFA0BEA207E346E1AA4
:106580002D327A71827A6183F0906E34E0906DFAE8
:106590000BEA30906E0E0BEA209D237E346E192D8F
:1065A000327A71827A6183F0906DFA0BEA207E3440
:1065B00000012D321BEA30906E0E0BEA307E240073
:1065C000029AFDC8267D23906DFA0BEA30BD325841
:1065D000030265446D33906DFA1BEA30805C906D68
:1065E000FA0BEA207E346E1A2D327A71827A618338
:1065F000E0906DF6693E00020BEA207A1BB0906DC8
:10660000F6693E00020BEA200B34906DF6793E00ED
:10661000021BEA20906DF2691E00020BEA007E1850
:1066200000012F10793E00021BEA20906DFA0BEA60
:10663000207E3400012D321BEA30906E0E0BEA20D2
:10664000906DFA0BEA30BD3258217E180001906D32
:10665000E6691E00020BEA009F01906DF2693E00A0
:10666000020BEA20BF1050030265DE8047906DEAFE
:10667000693E00020BEA207E1B30906DF6693E00F9
:10668000020BEA207A1B30906DF6693E00020BEA9D
:10669000200B34906DF6793E00021BEA20906DF2DB
:1066A000691E00020BEA007E1800012F10793E00DF
:1066B000021BEA20906DEA693E00020BEA200B34CF
:1066C000793E00021BEA20906DEA693E00020BEA67
:1066D000207E1BB0BEB00068217E180001906DE6E0
:1066E000691E00020BEA009F01906DF2693E0002F4
:1066F0000BEA20BF1050030260A6E4906DF6693EDD
:1067000000020BEA207A1BB0906DF2693E00020B8A
:10671000EA20AA906D011BEA20793E0002906CFDF0
:106720001BEA00791E00029F11906D05793E000260
:106730001BEA207E346CFD7E240001906D09793EB9
:1067400000021BEA20027020906D01693E00020BDE
:10675000EA207E1BB0906D0DF0906D0DE0BEB0256F
:106760006803026FC9906D01693E00020BEA200BBD
:1067700034793E00021BEA207E1BB024DBBEB054FD
:10678000400302700D7EA003A490678D73026F8E8C
:1067900002700D02700D02700D02700D02700D027C
:1067A000700D02700D02700D02700D02700D0270FE
:1067B0000D02700D02700D02700D02700D02700D51
:1067C00002700D02700D02700D02700D02700D024C
:1067D000700D02700D02700D02700D02700D0270CE
:1067E0000D02700D02700D02700D02700D02700D21
:1067F0000269DE02700D02700D02700D02700D0252
:10680000700D02700D02700D02700D02700D02709D
:106810000D02700D02700D02700D02700D02700DF0
:1068200002700D02700D026D9402700D02700D0267
:10683000700D02700D02700D02700D02700D02706D
:106840000D02700D02700D02688C0268F202700D6C
:106850000269DE02700D02700D0268F202700D0214
:10686000700D02700D02700D02700D026CDC026E74
:10687000E802700D02700D026E4C02700D026C2465
:1068800002700D02700D026D9402700D906D096919
:106890003E00020BEA201B36793E00021BEA2090E4
:1068A0006D09693E00020BEA20695100020B1A4093
:1068B000906D0EF0906D0EE0906CFD693E00020B45
:1068C000EA207A1BB0906CFD693E00020BEA200BB7
:1068D00034793E00021BEA20906D05691E00020B10
:1068E000EA007E1800012F10793E00021BEA200208
:1068F000700D906D09693E00020BEA201B36793E4F
:1069000000021BEA20906D09691E00020BEA006973
:106910003000020B0A20906D2F793E00021BEA2006
:10692000740A9075D2F0906D2F693E00020BEA2038
:106930007E146D0E7E0400017401125D96906D331D
:10694000F0906D2F693E00020BEA20BE180000583F
:10695000237EA02D906D33E00A2B7E346D0E2D32F8
:106960007A71827A61837AEBA0906D337EEBA074AA
:10697000012CBAF07E146D0E7E040001906D33E0A0
:106980000A3B6D22125F31906D33E00A3BCA397EBB
:10699000346D0E7E240001906CFD691E00020BEA2E
:1069A000009AFCFFCC1BFD906D33E00A1B906CFD40
:1069B000693E00020BEA202D31793E00021BEA20DD
:1069C000906D33E00A1B6D00906D05693E00020B6F
:1069D000EA202F10793E00021BEA2002700D906D14
:1069E00009693E00020BEA201B36793E00021BEAD1
:1069F00020906D09691E00020BEA00693000020B4D
:106A00000A20906D2F793E00021BEA20740A9075CF
:106A1000D2F0906D2F693E00020BEA209AFDC19CD6
:106A20007E146D0E7E0400017401125D96906D332C
:106A3000F0906D2F691E00020BEA009F119AFDC1B4
:106A40000B28237EA02D906D33E00A2B7E346D0E33
:106A50002D327A71827A61837AEBA0906D337EEB6E
:106A6000A074012CBAF07E146D0E7E040001906DAE
:106A700033E00A3B6D22125F31906D33E00A3BCA6E
:106A8000397E346D0E7E240001906CFD691E00027B
:106A90000BEA009AFCFFCC1BFD906D33E00A1B90C3
:106AA0006CFD693E00020BEA202D31793E00021B8D
:106AB000EA20906D33E00A1B6D00906D05693E0081
:106AC000020BEA202F10793E00021BEA20906D2F66
:106AD000693E00020BEA209AFDC19C7CB49AFDC17C
:106AE0005F7F01906D2F693E00020BEA209AFDBF87
:106AF0002F7E1424007E0449749AFDBFEA906D2F06
:106B0000793E00021BEA20906D2F693E00020BEADD
:106B1000204D236827740A9075D2F0906D2F693E3E
:106B200000020BEA209AFDC19C7E146D0E7E0400CB
:106B3000017401125D96906D33F0802A7430906D6F
:106B400013F07430906D12F07430906D11F0743059
:106B5000906D10F07430906D0FF07430906D0EF0F9
:106B60007406906D33F080237EA030906D33E00A80
:106B70002B7E346D0E2D327A71827A61837AEBA08E
:106B8000906D337EEBA074012CBAF0906D337EEBE8
:106B9000A07406BCAB40D17EA02E906D33E00A2BD2
:106BA0007E346D0E2D327A71827A61837AEBA090F9
:106BB0006D337EEBA074012CBAF07E146D0E7E0452
:106BC0000001906D33E00A3B6D22125F31906D330E
:106BD000E00A3BCA397E346D0E7E240001906CFDC4
:106BE000691E00020BEA009AFCFFCC1BFD906D337E
:106BF000E00A1B906CFD693E00020BEA202D317902
:106C00003E00021BEA20906D33E00A1B6D00906D80
:106C100005693E00020BEA202F10793E00021BEAB4
:106C20002002700D906D09693E00020BEA201B36B0
:106C3000793E00021BEA20906D09691E00020BEAF2
:106C400000693000020B0A20906D2F793E00021B74
:106C5000EA20740A9075D2F0906D2F693E00020B05
:106C6000EA207E146D0E7E040001E4125D96906DA4
:106C700033F07E146D0E7E040001906D33E00A3B0C
:106C80006D22125F31906D33E00A3BCA397E346D5C
:106C90000E7E240001906CFD691E00020BEA009A32
:106CA000FCFFCC1BFD906D33E00A1B906CFD693E30
:106CB00000020BEA202D31793E00021BEA20906D84
:106CC00033E00A1B6D00906D05693E00020BEA205F
:106CD0002F10793E00021BEA2002700D906D0969A9
:106CE0003E00020BEA201B36793E00021BEA209090
:106CF0006D09691E00020BEA00693000020B0A20D0
:106D0000906D2F793E00021BEA2074089075D2F036
:106D1000906D2F693E00020BEA207E146D0E7E04FA
:106D20000001E4125D96906D33F07E146D0E7E04CA
:106D30000001906D33E00A3B6D22125F31906D339C
:106D4000E00A3BCA397E346D0E7E240001906CFD52
:106D5000691E00020BEA009AFCFFCC1BFD906D330C
:106D6000E00A1B906CFD693E00020BEA202D317990
:106D70003E00021BEA20906D33E00A1B6D00906D0F
:106D800005693E00020BEA202F10793E00021BEA43
:106D90002002700D906D09693E00020BEA201B363F
:106DA000793E00021BEA20906D09691E00020BEA81
:106DB00000693000020B0A20906D2F793E00021B03
:106DC000EA2074109075D2F0906D2F693E00020B8E
:106DD000EA207E146D0E7E040001E4125D96906D33
:106DE00033F07E146D0E7E040001906D33E00A3B9B
:106DF0006D22125F31906D33E00A3BCA397E346DEB
:106E00000E7E240001906CFD691E00020BEA009AC0
:106E1000FCFFCC1BFD906D33E00A1B906CFD693EBE
:106E200000020BEA202D31793E00021BEA20906D12
:106E300033E00A1B6D00906D05693E00020BEA20ED
:106E40002F10793E00021BEA2002700D906D096937
:106E50003E00020BEA201B36793E00021BEA20901E
:106E60006D09691E00020BEA00693000020B0A205E
:106E7000906D0E793E00021BEA208057906D0E69DE
:106E80003E00020BEA207E1B30906CFD693E000242
:106E90000BEA207A1B30906CFD693E00020BEA2061
:106EA0000B34793E00021BEA20906D05691E00023A
:106EB0000BEA007E1800012F10793E00021BEA2029
:106EC000906D0E693E00020BEA200B34793E000201
:106ED0001BEA20906D0E693E00020BEA207E1BB07B
:106EE000BEB000789702700D906D09693E00020BEC
:106EF000EA201B36793E00021BEA20906D09691ECC
:106F000000020BEA00693000020B0A20906D2F7915
:106F10003E00021BEA2074109075D2F0906D2F692C
:106F20003E00020BEA207E146D0E7E040001E41286
:106F30005D967E146D0E7E0400017E180008125FBF
:106F4000317E340008CA397E346D0E7E24000190F3
:106F50006CFD691E00020BEA009AFCFFCC1BFD9041
:106F60006CFD693E00020BEA202E340008793E00D9
:106F7000021BEA207E080008906D05693E00020BA6
:106F8000EA202F10793E00021BEA2002700D7425C2
:106F9000906CFD693E00020BEA207A1BB0906CFDFC
:106FA000693E00020BEA200B34793E00021BEA2006
:106FB000906D05691E00020BEA007E1800012F107B
:106FC000793E00021BEA208044906D01693E000278
:106FD0000BEA207E1B30906CFD693E00020BEA201C
:106FE0007A1B30906CFD693E00020BEA200B34796D
:106FF0003E00021BEA20906D05691E00020BEA00AC
:107000007E1800012F10793E00021BEA20906D01CE
:10701000693E00020BEA200B34793E00021BEA2095
:10702000906D01693E00020BEA207E1BB0BEB000ED
:107030006803026748906D05693E00020BEA20AACA
:10704000906E371BEA00791E0002906E351BEA3005
:107050007E34443D7E2400FE7E146E437E04000197
:1070600074409AFDC8FB6D33906E831BEA306D331C
:10707000906E851BEA30906E37691E00020BEA00A5
:107080006D337E240080BF0150030272E90272D585
:10709000906E3F693E00020BEA20BE1800402806B1
:1070A0007E340040800A906E3F693E00020BEA2069
:1070B000906E831BEA30906E830BEA30CA39906E73
:1070C00037693E00020BEA207E146E437E04000105
:1070D0009AFCFFCC1BFD906E830BEA106D00906E46
:1070E0003F693E00020BEA209F10793E00021BEA36
:1070F00020906E830BEA10906E37693E00020BEA17
:10710000202D31793E00021BEA20906E830BEA00AD
:107110007E1400019D017E1400FF5D10906E350B02
:10712000EA301A261A242F112F117E5445297E4445
:1071300000FE2F21693200020B2A207A1B30906E4C
:10714000830BEA207E3400019D237E34FF005D32F4
:107150007D130A12906E350BEA301A261A242F116D
:107160002F117E5444BD7E4400FE2F21693200025F
:107170000B2A207A1B307E346E437D130A12906EE8
:10718000350BEA301A261A242F112F117E5444D5BC
:107190007E4400FE2F21693200020B2A207A1B3028
:1071A0007E146E43906E350BEA301A261A242F1186
:1071B0002F117E5444ED7E4400FE2F2169320002DF
:1071C0000B2A207A1B30906E850BEA10906E3B697B
:1071D0003E00020BEA202D317D130A12906E350B12
:1071E000EA301A261A242F112F117E5444D57E44DA
:1071F00000FE2F21693200020B2A207A1B30906E8C
:10720000850BEA10906E3B693E00020BEA202D319F
:107210007D13906E350BEA301A261A242F112F1188
:107220007E5444ED7E4400FE2F21693200020B2A79
:10723000207A1B307440906E350BEA301A261A24DF
:107240002F112F117E14451D7E0400FE2F01693081
:1072500000020B0A207A1BB074C1906E350BEA3025
:107260001A261A242F112F117E1444257E0400FEA5
:107270002F01693000020B0A207A1BB0906E350B8B
:10728000EA301A261A242F112F117E1445357E0458
:1072900000FE2F01693000020B0A207E1BB030E097
:1072A000DBE4906E350BEA301A261A242F112F11C9
:1072B0007E1445357E0400FE2F01693000020B0A62
:1072C000207A1BB0906E830BEA20906E850BEA301B
:1072D0002D321BEA30906E3F693E00020BEA204DD2
:1072E0002368030270900274AF906E3F693E000203
:1072F0000BEA207D037E1400019D017E1400FF5DDA
:10730000106D00906E350BEA301A261A242F112FBB
:10731000117E5445297E4400FE2F21693200020B64
:107320002A207A1B30906E3F693E00020BEA207DD6
:10733000237E3400019D237E34FF005D326D227C6C
:1073400036906E350BEA301A261A242F112F117E33
:107350005444BD7E4400FE2F21693200020B2A20D6
:107360007A1B30906E37693E00020BEA207D130ACB
:1073700012906E350BEA301A261A242F112F117E27
:107380005444D57E4400FE2F21693200020B2A208E
:107390007A1B30906E37693E00020BEA207D139015
:1073A0006E350BEA301A261A242F112F117E544401
:1073B000ED7E4400FE2F21693200020B2A207A1B49
:1073C00030906E3B693E00020BEA207D130A12905A
:1073D0006E350BEA301A261A242F112F117E5444D1
:1073E000C97E4400FE2F21693200020B2A207A1B3D
:1073F00030906E3B693E00020BEA207D13906E35A3
:107400000BEA301A261A242F112F117E5444E17EE4
:107410004400FE2F21693200020B2A207A1B3074AF
:1074200060906E350BEA301A261A242F112F117E28
:1074300014451D7E0400FE2F01693000020B0A2056
:107440007A1BB074C1906E350BEA301A261A242FBD
:10745000112F117E1444257E0400FE2F0169300097
:10746000020B0A207A1BB0906E350BEA301A261AEE
:10747000242F112F117E1445357E0400FE2F016943
:107480003000020B0A207E1BB030E0DBE4906E354A
:107490000BEA301A261A242F112F117E1445357E3F
:1074A0000400FE2F01693000020B0A207A1BB0AAEB
:1074B000906E891BEA00791E0002906E871BEA30ED
:1074C0007E34447D7E2400FE7E146E917E04000195
:1074D00074409AFDC8FB6D33906ED11BEA30906EFC
:1074E00089691E00020BEA006D337E240080BF0113
:1074F00050030276D20276BE906E8D693E00020B7A
:10750000EA20BE18004028067E340040800A906EB3
:107510008D693E00020BEA20906ED11BEA30906E1E
:10752000D10BEA30CA39906E89693E00020BEA201D
:107530007E146E917E0400019AFCFFCC1BFD906EC0
:10754000D10BEA106D00906E8D693E00020BEA20AF
:107550009F10793E00021BEA20906ED10BEA10903A
:107560006E89693E00020BEA202D31793E00021B34
:10757000EA20906ED10BEA007E1400019D017E147A
:1075800000FF5D10906E870BEA301A261A242F1127
:107590002F117E5445297E4400FE2F2169320002BE
:1075A0000B2A207A1B30906ED10BEA207E3400012A
:1075B0009D237E34FF005D327D130A12906E870B8F
:1075C000EA301A261A242F112F117E5444BD7E440E
:1075D00000FE2F21693200020B2A207A1B307E34F4
:1075E0006E917D130A12906E870BEA301A261A24C8
:1075F0002F112F117E5444D57E4400FE2F21693275
:1076000000020B2A207A1B307E146E91906E870B3D
:10761000EA301A261A242F112F117E5444ED7E448D
:1076200000FE2F21693200020B2A207A1B307440A1
:10763000906E870BEA301A261A242F112F117E1410
:10764000451D7E0400FE2F01693000020B0A207ADE
:107650001BB074C1906E870BEA301A261A242F11C2
:107660002F117E1444257E0400FE2F016930000294
:107670000B0A207A1BB0906E870BEA301A261A2468
:107680002F112F117E1445357E0400FE2F01693025
:1076900000020B0A207E1BB030E0DBE4906E870B0B
:1076A000EA301A261A242F112F117E1445357E0434
:1076B00000FE2F01693000020B0A207A1BB0906E89
:1076C0008D693E00020BEA204D2368030274F80224
:1076D000783A906E8D693E00020BEA207D037E149D
:1076E00000019D017E1400FF5D106D00906E870B00
:1076F000EA301A261A242F112F117E5445297E4470
:1077000000FE2F21693200020B2A207A1B30906E76
:107710008D693E00020BEA207D237E3400019D230B
:107720007E34FF005D326D227C36906E870BEA302E
:107730001A261A242F112F117E5444BD7E4400FEB8
:107740002F21693200020B2A207A1B30906E896942
:107750003E00020BEA207D130A12906E870BEA307E
:107760001A261A242F112F117E5444D57E4400FE70
:107770002F21693200020B2A207A1B30906E896912
:107780003E00020BEA207D13906E870BEA301A262A
:107790001A242F112F117E5444ED7E4400FE2F2118
:1077A000693200020B2A207A1B307440906E870BDE
:1077B000EA301A261A242F112F117E14451D7E043B
:1077C00000FE2F01693000020B0A207A1BB074C141
:1077D000906E870BEA301A261A242F112F117E146F
:1077E00044257E0400FE2F01693000020B0A207A36
:1077F0001BB0906E870BEA301A261A242F112F1116
:107800007E1445357E0400FE2F01693000020B0A0C
:10781000207E1BB030E0DBE4906E870BEA301A2646
:107820001A242F112F117E1445357E0400FE2F01DE
:10783000693000020B0A207A1BB0AA907A011BEA79
:1078400000791E00029079FF1BEA30907A05693EAC
:1078500000020BEA207D037E1400019D017E1400CE
:10786000FF5D106D009079FF0BEA301A261A242F65
:10787000112F117E5445297E4400FE2F21693200CC
:10788000020B2A207A1B30907A05693E00020BEA2F
:10789000207D237E3400019D237E34FF005D326D08
:1078A000227C369079FF0BEA301A261A242F112FEA
:1078B000117E5444BD7E4400FE2F21693200020B2C
:1078C0002A207A1B30907A01693E00020BEA207D63
:1078D000130A129079FF0BEA301A261A242F112F5F
:1078E000117E5444C97E4400FE2F21693200020BF0
:1078F0002A207A1B30907A01693E00020BEA207D33
:10790000139079FF0BEA301A261A242F112F117EBB
:107910005444E17E4400FE2F21693200020B2A20EC
:107920007A1B3074209079FF0BEA301A261A242F24
:10793000112F117E14451D7E0400FE2F01693000B9
:10794000020B0A207A1BB074C19079FF0BEA301A3F
:10795000261A242F112F117E1444257E0400FE2F99
:1079600001693000020B0A207A1BB09079FF0BEA04
:10797000301A261A242F112F117E1445357E04004B
:10798000FE2F01693000020B0A207E1BB030E0DBC5
:10799000E49079FF0BEA301A261A242F112F117E5A
:1079A0001445357E0400FE2F01693000020B0A20C9
:1079B0007A1BB0AA907ED0F0907ECE1BEA307E1863
:1079C0000001906E8D793E00021BEA20907ECE0B66
:1079D000EA307E147ED07E0400019AFC74B0AA9036
:1079E0007A0B1BEA00791E0002907A091BEA30909C
:1079F0007A0F693E00020BEA20906E8D793E0002FC
:107A00001BEA20907A090BEA30907A0B691E00027B
:107A10000BEA009AFC74B0AA907E391BEA20907E93
:107A2000371BEA307E180002906E8D793E00021BF3
:107A3000EA20907E370BEA307E147E397E04000106
:107A40009AFC74B0AA907A151BEA00791E00029085
:107A50007A131BEA30907A19693E00020BEA202F54
:107A600011906E8D793E00021BEA20907A130BEA8A
:107A700030907A15691E00020BEA009AFC74B0AAD5
:107A8000907E3E7AEB50907E3DF0907E3B1BEA303C
:107A90007E180001906E8D793E00021BEA20907ED8
:107AA0003B0BEA307E147E3D7E0400019AFC74B0EC
:107AB0007E180001906E8D793E00021BEA20907EB8
:107AC0003B0BEA307E147E3E7E0400019AFC74B0CB
:107AD000AA90798B1BEA00791E000290798AF090B7
:107AE00079881BEA307E180001906E8D793E000285
:107AF0001BEA209079880BEA307E14798A7E040094
:107B0000019AFC74B090798F693E00020BEA2090D4
:107B10006E8D793E00021BEA209079880BEA309046
:107B2000798B691E00020BEA009AFC74B0AA907C63
:107B3000CE1BEA10907CCC1BEA20907CCA1BEA305A
:107B40007E180002906E8D793E00021BEA20907C28
:107B5000CA0BEA307E147CCC7E0400019AFC74B01F
:107B60007E180002906E8D793E00021BEA20907C08
:107B7000CA0BEA307E147CCE7E0400019AFC74B0FD
:107B8000AA9078901BEA00791E000290788E1BEA7A
:107B90002090788C1BEA307E180002906E8D793E22
:107BA00000021BEA2090788C0BEA307E14788E7EDF
:107BB0000400019AFC74B0907894693E00020BEACC
:107BC000202F11906E8D793E00021BEA2090788C58
:107BD0000BEA30907890691E00020BEA009AFC7460
:107BE000B0AA907ED11BEA30E4907ED3F07E1800DC
:107BF00001907A05793E00021BEA20907ED10BEAC3
:107C0000307E147ED37E0400019AFC783B907ED3B4
:107C1000E0AA907A1F1BEA00791E0002907A1D1BD1
:107C2000EA30907A23693E00020BEA20907A0579C7
:107C30003E00021BEA20907A1D0BEA30907A1F6901
:107C40001E00020BEA009AFC783BAA907E3F1BEADA
:107C5000307E180002907A05793E00021BEA2090DF
:107C60007E3F0BEA307E147E417E0400019AFC7850
:107C70003B907E410BEA30AA907A291BEA00791EDC
:107C80000002907A271BEA30907A2D693E00020BA1
:107C9000EA202F11907A05793E00021BEA20907AA3
:107CA000270BEA30907A29691E00020BEA009AFC41
:107CB000783BAA907E45F0907E431BEA30E4907EAC
:107CC00046F07E180001906E8D793E00021BEA207E
:107CD000907E430BEA307E147E457E0400019AFCC0
:107CE00074B07E180001907A05793E00021BEA20EC
:107CF000907E430BEA307E147E467E0400019AFC9F
:107D0000783B907E46E0AA9079961BEA00791E00A7
:107D100002907995F09079931BEA307E18000190DB
:107D20006E8D793E00021BEA209079930BEA307E3B
:107D30001479957E0400019AFC74B090799A693E9A
:107D400000020BEA20907A05793E00021BEA20909F
:107D500079930BEA30907996691E00020BEA009A3B
:107D6000FC783BAA907CD21BEA20907CD01BEA30A6
:107D70007E180002906E8D793E00021BEA20907CF6
:107D8000D00BEA307E147CD27E0400019AFC74B0E1
:107D90007E180002907A05793E00021BEA20907C52
:107DA000D00BEA307E147CD47E0400019AFC783B30
:107DB000907CD40BEA30AA90789C1BEA00791E00D4
:107DC0000290789A1BEA209078981BEA307E18007F
:107DD00002906E8D793E00021BEA209078980BEAA3
:107DE000307E14789A7E0400019AFC74B09078A0DA
:107DF000693E00020BEA20907A05793E00021BEAF8
:107E0000209078980BEA3090789C691E00020BEA6B
:107E1000009AFC783BAA9077AE1BEA00791E00021C
:107E20009077AC1BEA309077B2693E00020BEA20F3
:107E3000906E3B793E00021BEA209077B6693E00C7
:107E4000020BEA20906E3F793E00021BEA209077F9
:107E5000AC0BEA309077AE691E00020BEA009AFC88
:107E60007040AA9077BC1BEA00791E00029077BA96
:107E70001BEA309077C0693E00020BEA20906E3B0F
:107E8000793E00021BEA209077C4693E00020BEAAB
:107E9000202F11906E3F793E00021BEA209077BAA6
:107EA0000BEA309077BC691E00020BEA009AFC7066
:107EB00040AA9076311BEA00791E000290762F1BB3
:107EC000EA2090762D1BEA309F1190763D793E0096
:107ED000021BEA209076370BEA307E24FF005D23F8
:107EE0009076350BEA107E34FF005D31BD326811AB
:107EF000E47E1443FB7E0400FE7E3402519AFE258C
:107F0000E49076350BEA207E3400FF5D327E24005B
:107F10000174017E1400109AFD29C79076370BEA90
:107F2000207E3400FF5D327E24000174017E140047
:107F3000109AFD29C79076390BEA207E34FFFFBDE9
:107F40002368189076390BEA207E3400FF5D326D8D
:107F50002274017E1400039AFD29C790763B0BEA38
:107F6000207E34FFFFBD23681990763B0BEA207E0C
:107F70003400FF5D327E240001E47E1400109AFD7F
:107F800029C7907631693E00020BEA20BE18968020
:107F900040649076350BEA207E3400FF5D326D221E
:107FA0009AFD22CD9076370BEA207E3400FF5D32B9
:107FB0006D229AFD22CD9076390BEA207E34FFFFA8
:107FC000BD2368129076390BEA207E3400FF5D32C3
:107FD0006D229AFD22CD90763B0BEA207E34FFFF86
:107FE000BD23681290763B0BEA207E3400FF5D32A1
:107FF0006D229AFD22CD90762D0BEA301B346874E9
:108000001B3478030281A50B3568030282B153A2A9
:10801000F39076350BEA307D231A247E3400035D1D
:10802000321B3468141B3468151B3468162E340058
:10803000037813E5A2F5A2800D43A204800843A2B1
:1080400008800343A20CE4F5CE43CE9043CE0390C8
:10805000762F0BEA301B35680D1B34680E0B357814
:108060000D43CE04800843CE08800343CE0C43CE9C
:10807000400282B174FC7E14FD6C7E04007E7E0B97
:10808000705C7B7A0B709076350BEA307D231A2476
:108090007E3400035D321B34681E1B34682E1B3493
:1080A000683E2E340003784A7E14FD6C7E04007E08
:1080B0007E0B707A0B70803A74017E14FD6C7E0426
:1080C000007E7E0B704C7B7A0B70802674027E14CF
:1080D000FD6C7E04007E7E0B704C7B7A0B708012F0
:1080E00074037E14FD6C7E04007E7E0B704C7B7AE4
:1080F0000B70E47E34F8007E24007E7A1BB074900E
:108100007E14F8007E04007E7E0B704C7B7A0B7030
:10811000907631691E00020BEA00907DF3693E0003
:10812000020BEA209AFDC87490763D793E00021B4E
:10813000EA2074037E14F8007E04007E7E0B704CEF
:108140007B7A0B7090762F0BEA301B35681C1B3442
:10815000682C0B35783A74047E14F8007E04007E97
:108160007E0B704C7B7A0B70802674087E14F800AE
:108170007E04007E7E0B704C7B7A0B708012740C38
:108180007E14F8007E04007E7E0B704C7B7A0B70B0
:1081900074407E14F8007E04007E7E0B704C7B7A67
:1081A0000B700282B174F37E14FD6C7E04007E7E3F
:1081B0000B705C7B7A0B709076350BEA307D231A5E
:1081C000247E3400035D321B34681E1B34682E1B72
:1081D00034683E2E340003784A7E14FD6C7E040021
:1081E0007E7E0B707A0B70803A74047E14FD6C7E78
:1081F00004007E7E0B704C7B7A0B70802674087EA8
:1082000014FD6C7E04007E7E0B704C7B7A0B7080BC
:1082100012740C7E14FD6C7E04007E7E0B704C7B11
:108220007A0B70E47E34F8207E24007E7A1BB074D2
:10823000907E14F8207E04007E7E0B704C7B7A0BBF
:108240007074037E14F8207E04007E7E0B704C7BDD
:108250007A0B7090762F0BEA301B35681C1B346844
:108260002C0B35783A74047E14F8207E04007E7E50
:108270000B704C7B7A0B70802674087E14F8207E7D
:1082800004007E7E0B704C7B7A0B708012740C7E27
:1082900014F8207E04007E7E0B704C7B7A0B707489
:1082A000407E14F8207E04007E7E0B704C7B7A0B9F
:1082B00070E490762D0BEA301A261A242F112F1114
:1082C0007E1444317E0400FE2F01693000020B0A47
:1082D000207A1BB0741090762D0BEA301A261A24DF
:1082E0002F112F117E1445117E0400FE2F016930DD
:1082F00000020B0A207A1BB0907631691E00020B37
:10830000EA00907DF3693E00020BEA209AFDC874F2
:108310004D0178046DFF80047EF400017D3F1A3624
:108320001AE6907631691E00020BEA00907DF3692F
:108330003E00020BEA209AFDC8742F1790763D7913
:108340003E00021BEA2090763D693E00020BEA20C7
:10835000BE1800FF280E7E1800FF90763D793E0083
:10836000021BEA2090763D691E00020BEA0090761F
:108370002D0BEA301A261A242F112F117E54454155
:108380007E4400FE2F21693200020B2A207A1B3026
:10839000E490762D0BEA301A261A242F112F117E25
:1083A0001445357E0400FE2F01693000020B0A20BF
:1083B0007A1BB0E490762D0BEA301A261A242F117E
:1083C0002F117E14451D7E0400FE2F01693000022E
:1083D0000B0A207A1BB0E490762D0BEA301A261A8D
:1083E000242F112F117E1444F97E0400FE2F016901
:1083F0003000020B0A207A1BB0E490762D0BEA3095
:108400001A261A242F112F117E1445057E0400FE12
:108410002F01693000020B0A207A1BB074C19076DC
:108420002D0BEA301A261A242F112F117E14442501
:108430007E0400FE2F01693000020B0A207A1BB077
:10844000AA907ED6F0907ED41BEA30907ED40BEAC0
:10845000301B3468191B3468410B35786974C0F5DA
:10846000CD907ED6E0F5CFE5CD30E7FB806974C0D6
:108470007E34F8017E24007E7A1BB0907ED6E07EAA
:1084800034F8027E24007E7A1BB07E34F8017E240C
:10849000007E7E1BB030E7F2803D74C07E34F82150
:1084A0007E24007E7A1BB0907ED6E07E34F8227E59
:1084B00024007E7A1BB07E34F8217E24007E7E1B51
:1084C000B030E7F28011E47E1443FB7E0400FE7EB0
:1084D0003402F79AFE25E4AA907E49F0907E471B6D
:1084E000EA3074FF907E4AF0907E470BEA301B34EE
:1084F00068231B34685A0B35680302858B74C0F5FA
:10850000CD907E49E0F5CFE5CD30E7FBE5CF907E1D
:108510004AF002859C74C07E34F8017E24007E7A85
:108520001BB0907E49E07E34F8027E24007E7A1BE8
:10853000B07E34F8017E24007E7E1BB030E7F27EF0
:1085400034F8027E24007E7E1BB0907E4AF0804C80
:1085500074C07E34F8217E24007E7A1BB0907E4960
:10856000E07E34F8227E24007E7A1BB07E34F8212F
:108570007E24007E7E1BB030E7F27E34F8227E241B
:10858000007E7E1BB0907E4AF08011E47E1443FB97
:108590007E0400FE7E3403159AFE25E4907E4AE0B8
:1085A000AA907ED9F0907ED71BEA30907ED70BEA56
:1085B00030907ED9E09AFC8441AA907A331BEA007D
:1085C000791E0002907A311BEA308020907A310BBC
:1085D000EA30907A33691E00020BEA007E0BB00B82
:1085E00014791E00021BEA009AFC8441907A3769D4
:1085F0003E00020BEA207E2800017F019F02791EC7
:1086000000021BEA004D2378C3AA907E4D1BEA208E
:10861000907E4B1BEA30907E4B0BEA30907E4D0BE8
:10862000EA107E24FF005D217D520A5A9AFC8441A3
:10863000907E4B0BEA30907E4D0BEA207E5400FF7B
:108640005D529AFC8441AA907A3D1BEA00791E0093
:1086500002907A3B1BEA308047907A3B0BEA3090DD
:108660007A3D691E00020BEA000B0A107E24FF000F
:108670005D217D520A5A9AFC8441907A3B0BEA3084
:10868000907A3D691E00020BEA000B0A200B157957
:108690001E00021BEA007E5400FF5D529AFC8441DA
:1086A000907A41693E00020BEA207E2800017F019A
:1086B0009F02791E00021BEA004D23789CAA907E3F
:1086C000527AEB50907E51F0907E4F1BEA30907EB4
:1086D0004F0BEA30907E51E09AFC8441907E4F0B24
:1086E000EA30907E52E09AFC8441AA9079A11BEA7C
:1086F00000791E00029079A0F090799E1BEA3090DC
:10870000799E0BEA309079A0E09AFC844180209019
:10871000799E0BEA309079A1691E00020BEA007E77
:108720000BB00B14791E00021BEA009AFC844190E6
:1087300079A5693E00020BEA207E2800017F019F97
:1087400002791E00021BEA004D2378C3AA907CDA4E
:108750001BEA10907CD81BEA20907CD61BEA309054
:108760007CD60BEA30907CD80BEA107E24FF005DAB
:10877000217D520A5A9AFC8441907CD60BEA3090B3
:108780007CD80BEA207E5400FF5D529AFC84419015
:108790007CD60BEA30907CDA0BEA107E24FF005D79
:1087A000217D520A5A9AFC8441907CD60BEA309083
:1087B0007CDA0BEA207E5400FF5D529AFC8441AAC9
:1087C0009078A81BEA00791E00029078A61BEA2088
:1087D0009078A41BEA309078A40BEA309078A60B2E
:1087E000EA107E24FF005D217D520A5A9AFC8441E2
:1087F0009078A40BEA309078A60BEA207E5400FF14
:108800005D529AFC84419078A40BEA309078A86974
:108810001E00020BEA000B0A107E24FF005D217D82
:10882000520A5A9AFC84419078A40BEA309078A8B6
:10883000691E00020BEA000B0A200B15791E0002CC
:108840001BEA007E5400FF5D529AFC8441AA907F8F
:10885000081BEA30907F080BEA30E49AFC84D8AA1F
:10886000907A471BEA00791E0002907A451BEA3095
:10887000802E907A450BEA30E49AFC84D8907A47AF
:10888000693E00020BEA207A1BB0907A47693E00ED
:10889000020BEA200B34907A47793E00021BEA2053
:1088A000907A4B693E00020BEA207E2800017F018E
:1088B0009F02791E00021BEA004D2378B5AA907E24
:1088C000531BEA306D33907E551BEA30907E530B7C
:1088D000EA30E49AFC84D80A3B907E551BEA30903B
:1088E0007E530BEA30E49AFC84D80A2B907E550B19
:1088F000EA307C676C774D32907E551BEA30907E73
:10890000550BEA30AA907A511BEA00791E000290BA
:108910007A4F1BEA30805A907A4F0BEA30E49AFC87
:1089200084D80A1B907A51693E00020BEA201B1A78
:1089300010907A4F0BEA30E49AFC84D80A0B907AB4
:1089400051693E00020BEA200B1A107C236C334D58
:1089500010907A51693E00020BEA201B1A10907A9F
:1089600051693E00020BEA200B35793E00021BEAFA
:1089700020907A55693E00020BEA207E2800017F94
:10898000019F02791E00021BEA004D237889AA90FC
:108990007EDCF0907EDA1BEA30907EDA0BEA3090D3
:1089A0007EDCE09AFC8441907EDA0BEA30E49AFCAB
:1089B00084D8AA9079AC1BEA00791E00029079ABAA
:1089C000F09079A91BEA309079A90BEA309079AB45
:1089D000E09AFC8441802E9079A90BEA30E49AFC5D
:1089E00084D89079AC693E00020BEA207A1BB090E3
:1089F00079AC693E00020BEA200B349079AC793EE9
:108A000000021BEA209079B0693E00020BEA207E4A
:108A10002800017F019F02791E00021BEA004D23FE
:108A200078B5AA907CDE1BEA20907CDC1BEA306DD6
:108A300033907CE01BEA30907CDC0BEA30907CDEEB
:108A40000BEA107E24FF005D217D520A5A9AFC84B5
:108A500041907CDC0BEA30907CDE0BEA207E5400F7
:108A6000FF5D529AFC8441907CDC0BEA30E49AFC76
:108A700084D80A3B907CE01BEA30907CDC0BEA3027
:108A8000E49AFC84D80A2B907CE00BEA307C676C7B
:108A9000774D32907CE01BEA30907CE00BEA30AA04
:108AA0009078B41BEA00791E00029078B21BEA208D
:108AB0009078B01BEA309078B00BEA309078B20B27
:108AC000EA107E24FF005D217D520A5A9AFC8441FF
:108AD0009078B00BEA309078B20BEA207E5400FF19
:108AE0005D529AFC8441805A9078B00BEA30E49A47
:108AF000FC84D80A1B9078B4693E00020BEA201B64
:108B00001A109078B00BEA30E49AFC84D80A0B90E3
:108B100078B4693E00020BEA200B1A107C236C33F8
:108B20004D109078B4693E00020BEA201B1A109099
:108B300078B4693E00020BEA200B35793E00021B37
:108B4000EA209078B8693E00020BEA207E280001F6
:108B50007F019F02791E00021BEA004D237889AA3B
:108B60009077CA1BEA00791E00029077C81BEA3092
:108B700080739077CE693E00020BEA204D23684552
:108B80009077C80BEA309077CA691E00020BEA00A2
:108B90007E0BB00B14791E00021BEA009AFC84D8ED
:108BA0009077CE693E00020BEA207A1BB09077CE18
:108BB000693E00020BEA200B349077CE793E00022A
:108BC0001BEA2080209077C80BEA309077CA691E94
:108BD00000020BEA007E0BB00B14791E00021BEAA8
:108BE000009AFC84419077D2693E00020BEA207E15
:108BF0002800017F019F02791E00021BEA004D231D
:108C00006803028B72AA9077D81BEA00791E0002D3
:108C10009077D61BEA30028CF99077DC693E00022F
:108C20000BEA204D237803028CA89077D60BEA300C
:108C30009077D8691E00020BEA000B0A107E24FF11
:108C4000005D217D520A5A9AFC84D80A1B9077DC79
:108C5000693E00020BEA201B1A109077D60BEA300F
:108C60009077D8691E00020BEA000B0A509AFC8428
:108C7000D80A0B9077DC693E00020BEA200B1A1031
:108C80007C236C334D109077DC693E00020BEA20A8
:108C90001B1A109077DC693E00020BEA200B357935
:108CA0003E00021BEA20803E9077D60BEA30907798
:108CB000D8691E00020BEA000B0A107E24FF005D3B
:108CC000217D520A5A9AFC84419077D60BEA309063
:108CD00077D8691E00020BEA000B0A207E5400FFC1
:108CE0005D529AFC84419077D8693E00020BEA20DD
:108CF0000B35793E00021BEA209077E0693E0002C6
:108D00000BEA207E2800017F019F02791E00021BD2
:108D1000EA004D236803028C19AA9076451BEA00ED
:108D2000791E00029076431BEA209076411BEA30C0
:108D30009F11907651793E00021BEA2090764B0BF2
:108D4000EA307E24FF005D239076490BEA107E34E2
:108D5000FF005D31BD326811E47E1443FB7E0400E8
:108D6000FE7E34046A9AFE25E49076490BEA207E62
:108D70003400FF5D327E24000174017E1400109ADD
:108D8000FD29C790764B0BEA207E3400FF5D327ED2
:108D900024000174017E1400109AFD29C790764DBD
:108DA0000BEA207E34FFFFBD23681690764D0BEA58
:108DB000207E3400FF5D326D2274016D119AFD2911
:108DC000C790764F0BEA207E34FFFFBD23681990D1
:108DD000764F0BEA207E3400FF5D327E240001E4F2
:108DE0007E1400109AFD29C7907645693E00020B5B
:108DF000EA20BE18968040649076490BEA207E34C3
:108E000000FF5D326D229AFD22CD90764B0BEA2059
:108E10007E3400FF5D326D229AFD22CD90764D0B9F
:108E2000EA207E34FFFFBD23681290764D0BEA20C6
:108E30007E3400FF5D326D229AFD22CD90764F0B7D
:108E4000EA207E34FFFFBD23681290764F0BEA20A4
:108E50007E3400FF5D326D229AFD22CD9076410B6B
:108E6000EA301B347803028F201B347803029063AE
:108E70000B3568030291A353A2F39076490BEA30B5
:108E80007D231A247E3400035D321B3468141B34A6
:108E900068151B3468162E3400037813E5A2F5A27A
:108EA000800D43A204800843A208800343A20CE47F
:108EB000F5CE43CE90907645691E00020BEA0090F5
:108EC0007DF3693E00020BEA209AFDC8749076514A
:108ED000793E00021BEA20907651693E00020BEABF
:108EE000201E341E2450034E60807E0800012F0196
:108EF0007E34FE907E24007E7A1B309076430BEA0F
:108F0000301B35680D1B34680E0B35780D43CE04CD
:108F1000800843CE08800343CE0C43CE400291A389
:108F200074FC7E14FD6C7E04007E7E0B705C7B7A8C
:108F30000B709076490BEA307D231A247E340003AF
:108F40005D321B34681E1B34682E1B34683E2E3481
:108F50000003784A7E14FD6C7E04007E7E0B707ADE
:108F60000B70803A74017E14FD6C7E04007E7E0BD3
:108F7000704C7B7A0B70802674027E14FD6C7E042C
:108F8000007E7E0B704C7B7A0B70801274037E1413
:108F9000FD6C7E04007E7E0B704C7B7A0B70E47E51
:108FA00034F8007E24007E7A1BB074907E14F800A2
:108FB0007E04007E7E0B704C7B7A0B709076456948
:108FC0001E00020BEA00907DF3693E00020BEA20CE
:108FD0009AFDC874907651793E00021BEA20907683
:108FE00051693E00020BEA201E341E2450034E60DD
:108FF000807E0800012F017E34F8087E24007E7AEE
:109000001B309076430BEA301B35681C1B34682CF0
:109010000B35783A74047E14F8007E04007E7E0BD3
:10902000704C7B7A0B70802674087E14F8007E04E6
:10903000007E7E0B704C7B7A0B708012740C7E1459
:10904000F8007E04007E7E0B704C7B7A0B707440BF
:109050007E14F8007E04007E7E0B704C7B7A0B70D1
:109060000291A374F37E14FD6C7E04007E7E0B706F
:109070005C7B7A0B709076490BEA307D231A247E54
:109080003400035D321B34681E1B34682E1B3468A9
:109090003E2E340003784A7E14FD6C7E04007E7EF2
:1090A0000B707A0B70803A74047E14FD6C7E0400A1
:1090B0007E7E0B704C7B7A0B70802674087E14FDCC
:1090C0006C7E04007E7E0B704C7B7A0B7080127479
:1090D0000C7E14FD6C7E04007E7E0B704C7B7A0B44
:1090E00070E47E34F8207E24007E7A1BB074907E7B
:1090F00014F8207E04007E7E0B704C7B7A0B7090FF
:109100007645691E00020BEA00907DF3693E00027D
:109110000BEA209AFDC874907651793E00021BEA52
:1091200020907651693E00020BEA201E341E245026
:10913000034E60807E0800012F017E34F8287E24D3
:10914000007E7A1B309076430BEA301B35681C1B7F
:1091500034682C0B35783A74047E14F8207E0400B1
:109160007E7E0B704C7B7A0B70802674087E14F820
:10917000207E04007E7E0B704C7B7A0B7080127414
:109180000C7E14F8207E04007E7E0B704C7B7A0BE4
:109190007074407E14F8207E04007E7E0B704C7B41
:1091A0007A0B70AA907B601BEA20793E0002907BCC
:1091B00060693E00020BEA20907B64793E00021B4E
:1091C000EA20907B64693E00020BEA207E280001C1
:1091D0007F019F02791E00021BEA004D2378E3AA5B
:1091E000907E2F1BEA00791E0002907E2F693E00C0
:1091F000020BEA204D23680474018001E47E1448C8
:10920000D97E0400FE7E3400439AFE25E4907E2F32
:10921000693E00020BEA200B1A3074019AFD2621E8
:10922000907E2F693E00020BEA200B350B1A30743A
:10923000019AFD2621907E2F691E00020BEA002E66
:10924000140005693000020B0A209AFC91A4907E5C
:109250002F693E00020BEA200B350B1A30E49AFD11
:109260002621907E2F691E00020BEA002E140005B5
:10927000693000020B0A209AFC91A4907E2F693E6F
:1092800000020BEA200B1A30E49AFD2621AA907EF8
:10929000331BEA00791E0002907E33693E00020B08
:1092A000EA204D23680474018001E47E1448D97ECD
:1092B0000400FE7E3400569AFE25E4907E33693E1B
:1092C00000020BEA200B350B1A30E49AFD262190A0
:1092D0007E33693E00020BEA200B1A30E49AFD2629
:1092E00021907E33691E00020BEA002E14000569EE
:1092F0003000020B0A209AFC91A4907E33693E0054
:10930000020BEA200B1A3074019AFD2621907E335D
:10931000691E00020BEA002E140005693000020BE2
:109320000A209AFC91A4907E33693E00020BEA2049
:109330000B350B1A3074019AFD2621907E33691E7D
:1093400000020BEA002E140005693000020B0A200F
:109350009AFC91A4AA907DC5F0907DC11BEA00798A
:109360001E0002907DC1693E00020BEA204D236879
:109370000474018001E47E1448D97E0400FE7E342A
:10938000006B9AFE25E4907DC1693E00020BEA2045
:109390000B1A30E49AFD2621907DC5E0BEB000682E
:1093A00017907DC1693E00020BEA200B350B1A3085
:1093B00074019AFD26218014907DC1693E00020B44
:1093C000EA200B350B1A30E49AFD2621907DC16905
:1093D0001E00020BEA002E140005693000020B0A81
:1093E000209AFC91A4907DC1693E00020BEA200BFB
:1093F0001A3074019AFD2621907DC1691E00020B6E
:10940000EA002E140005693000020B0A209AFC9134
:10941000A4907DC1693E00020BEA200B1A30E49A49
:10942000FD2621907DC1693E00020BEA200B350B21
:109430001A3074019AFD2621AA907DC61BEA007994
:109440001E0002E4907DCAF0907DC6693E00020BCA
:10945000EA204D23680474018001E47E1448D97E1B
:109460000400FE7E3400889AFE25E4907DC6693EA5
:1094700000020BEA200B1A30E49AFD2621907DC6EB
:10948000693E00020BEA200B350B1A3074019AFD7D
:109490002621907DC6691E00020BEA002E140005ED
:1094A000693000020B0A209AFC91A4907DC6693EA7
:1094B00000020BEA200B1A3074019AFD2621907DE0
:1094C000C6691E00020BEA002E1400056930000276
:1094D0000B0A209AFC91A4907DC6693E00020BEA1B
:1094E000200B350B1A309AFD2424BEB00068067498
:1094F00001907DCAF0907DC6693E00020BEA200B08
:109500001A30E49AFD2621907DC6691E00020BEAFE
:10951000002E140005693000020B0A209AFC91A469
:10952000907DCAE0AA907CA4F0907CA01BEA007910
:109530001E00027480907CA5F0907CA0693E000221
:109540000BEA204D23680474018001E47E1448D99D
:109550007E0400FE7E3400AC9AFE25E40295FC9069
:109560007CA5E0907CA47EEB705C7B0A276D33BD0C
:10957000236817907CA0693E00020BEA200B350B94
:109580001A3074019AFD26218014907CA0693E0057
:10959000020BEA200B350B1A30E49AFD2621907C51
:1095A000A5E01EB0F0907CA0691E00020BEA002E20
:1095B000140005693000020B0A209AFC91A4907CEB
:1095C000A0693E00020BEA200B1A3074019AFD26B6
:1095D00021907CA0691E00020BEA002E1400056990
:1095E0003000020B0A209AFC91A4907CA0693E00F6
:1095F000020BEA200B1A30E49AFD2621907CA5E0AC
:10960000BEB000680302955F907CA0691E00020B4B
:10961000EA009AFC9439BEB0017803E48002740138
:10962000AA907C2BF0907C271BEA00791E0002E4B4
:10963000907C2CF07408907C2DF0907C27693E0083
:10964000020BEA204D23680474018001E47E144873
:10965000D97E0400FE7E3400C79AFE25E4907C2764
:10966000693E00020BEA200B1A30E49AFD26219095
:109670007C27691E00020BEA002E140005693000E9
:10968000020B0A209AFC91A4907C27693E00020BF1
:10969000EA200B350B1A3074019AFD262180789050
:1096A0007C27693E00020BEA200B1A30E49AFD2663
:1096B00021907C27691E00020BEA002E1400056928
:1096C0003000020B0A209AFC91A4907C27693E008E
:1096D000020BEA200B1A3074019AFD2621907C2798
:1096E000691E00020BEA002E140005693000020B0F
:1096F0000A209AFC91A4907C27693E00020BEA2084
:109700000B350B1A309AFD24247CAB907C2CE03E68
:10971000B04CBA907C2CF0907C2D7EEBA07E70013A
:109720007CBA9CB7F0BEA000680302969F907C278D
:10973000693E00020BEA200B1A30E49AFD262190C4
:109740007C27691E00020BEA002E14000569300018
:10975000020B0A209AFC91A4907C27691E00020B40
:10976000EA00907C2BE09AFC9355907C2CE0AA9028
:109770007DCFF0907DCB1BEA00791E0002907DCB5F
:10978000693E00020BEA204D23680474018001E465
:109790007E1448D97E0400FE7E3400EA9AFE25E459
:1097A000907DCB691E00020BEA009AFC91E0907D4F
:1097B000CB691E00020BEA00907DCB693E00020BD4
:1097C000EA200B367E1BB03EB09AFC9525907DCBEF
:1097D000691E00020BEA00907DCFE09AFC9525906F
:1097E0007DCB691E00020BEA009AFC928EAA90784B
:1097F000601BEA20793E000290785C1BEA00791E2B
:10980000000290785C693E00020BEA204D23680458
:1098100074018001E47E1448D97E0400FE7E340089
:10982000FC9AFE25E4907860693E00020BEA204D28
:1098300023680474018001E47E1448D97E0400FE8C
:109840007E3400FD9AFE25E490785C691E00020BD0
:10985000EA009AFC91E090785C691E00020BEA0035
:1098600090785C693E00020BEA200B367E1BB03E0E
:10987000B09AFC9525802490785C691E00020BEA62
:1098800000907860693E00020BEA207E1BB00B342A
:10989000793E00021BEA209AFC9525907864693E87
:1098A00000020BEA207E2800017F019F02791E0042
:1098B000021BEA004D2378BF90785C691E00020B02
:1098C000EA009AFC928EAA907CAA1BEA30907CA6B1
:1098D0001BEA00791E0002907CA6693E00020BEA9A
:1098E000204D23680474018001E47E1448D97E046D
:1098F00000FE7E3401119AFE25E4907CA6691E00CC
:10990000020BEA009AFC91E0907CA6691E00020B13
:10991000EA00907CA6693E00020BEA200B367E1B13
:10992000B03EB09AFC9525907CA6691E00020BEA19
:1099300000907CAA0BEA207E34FF005D327D530A42
:109940005A9AFC9525907CA6691E00020BEA0090AD
:109950007CAA0BEA407E5400FF5D549AFC9525904A
:109960007CA6691E00020BEA009AFC928EAA9078EF
:109970006C1BEA20793E00029078681BEA00791E91
:109980000002907868693E00020BEA204D236804CB
:1099900074018001E47E1448D97E0400FE7E340107
:1099A000249AFE25E490786C693E00020BEA204D73
:1099B00023680474018001E47E1448D97E0400FE0B
:1099C0007E3401259AFE25E4907868691E00020B1A
:1099D000EA009AFC91E0907868691E00020BEA00A8
:1099E000907868693E00020BEA200B367E1BB03E81
:1099F000B09AFC9525804F907868691E00020BEAAA
:109A00000090786C693E00020BEA200B1A207E342D
:109A1000FF005D327D530A5A9AFC9525907868695B
:109A20001E00020BEA0090786C693E00020BEA20EF
:109A30000B1A400B35793E00021BEA207E5400FFD2
:109A40005D549AFC9525907870693E00020BEA20DF
:109A50007E2800017F019F02791E00021BEA004D53
:109A6000237894907868691E00020BEA009AFC92B1
:109A70008EAA907CB17AEB70907CB0F0907CAC1B9D
:109A8000EA00791E0002907CAC693E00020BEA20DD
:109A90004D23680474018001E47E1448D97E0400DB
:109AA000FE7E34013B9AFE25E4907CAC691E0002E8
:109AB0000BEA009AFC91E0907CAC691E00020BEA74
:109AC00000907CAC693E00020BEA200B367E1BB096
:109AD0003EB09AFC9525907CAC691E00020BEA0012
:109AE000907CB0E09AFC9525907CAC691E00020B3E
:109AF000EA00907CB1E09AFC9525907CAC691E0050
:109B0000020BEA009AFC928EAA9078201BEA207938
:109B10003E000290781FF090781B1BEA00791E002F
:109B20000290781B693E00020BEA204D2368047402
:109B3000018001E47E1448D97E0400FE7E34014F8A
:109B40009AFE25E4907820693E00020BEA204D231E
:109B5000680474018001E47E1448D97E0400FE7E0E
:109B60003401509AFE25E490781B691E00020BEA2E
:109B7000009AFC91E090781B691E00020BEA0090AD
:109B8000781B693E00020BEA200B367E1BB03EB00C
:109B90009AFC952590781B691E00020BEA009078CC
:109BA0001FE09AFC9525802490781B691E00020B0B
:109BB000EA00907820693E00020BEA207E1BB00B81
:109BC00034793E00021BEA209AFC9525907824699E
:109BD0003E00020BEA207E2800017F019F02791ED1
:109BE00000021BEA004D2378BF90781B691E00021B
:109BF0000BEA009AFC928EAA907B6E1BEA20907B67
:109C00006C1BEA30907B681BEA00791E0002907B97
:109C100068693E00020BEA204D236804740180014C
:109C2000E47E1448D97E0400FE7E3401669AFE2547
:109C3000E4907B68691E00020BEA009AFC91E090B8
:109C40007B68691E00020BEA00907B68693E000297
:109C50000BEA200B367E1BB03EB09AFC9525907B1C
:109C600068691E00020BEA00907B6C0BEA207E34D0
:109C7000FF005D327D530A5A9AFC9525907B6869F6
:109C80001E00020BEA00907B6C0BEA407E5400FF42
:109C90005D549AFC9525907B68691E00020BEA00D2
:109CA000907B6E0BEA207E34FF005D327D530A5AB2
:109CB0009AFC9525907B68691E00020BEA00907B58
:109CC0006E0BEA407E5400FF5D549AFC9525907B14
:109CD00068691E00020BEA009AFC928EAA907794A3
:109CE0001BEA309077901BEA00791E000290779073
:109CF000693E00020BEA204D23680474018001E4F0
:109D00007E1448D97E0400FE7E34017C9AFE25E450
:109D1000907796693E00020BEA204D236804740197
:109D20008001E47E1448D97E0400FE7E34017D9AD1
:109D3000FE25E4907790691E00020BEA009AFC91E0
:109D4000E0907790691E00020BEA00907790693EE0
:109D500000020BEA200B367E1BB03EB09AFC952524
:109D6000907790691E00020BEA009077940BEA202E
:109D70007E34FF005D327D530A5A9AFC9525907718
:109D800090691E00020BEA009077940BEA407E5423
:109D900000FF5D549AFC9525804F907790691E00D6
:109DA000020BEA00907796693E00020BEA200B1A3C
:109DB000207E34FF005D327D530A5A9AFC9525902F
:109DC0007790691E00020BEA00907796693E0002C8
:109DD0000BEA200B1A400B35793E00021BEA207E6D
:109DE0005400FF5D549AFC952590779A693E0002D5
:109DF0000BEA207E2800017F019F02791E00021BD2
:109E0000EA004D237894907790691E00020BEA00D7
:109E10009AFC928EAA907DD01BEA00791E0002E483
:109E2000907DD4F0907DD0693E00020BEA204D2356
:109E3000680474018001E47E1448D97E0400FE7E2B
:109E40003401949AFE25E4907DD0691E00020BEA4D
:109E5000009AFC91E0907DD0691E00020BEA009010
:109E60007DD0693E00020BEA200B367E1BA03EA08F
:109E700074014CBA9AFC9525907DD0691E00020BA6
:109E8000EA0074019AFC9621907DD4F0907DD0690F
:109E90001E00020BEA009AFC928E907DD4E0AA90FC
:109EA00078781BEA20793E00029078741BEA0079EA
:109EB0001E0002907874693E00020BEA204D236870
:109EC0000474018001E47E1448D97E0400FE7E34CF
:109ED00001A89AFE25E4907878693E00020BEA20FA
:109EE0004D23680474018001E47E1448D97E040087
:109EF000FE7E3401A99AFE25E4907874691E000262
:109F00000BEA009AFC91E0907874691E00020BEA5B
:109F100000907874693E00020BEA200B367E1BA08D
:109F20003EA074014CBA9AFC9525804490787469DF
:109F30001E00020BEA0090787C693E00020BEA20CA
:109F40004D23780474018001E49AFC96219078787E
:109F5000693E00020BEA207A1BB0907878693E00D7
:109F6000020BEA200B34907878793E00021BEA203D
:109F700090787C693E00020BEA207E2800017F0178
:109F80009F02791E00021BEA004D23789F9078748F
:109F9000691E00020BEA009AFC928EAA907CB21B0A
:109FA000EA00791E00026D33907CB61BEA30907C8B
:109FB000B2693E00020BEA204D236804740180015F
:109FC000E47E1448D97E0400FE7E3401BE9AFE254C
:109FD000E4907CB2691E00020BEA009AFC91E090CA
:109FE0007CB2691E00020BEA00907CB2693E00025E
:109FF0000BEA200B367E1BA03EA074014CBA9AFCE3
:10A000009525907CB2691E00020BEA00E49AFC964A
:10A01000210A3B907CB61BEA30907CB2691E00029C
:10A020000BEA0074019AFC96210A2B907CB60BEA8D
:10A03000307C676C774D32907CB61BEA30907CB2F6
:10A04000691E00020BEA009AFC928E907CB60BEA25
:10A0500030AA9078841BEA20793E00029078801B19
:10A06000EA00791E0002907880693E00020BEA2027
:10A070004D23680474018001E47E1448D97E0400F5
:10A08000FE7E3401D29AFE25E4907884693E000277
:10A090000BEA204D23680474018001E47E1448D942
:10A0A0007E0400FE7E3401D39AFE25E49078806918
:10A0B0001E00020BEA009AFC91E0907880691E0075
:10A0C000020BEA00907880693E00020BEA200B3612
:10A0D0007E1BA03EA074014CBA9AFC95258074901A
:10A0E0007880691E00020BEA00E49AFC96210A1BA4
:10A0F000907884693E00020BEA201B1A1090788049
:10A10000691E00020BEA00907888693E00020BEAA3
:10A11000204D23780474018001E49AFC96210A0BF7
:10A12000907884693E00020BEA200B1A107C236CA5
:10A13000334D10907884693E00020BEA201B1A1000
:10A14000907884693E00020BEA200B35793E0002CC
:10A150001BEA20907888693E00020BEA207E2800E6
:10A16000017F019F02791E00021BEA004D23680354
:10A1700002A0DF907880691E00020BEA009AFC9230
:10A180008EAA907CBCF0907CB81BEA00791E00027D
:10A19000E4907CBDF0907CB8693E00020BEA204D53
:10A1A00023680474018001E47E1448D97E0400FE13
:10A1B0007E3401EA9AFE25E4907CB8691E00020B09
:10A1C000EA009AFC91E0907CB8691E00020BEA005C
:10A1D000907CB8693E00020BEA200B367E1BB03E35
:10A1E000B09AFC9525907CB8691E00020BEA00909D
:10A1F0007CBCE09AFC9525907CB8691E00020BEAB5
:10A20000009AFC91E0907CB8691E00020BEA009075
:10A210007CB8693E00020BEA200B367E1BA03EA0F4
:10A2200074014CBA9AFC9525907CB8691E00020B0B
:10A23000EA0074019AFC9621907CBDF0907CB8698C
:10A240001E00020BEA009AFC928E907CBDE0AA9060
:10A25000782D1BEA20793E000290782CF090782827
:10A260001BEA00791E0002907828693E00020BEA82
:10A27000204D23680474018001E47E1448D97E04D3
:10A2800000FE7E3402019AFE25E490782D693E009E
:10A29000020BEA204D23680474018001E47E144817
:10A2A000D97E0400FE7E3402029AFE25E4907828CE
:10A2B000691E00020BEA009AFC91E0907828691E62
:10A2C00000020BEA00907828693E00020BEA200B9E
:10A2D000367E1BB03EB09AFC9525907828691E000A
:10A2E000020BEA0090782CE09AFC9525907828697A
:10A2F0001E00020BEA009AFC91E0907828691E008B
:10A30000020BEA00907828693E00020BEA200B3627
:10A310007E1BA03EA074014CBA9AFC952580449007
:10A320007828691E00020BEA00907831693E00022D
:10A330000BEA204D23780474018001E49AFC9621F5
:10A3400090782D693E00020BEA207A1BB090782DA0
:10A35000693E00020BEA200B3490782D793E000212
:10A360001BEA20907831693E00020BEA207E28002B
:10A37000017F019F02791E00021BEA004D23789F96
:10A38000907828691E00020BEA009AFC928EAA902F
:10A390007B741BEA30907B701BEA00791E00026D13
:10A3A00033907B761BEA30907B70693E00020BEAAB
:10A3B000204D23680474018001E47E1448D97E0492
:10A3C00000FE7E34021A9AFE25E4907B70691E001E
:10A3D000020BEA009AFC91E0907B70691E00020B70
:10A3E000EA00907B70693E00020BEA200B367E1B70
:10A3F000B03EB09AFC9525907B70691E00020BEA76
:10A4000000907B740BEA207E34FF005D327D530A9E
:10A410005A9AFC9525907B70691E00020BEA009009
:10A420007B740BEA407E5400FF5D549AFC952590A6
:10A430007B70691E00020BEA009AFC91E0907B7031
:10A44000691E00020BEA00907B70693E00020BEA75
:10A45000200B367E1BA03EA074014CBA9AFC9525B9
:10A46000907B70691E00020BEA00E49AFC96210AB8
:10A470003B907B761BEA30907B70691E00020BEAF2
:10A480000074019AFC96210A2B907B760BEA307CB3
:10A49000676C774D32907B761BEA30907B70691E3B
:10A4A00000020BEA009AFC928E907B760BEA30AAAF
:10A4B0009077A21BEA3090779E1BEA00791E00027B
:10A4C00090779E693E00020BEA204D2368047401D8
:10A4D0008001E47E1448D97E0400FE7E3402339A63
:10A4E000FE25E49077A4693E00020BEA204D236824
:10A4F0000474018001E47E1448D97E0400FE7E3499
:10A5000002349AFE25E490779E691E00020BEA0051
:10A510009AFC91E090779E691E00020BEA0090770A
:10A520009E693E00020BEA200B367E1BB03EB09ABD
:10A53000FC952590779E691E00020BEA009077A299
:10A540000BEA207E34FF005D327D530A5A9AFC9557
:10A550002590779E691E00020BEA009077A20BEA15
:10A56000407E5400FF5D549AFC952590779E691EAD
:10A5700000020BEA009AFC91E090779E691E0002AF
:10A580000BEA0090779E693E00020BEA200B367EB4
:10A590001BA03EA074014CBA9AFC9525807490775C
:10A5A0009E691E00020BEA00E49AFC96210A1B90A9
:10A5B00077A4693E00020BEA201B1A1090779E696F
:10A5C0001E00020BEA009077A8693E00020BEA2009
:10A5D0004D23780474018001E49AFC96210A0B90C3
:10A5E00077A4693E00020BEA200B1A107C236C331F
:10A5F0004D109077A4693E00020BEA201B1A1090C0
:10A6000077A4693E00020BEA200B35793E00021B5D
:10A61000EA209077A8693E00020BEA207E2800011C
:10A620007F019F02791E00021BEA004D236803028E
:10A63000A59E90779E691E00020BEA009AFC928EFE
:10A64000AA9076091BEA20793E00029076051BEA63
:10A6500000791E0002907605693E00020BEA204D4B
:10A6600023680474018001E47E1448D97E0400FE4E
:10A670007E3402519AFE25E4907609693E00020B71
:10A68000EA204D23680474018001E47E1448D97ED9
:10A690000400FE7E3402529AFE25E4907611693E53
:10A6A00000020BEA204D23680474018001E47E144B
:10A6B00048D97E0400FE7E3402539AFE25E490764B
:10A6C00005691E00020BEA009AFC91E0907605698C
:10A6D0001E00020BEA00907605693E00020BEA209C
:10A6E0000B367E1BB03EB09AFC95258024907605F3
:10A6F000691E00020BEA00907609693E00020BEA2F
:10A70000207E1BB00B34793E00021BEA209AFC9598
:10A710002590760D693E00020BEA207E2800017F1D
:10A72000019F02791E00021BEA004D2378BF90763C
:10A7300015693E00020BEA204D23780302A7D3904F
:10A740007605691E00020BEA009AFC91E0907605FE
:10A75000691E00020BEA00907605693E00020BEAD2
:10A76000200B367E1BA03EA074014CBA9AFC9525A6
:10A770008044907605691E00020BEA009076156908
:10A780003E00020BEA204D23780474018001E49A14
:10A79000FC9621907611693E00020BEA207A1BB0EC
:10A7A000907611693E00020BEA200B349076117905
:10A7B0003E00021BEA20907615693E00020BEA205B
:10A7C0007E2800017F019F02791E00021BEA004DD6
:10A7D00023789F907605691E00020BEA009AFC928E
:10A7E0008EAA90761D1BEA20793E00029076191BF6
:10A7F000EA00791E0002907619693E00020BEA20F9
:10A800004D23680474018001E47E1448D97E04005D
:10A81000FE7E3402749AFE25E490761D693E0002A5
:10A820000BEA204D23680474018001E47E1448D9AA
:10A830007E0400FE7E3402759AFE25E4907625693A
:10A840003E00020BEA204D23680474018001E47E7F
:10A850001448D97E0400FE7E3402769AFE25E490E8
:10A860007619691E00020BEA009AFC91E0907619B5
:10A87000691E00020BEA00907619693E00020BEA9D
:10A88000200B367E1BB03EB09AFC9525804F90760B
:10A8900019691E00020BEA0090761D693E00020B4A
:10A8A000EA200B1A207E34FF005D327D530A5A9A4B
:10A8B000FC9525907619691E00020BEA0090761D22
:10A8C000693E00020BEA200B1A400B35793E00026C
:10A8D0001BEA207E5400FF5D549AFC95259076215A
:10A8E000693E00020BEA207E2800017F019F027969
:10A8F0001E00021BEA004D237894907629693E00E1
:10A90000020BEA204D23780302A9D2907619691E22
:10A9100000020BEA009AFC91E0907619691E000291
:10A920000BEA00907619693E00020BEA200B367E96
:10A930001BA03EA074014CBA9AFC952580749076B9
:10A9400019691E00020BEA00E49AFC96210A1B908A
:10A950007625693E00020BEA201B1A1090761969D1
:10A960001E00020BEA00907629693E00020BEA20E5
:10A970004D23780474018001E49AFC96210A0B901F
:10A980007625693E00020BEA200B1A107C236C33FB
:10A990004D10907625693E00020BEA201B1A10909C
:10A9A0007625693E00020BEA200B35793E00021B3A
:10A9B000EA20907629693E00020BEA207E280001F9
:10A9C0007F019F02791E00021BEA004D23680302EB
:10A9D000A93E907619691E00020BEA009AFC928E3D
:10A9E000AA907CC37AEB70907CC2F0907CBE1BEA8C
:10A9F00000791E0002907CBE693E00020BEA204DE9
:10AA000023680474018001E47E1448D97E0400FEAA
:10AA10007E3402979AFE25E4907CBE691E00020BEC
:10AA2000EA009AFC91E0907CBE691E00020BEA00ED
:10AA3000907CBE693E00020BEA200B367E1BB03EC6
:10AA4000B09AFC9525907CBE691E00020BEA00902E
:10AA50007CC2E09AFC9525907CBE691E00020BEA40
:10AA600000907CC3E09AFC9525907CBE691E000294
:10AA70000BEA009AFC928EAA907CC8F0907CC41BD2
:10AA8000EA00791E0002E4907CC9F0907CC4693E23
:10AA900000020BEA204D23680474018001E47E1457
:10AAA00048D97E0400FE7E3402AA9AFE25E4907CFA
:10AAB000C4691E00020BEA009AFC91E0907CC46914
:10AAC0001E00020BEA00907CC4693E00020BEA20E3
:10AAD0000B367E1BB03EB09AFC9525907CC4691E57
:10AAE00000020BEA00907CC8E09AFC9525907CC49B
:10AAF000691E00020BEA009AFC928E907CC4691ECB
:10AB000000020BEA009AFC91E0907CC4691E0002EE
:10AB10000BEA00907CC4693E00020BEA200B367EF3
:10AB20001BA03EA074014CBA9AFC9525907CC46988
:10AB30001E00020BEA0074019AFC9621907CC9F079
:10AB4000907CC4691E00020BEA009AFC928E907CF5
:10AB5000C9E0AA90783A1BEA20793E000290783941
:10AB6000F09078351BEA00791E0002907835693E36
:10AB700000020BEA204D23680474018001E47E1476
:10AB800048D97E0400FE7E3402C49AFE25E4907803
:10AB9000400BEA2090783E0BEA30BD326804740125
:10ABA0008001E47E1448D97E0400FE7E3402C59AFA
:10ABB000FE25E490783E0BEA10907835693E00025D
:10ABC0000BEA201B1A109078400BEA109078356938
:10ABD0003E00020BEA200B351B1A10907839E090EA
:10ABE0007835693E00020BEA200B367A1BB090786C
:10ABF0003A691E00020BEA00907835693E00020BAC
:10AC0000EA202E340005791100021B1A0090783ECC
:10AC10000BEA307E24000174017E1400119AFD2994
:10AC2000C79078400BEA307E24000174017E140046
:10AC3000119AFD29C7AA906F241BEA20906F201B50
:10AC4000EA00791E0002906F1E1BEA307E34470B2B
:10AC50007E2400FE7E146F267E04000174409AFD5F
:10AC6000C8FB6D33906F661BEA3002B016906F24FC
:10AC70000BEA207E340040BD2328067E340040804D
:10AC800006906F240BEA30906F661BEA30906F6677
:10AC90000BEA30CA39906F20693E00020BEA207E31
:10ACA000146F267E0400019AFCFFCC1BFD906F669A
:10ACB0000BEA20906F240BEA309D321BEA30906F34
:10ACC000660BEA10906F20693E00020BEA202D31DE
:10ACD000793E00021BEA206CAA6D22906F1E0BEADF
:10ACE00030BD32482B906F1E0BEA207E340003BD2E
:10ACF00023181D906F1E0BEA101A021A0074042FFD
:10AD0000001478FB7E34FA307E24007E2F10801CE5
:10AD1000906F1E0BEA301A261A247E1400309AFD1A
:10AD2000C8697E14F6907E04007E2F107A1BA06CFA
:10AD3000AA6D22906F1E0BEA30BD32482B906F1E19
:10AD40000BEA207E340003BD23181D906F1E0BEA12
:10AD5000101A021A0074042F001478FB7E34FA32A1
:10AD60007E24007E2F10801C906F1E0BEA301A2666
:10AD70001A247E1400309AFDC8697E14F6927E046F
:10AD8000007E2F107A1BA0906F660BEA507E440065
:10AD9000019D547CAB6D22906F1E0BEA30BD324892
:10ADA0002B906F1E0BEA207E340003BD23181D90EC
:10ADB0006F1E0BEA101A021A0074042F001478FB9D
:10ADC0007E34FA337E24007E2F10801C906F1E0B81
:10ADD000EA301A261A247E1400309AFDC8697E14BF
:10ADE000F6957E04007E2F107A1BA0906F660BEA0A
:10ADF000307E2400019D327D530A5A6D22906F1ED1
:10AE00000BEA30BD32482A906F1E0BEA207E3400D8
:10AE100003BD23181C906F1E0BEA301A261A247FDC
:10AE2000012F002F007E34FA887E24007E2F1080B0
:10AE30001C906F1E0BEA301A261A247E1400309ADA
:10AE4000FDC8697E14F6947E04007E2F107A1BB034
:10AE50007E346F267D530A5A7CAB6D22906F1E0B99
:10AE6000EA30BD32482B906F1E0BEA207E3400037F
:10AE7000BD23181D906F1E0BEA101A021A007404ED
:10AE80002F001478FB7E34FA357E24007E2F10804C
:10AE90001C906F1E0BEA301A261A247E1400309A7A
:10AEA000FDC8697E14F6987E04007E2F107A1BA0E0
:10AEB0007E546F267CAB6D22906F1E0BEA30BD3244
:10AEC000482B906F1E0BEA207E340003BD23181D13
:10AED000906F1E0BEA101A021A0074042F001478E7
:10AEE000FB7E34FA367E24007E2F10801C906F1E6D
:10AEF0000BEA301A261A247E1400309AFDC8697EA7
:10AF000014F6997E04007E2F107A1BA07EA0C06DDF
:10AF100022906F1E0BEA30BD32482B906F1E0BEA59
:10AF2000207E340003BD23181D906F1E0BEA101AFB
:10AF3000021A0074042F001478FB7E34FA317E2448
:10AF4000007E2F10801C906F1E0BEA301A261A24E8
:10AF50007E1400309AFDC8697E14F6917E04007E4E
:10AF60002F107A1BA06D22906F1E0BEA30BD324865
:10AF70002B906F1E0BEA207E340003BD23181D901A
:10AF80006F1E0BEA101A021A0074042F001478FBCB
:10AF90007E34FA327E24007E2F10801C906F1E0BB0
:10AFA000EA301A261A247E1400309AFDC8697E14ED
:10AFB000F6927E04007E2F107E1BB030E0A76CAAB4
:10AFC0006D22906F1E0BEA30BD32482B906F1E0B26
:10AFD000EA207E340003BD23181D906F1E0BEA107B
:10AFE0001A021A0074042F001478FB7E34FA317EA2
:10AFF00024007E2F10801C906F1E0BEA301A261A38
:10B00000247E1400309AFDC8697E14F6917E0400F7
:10B010007E2F107A1BA0906F240BEA206D33BD2386
:10B02000680302AC6DAA907B7A1BEA00791E0002CD
:10B03000907B781BEA30907B7A691E00020BEA0055
:10B040009AFCFFF1907B7E1BEA30907B780BEA3014
:10B05000907B7A691E00020BEA00907B7E0BEA204F
:10B060009AFCAC36AA907EDFF0907EDD1BEA309031
:10B070007EDD0BEA307E147EDF7E0400017E24003C
:10B08000019AFCAC36AA907F0A1BEA306CAA6D22AA
:10B09000907F0A0BEA30BD32482B907F0A0BEA20E2
:10B0A0007E340003BD23181D907F0A0BEA101A029C
:10B0B0001A0074042F001478FB7E34FA3B7E2400BF
:10B0C0007E2F10801C907F0A0BEA301A261A247EED
:10B0D0001400309AFDC8697E14F6A57E04007E2F08
:10B0E000107A1BA0E46D22907F0A0BEA30BD324833
:10B0F0002A907F0A0BEA207E340003BD23181C909F
:10B100007F0A0BEA301A261A247F012F002F007EB7
:10B1100034FA8A7E24007E2F10801C907F0A0BEA6E
:10B12000301A261A247E1400309AFDC8697E14F65F
:10B13000A47E04007E2F107A1BB0907F0A0BEA4099
:10B140007E5472742D547CAB6D22907F0A0BEA30D2
:10B15000BD32482B907F0A0BEA207E340003BD23CA
:10B16000181D907F0A0BEA101A021A0074042F00AF
:10B170001478FB7E34FA3E7E24007E2F10801C90D3
:10B180007F0A0BEA301A261A247E1400309AFDC872
:10B19000697E14F6A97E04007E2F107A1BA0907F92
:10B1A0000A0BEA207E3472742D327D530A5A7CAB2E
:10B1B0006D22907F0A0BEA30BD32482B907F0A0B3C
:10B1C000EA207E340003BD23181D907F0A0BEA108D
:10B1D0001A021A0074042F001478FB7E34FA3D7EA4
:10B1E00024007E2F10801C907F0A0BEA301A261A4A
:10B1F000247E1400309AFDC8697E14F6A87E0400EF
:10B200007E2F107A1BA07EA0A16D22907F0A0BEAF0
:10B2100030BD32482B907F0A0BEA207E340003BDFC
:10B2200023181D907F0A0BEA101A021A0074042FCB
:10B23000001478FB7E34FA397E24007E2F10801CA7
:10B24000907F0A0BEA301A261A247E1400309AFDE9
:10B25000C8697E14F6A17E04007E2F107A1BA0AA76
:10B26000907C311BEA00791E0002907C30F0907CCB
:10B270002E1BEA30907C30E0BEB00068607EA0807B
:10B280006D22907C2E0BEA30BD32482B907C2E0B29
:10B29000EA207E340003BD23181D907C2E0BEA307B
:10B2A0001A261A2474042F111478FB7E14FA387E9F
:10B2B00004007E2F01801C907C2E0BEA301A261A87
:10B2C000247E1400309AFDC8697E14F6A07E040026
:10B2D0007E2F017E0B704C7A7A0B70805E7EA07F91
:10B2E0006D22907C2E0BEA30BD32482B907C2E0BC9
:10B2F000EA207E340003BD23181D907C2E0BEA301B
:10B300001A261A2474042F111478FB7E14FA387E3E
:10B3100004007E2F01801C907C2E0BEA301A261A26
:10B32000247E1400309AFDC8697E14F6A07E0400C5
:10B330007E2F017E0B705C7A7A0B70907C31691ED7
:10B3400000020BEA00907C2E0BEA203E243E247E75
:10B3500034727C2D327A71827A6183791E00021BED
:10B36000EA00AA907EE01BEA306D22907EE00BEAB4
:10B3700030BD32482B907EE00BEA207E340003BDC6
:10B3800023181D907EE00BEA101A021A0074042F95
:10B39000001478FB7E34FA3A7E24007E2F10801C45
:10B3A000907EE00BEA301A261A247E1400309AFDB3
:10B3B000C8697E14F6A27E04007E2F107E1BA07446
:10B3C000035CBABEB00068A1907EE00BEA207E3438
:10B3D00072742D327A71827A6183E0907EE2F06C31
:10B3E000AA6D22907EE00BEA30BD32482B907EE0C1
:10B3F0000BEA207E340003BD23181D907EE00BEA8B
:10B40000101A021A0074042F001478FB7E34FA3AE2
:10B410007E24007E2F10801C907EE00BEA301A26DE
:10B420001A247E1400309AFDC8697E14F6A27E04A8
:10B43000007E2F107A1BA0907EE00BEA309AFCB0C1
:10B4400086907EE2E0AA907C371BEA00791E00021B
:10B45000907C351BEA30E4907C3BF0907C350BEA25
:10B46000207E3472742D327A71827A6183E0907C0E
:10B4700037693E00020BEA207A1BB06D22907C35C2
:10B480000BEA30BD32482B907C350BEA207E34002D
:10B4900003BD23181D907C350BEA101A021A0074A4
:10B4A000042F001478FB7E34FA3A7E24007E2F109D
:10B4B000801C907C350BEA301A261A247E1400304A
:10B4C0009AFDC8697E14F6A27E04007E2F107E1BB2
:10B4D000A074035CBABEB00068667401907C3BF057
:10B4E0007EA0FC6D22907C350BEA30BD32482B905B
:10B4F0007C350BEA207E340003BD23181D907C357B
:10B500000BEA301A261A2474042F111478FB7E14C7
:10B51000FA3A7E04007E2F01801C907C350BEA30C5
:10B520001A261A247E1400309AFDC8697E14F6A2E9
:10B530007E04007E2F017E0B705C7A7A0B70800592
:10B54000E4907C3BF0907C350BEA309AFCB086901E
:10B550007C3BE0AA907F0C1BEA306CAA6D22907FA6
:10B560000C0BEA30BD32482B907F0C0BEA207E3466
:10B570000003BD23181D907F0C0BEA101A021A005D
:10B5800074042F001478FB7E34FA307E24007E2F62
:10B5900010801C907F0C0BEA301A261A247E1400AF
:10B5A000309AFDC8697E14F6907E04007E2F107AD2
:10B5B0001BA06CAA6D22907F0C0BEA30BD32482B89
:10B5C000907F0C0BEA207E340003BD23181D907F72
:10B5D0000C0BEA101A021A0074042F001478FB7E78
:10B5E00034FA327E24007E2F10801C907F0C0BEAF0
:10B5F000301A261A247E1400309AFDC8697E14F68B
:10B60000927E04007E2F107A1BA06CAA6D22907F80
:10B610000C0BEA30BD32482B907F0C0BEA207E34B5
:10B620000003BD23181D907F0C0BEA101A021A00AC
:10B6300074042F001478FB7E34FA317E24007E2FB0
:10B6400010801C907F0C0BEA301A261A247E1400FE
:10B65000309AFDC8697E14F6917E04007E2F107A20
:10B660001BA06CAA6D22907F0C0BEA30BD32482BD8
:10B67000907F0C0BEA207E340003BD23181D907FC1
:10B680000C0BEA101A021A0074042F001478FB7EC7
:10B6900034FA387E24007E2F10801C907F0C0BEA39
:10B6A000301A261A247E1400309AFDC8697E14F6DA
:10B6B000A07E04007E2F107A1BA06CAA6D22907FC2
:10B6C0000C0BEA30BD32482B907F0C0BEA207E3405
:10B6D0000003BD23181D907F0C0BEA101A021A00FC
:10B6E00074042F001478FB7E34FA3A7E24007E2FF7
:10B6F00010801C907F0C0BEA301A261A247E14004E
:10B70000309AFDC8697E14F6A27E04007E2F107A5E
:10B710001BA06CAA6D22907F0C0BEA30BD32482B27
:10B72000907F0C0BEA207E340003BD23181D907F10
:10B730000C0BEA101A021A0074042F001478FB7E16
:10B7400034FA397E24007E2F10801C907F0C0BEA87
:10B75000301A261A247E1400309AFDC8697E14F629
:10B76000A17E04007E2F107A1BA06CAA6D22907F10
:10B770000C0BEA30BD32482B907F0C0BEA207E3454
:10B780000003BD23181D907F0C0BEA101A021A004B
:10B7900074042F001478FB7E34FA3B7E24007E2F45
:10B7A00010801C907F0C0BEA301A261A247E14009D
:10B7B000309AFDC8697E14F6A57E04007E2F107AAB
:10B7C0001BA0E46D22907F0C0BEA30BD32482A901A
:10B7D0007F0C0BEA207E340003BD23181C907F0CE5
:10B7E0000BEA301A261A247F012F002F007E34FA2C
:10B7F0008A7E24007E2F10801C907F0C0BEA301A6A
:10B80000261A247E1400309AFDC8697E14F6A47EA0
:10B8100004007E2F107A1BB0907F0C0BEA407E5400
:10B8200072742D547CAB6D22907F0C0BEA30BD32CC
:10B83000482B907F0C0BEA207E340003BD23181D9B
:10B84000907F0C0BEA101A021A0074042F0014786F
:10B85000FB7E34FA3E7E24007E2F10801C907F0CED
:10B860000BEA301A261A247E1400309AFDC8697E2D
:10B8700014F6A97E04007E2F107A1BA0907F0C0B7B
:10B88000EA207E3472742D327D530A5A7CAB6D22CD
:10B89000907F0C0BEA30BD32482B907F0C0BEA20D6
:10B8A0007E340003BD23181D907F0C0BEA101A0292
:10B8B0001A0074042F001478FB7E34FA3D7E2400B5
:10B8C0007E2F10801C907F0C0BEA301A261A247EE3
:10B8D0001400309AFDC8697E14F6A87E04007E2FFD
:10B8E000107A1BA07EA00F6D22907F0C0BEA30BD5A
:10B8F00032482B907F0C0BEA207E340003BD2318C6
:10B900001D907F0C0BEA101A021A0074042F001409
:10B9100078FB7E34FA387E24007E2F10801C907FC6
:10B920000C0BEA301A261A247E1400309AFDC869DE
:10B930007E14F6A07E04007E2F107A1BA07EA0A1AC
:10B940006D22907F0C0BEA30BD32482B907F0C0BA0
:10B95000EA207E340003BD23181D907F0C0BEA10F3
:10B960001A021A0074042F001478FB7E34FA397E10
:10B9700024007E2F10801C907F0C0BEA301A261AB0
:10B98000247E1400309AFDC8697E14F6A17E04005E
:10B990007E2F107A1BA0AA9077EA1BEA209077E608
:10B9A0001BEA00791E00029077E41BEA309077EEE4
:10B9B0000BEA307E2400049AFE329C7E1446E07E20
:10B9C0000400FE7E34017A9AFE25E49077EC0BEABF
:10B9D000301A367E24000F5D239077EA0BEA307D23
:10B9E000131A127E34000F5D31BD32780474018069
:10B9F00001E47E1446E07E0400FE7E34017F9AFE60
:10BA000025E49077EA0BEA307D231A240E240E24D5
:10BA10000E240E249077E40BEA30BD3278057EA028
:10BA20000180026CAA740F5CBA7E1446E07E0400AA
:10BA3000FE7E3401849AFE25E49077EA0BEA307D9D
:10BA4000231A240E240E240E240E249077E40BEAED
:10BA500030BD3278057EA00180026CAA740F5CBAFA
:10BA60007E1446E07E0400FE7E3401859AFE25E4C5
:10BA70009077EA0BEA207E3400FF5D327E240001DD
:10BA800074017E1400109AFD29C79077EC0BEA2010
:10BA90007E3400FF5D326D2274017E1400039AFD36
:10BAA00029C79077E6691E00020BEA00907DF369D2
:10BAB0003E00020BEA209AFDC87474027F011E1436
:10BAC0001E0450034E20801478F46D337E24000150
:10BAD0009F109077F01BEA309077E40BEA50BE5449
:10BAE0000008400302C56B7EA003A490BAEF730266
:10BAF000BB0702BBF102BCFE02BE3202BF8A02C11A
:10BB00000502C28002C3FB9077EE0BEA207E340070
:10BB100001BD2378224398505389F09077F00BEAC7
:10BB200050F58B9077F00BEA307D530A5AF58D4330
:10BB30008E40D3D28E80289077EE0BEA207E3400A0
:10BB400002BD23781A4398509077F00BEA50F5D74E
:10BB50009077F00BEA307D530A5AF5D6438E155391
:10BB6000A23F9077EC0BEA207E340040BD2378158D
:10BB70009077EA0BEA207E340041BD237807E5A2E6
:10BB8000F5A202C56B9077EC0BEA207E340146BD2E
:10BB90002378149077EA0BEA207E340147BD23789E
:10BBA0000643A24002C56B9077EC0BEA207E34027C
:10BBB00026BD2378149077EA0BEA207E340227BD55
:10BBC00023780643A28002C56B9077EC0BEA207EB7
:10BBD000340353BD23680302C56B9077EA0BEA2058
:10BBE0007E340354BD23680302C56B43A2C002C563
:10BBF0006B9077EE0BEA207E340002BD23781A4367
:10BC00009A509077F00BEA50F5D79077F00BEA3026
:10BC10007D530A5AF5D6438E1453BAFE74DF7E1450
:10BC2000FD697E04007E7E0B705C7B7A0B709077E2
:10BC3000EC0BEA207E341020BD2378239077EA0BAA
:10BC4000EA207E341021BD237815E5BAF5BA7E14BA
:10BC5000FD697E04007E7E0B707A0B7002C56B90CE
:10BC600077EC0BEA207E341156BD2378229077EAD8
:10BC70000BEA207E341157BD23781443BA017E1499
:10BC8000FD697E04007E7E0B707A0B7002C56B909E
:10BC900077EC0BEA207E341156BD2378279077EAA3
:10BCA0000BEA207E341157BD237819E5BAF5BA7432
:10BCB000207E14FD697E04007E7E0B704C7B7A0B27
:10BCC0007002C56B9077EC0BEA207E341156BD23D1
:10BCD000680302C56B9077EA0BEA207E341157BDEA
:10BCE00023680302C56B43BA0174207E14FD697E8C
:10BCF00004007E7E0B704C7B7A0B7002C56B9077D4
:10BD0000EE0BEA207E340002BD2378199077F00B09
:10BD1000EA50F5D79077F00BEA307D530A5AF5D602
:10BD2000438E1480259077EE0BEA207E340003BD0D
:10BD30002378179077F00BEA50F5D59077F00BEA5F
:10BD4000307D530A5AF5D443DD0A43AC5053BAFD53
:10BD500074BF7E14FD697E04007E7E0B705C7B7A6E
:10BD60000B709077EC0BEA207E342010BD237823F3
:10BD70009077EA0BEA207E342011BD237815E5BACE
:10BD8000F5BA7E14FD697E04007E7E0B707A0B701E
:10BD900002C56B9077EC0BEA207E342160BD2378DE
:10BDA000229077EA0BEA207E342161BD2378144388
:10BDB000BA027E14FD697E04007E7E0B707A0B70E1
:10BDC00002C56B9077EC0BEA207E342296BD237877
:10BDD000279077EA0BEA207E342297BD237819E575
:10BDE000BAF5BA74407E14FD697E04007E7E0B7045
:10BDF0004C7B7A0B7002C56B9077EC0BEA207E349B
:10BE00002360BD23680302C56B9077EA0BEA207EAE
:10BE10003423C7BD23680302C56B43BA0274407E56
:10BE200014FD697E04007E7E0B704C7B7A0B7002E1
:10BE3000C56B9077EE0BEA207E340002BD23782B91
:10BE40009077F00BEA50F5D79077F00BEA307D53FE
:10BE50000A5AF5D6438E1474FE7E14FDBC7E04008F
:10BE60007E7E0B705C7B7A0B7080379077EE0BEAEE
:10BE7000207E340004BD2378299077F00BEA50F53A
:10BE8000D39077F00BEA307D530A5AF5D243DDA008
:10BE900074017E14FDBC7E04007E7E0B704C7B7AA8
:10BEA0000B7043FD5053BAFB747F7E14FD697E0412
:10BEB000007E7E0B705C7B7A0B709077EC0BEA2037
:10BEC0007E343012BD2378239077EA0BEA207E344B
:10BED0003013BD237815E5BAF5BA7E14FD697E04EA
:10BEE000007E7E0B707A0B7002C56B9077EC0BEACC
:10BEF000207E343162BD2378229077EA0BEA207EDF
:10BF0000343163BD23781443BA047E14FD697E0482
:10BF1000007E7E0B707A0B7002C56B9077EC0BEA9B
:10BF2000207E3432B2BD2378279077EA0BEA207E58
:10BF30003432B3BD237819E5BAF5BA74807E14FDA6
:10BF4000697E04007E7E0B704C7B7A0B7002C56BA1
:10BF50009077EC0BEA207E343362BD23680302C580
:10BF60006B9077EA0BEA207E3433D1BD236803025D
:10BF7000C56B43BA0474807E14FD697E04007E7E26
:10BF80000B704C7B7A0B7002C56B9077EE0BEA203E
:10BF90007E340002BD23782B9077F00BEA50F5D762
:10BFA0009077F00BEA307D530A5AF5D6438E14741D
:10BFB000FE7E14F76D7E04007E7E0B705C7B7A0B38
:10BFC0007080589077EE0BEA207E340005BD237810
:10BFD0004A9077F00BEA107E34FBB77E24007E7A1D
:10BFE0001B309077F00BEA307D130A127E34FBB6DB
:10BFF0007E24007E7A1B30740A7E14FBB37E04001C
:10C000007E7E0B704C7B7A0B7074017E14F76D7E14
:10C0100004007E7E0B704C7B7A0B7074507E14F79C
:10C02000407E04007E7E0B704C7B7A0B7074FC7E2D
:10C0300014FD6A7E04007E7E0B705C7B7A0B709030
:10C0400077EC0BEA207E344014BD23781F9077EA0A
:10C050000BEA207E344015BD2378117E14FD6A7EE4
:10C0600004007E7E0B707A0B7002C56B9077EC0B30
:10C07000EA207E344150BD2378239077EA0BEA20F2
:10C080007E344151BD23781574017E14FD6A7E040F
:10C09000007E7E0B704C7B7A0B7002C56B9077EC48
:10C0A0000BEA207E344224BD2378239077EA0BEA02
:10C0B000207E344225BD23781574027E14FD6A7EED
:10C0C00004007E7E0B704C7B7A0B7002C56B907700
:10C0D000EC0BEA207E344330BD23680302C56B902D
:10C0E00077EA0BEA207E344331BD23680302C56B37
:10C0F00074037E14FD6A7E04007E7E0B704C7B7A96
:10C100000B7002C56B9077EE0BEA207E340002BD07
:10C1100023782B9077F00BEA50F5D79077F00BEA65
:10C12000307D530A5AF5D6438E1474FE7E14F79D63
:10C130007E04007E7E0B705C7B7A0B70805890775B
:10C14000EE0BEA207E340006BD23784A9077F00B90
:10C15000EA107E34FBB57E24007E7A1B309077F0A7
:10C160000BEA307D130A127E34FBB47E24007E7A03
:10C170001B3074A07E14FBB37E04007E7E0B704CDB
:10C180007B7A0B7074017E14F79D7E04007E7E0B1B
:10C19000704C7B7A0B7074507E14F7707E04007EB6
:10C1A0007E0B704C7B7A0B7074F37E14FD6A7E04F8
:10C1B000007E7E0B705C7B7A0B709077EC0BEA2034
:10C1C0007E345016BD23781F9077EA0BEA207E3428
:10C1D0005017BD2378117E14FD6A7E04007E7E0B0D
:10C1E000707A0B7002C56B9077EC0BEA207E3451AD
:10C1F00072BD2378239077EA0BEA207E345173BD19
:10C2000023781574047E14FD6A7E04007E7E0B7014
:10C210004C7B7A0B7002C56B9077EC0BEA207E3476
:10C220005242BD2378239077EA0BEA207E345243B2
:10C23000BD23781574087E14FD6A7E04007E7E0B93
:10C24000704C7B7A0B7002C56B9077EC0BEA207E0A
:10C25000345336BD23680302C56B9077EA0BEA209E
:10C260007E345337BD23680302C56B740C7E14FD06
:10C270006A7E04007E7E0B704C7B7A0B7002C56B6D
:10C280009077EE0BEA207E340002BD23782B907766
:10C29000F00BEA50F5D79077F00BEA307D530A5A4D
:10C2A000F5D6438E1474FE7E14F7CD7E04007E7E98
:10C2B0000B705C7B7A0B7080589077EE0BEA207ED7
:10C2C000340007BD23784A9077F00BEA107E34FBE8
:10C2D000BF7E24007E7A1B309077F00BEA307D130E
:10C2E0000A127E34FBBE7E24007E7A1B30740A7EE6
:10C2F00014FBBB7E04007E7E0B704C7B7A0B70744B
:10C30000017E14F7CD7E04007E7E0B704C7B7A0B91
:10C310007074507E14F7A07E04007E7E0B704C7B00
:10C320007A0B7074CF7E14FD6D7E04007E7E0B70E0
:10C330005C7B7A0B709077EC0BEA207E346060BDFA
:10C3400023781F9077EA0BEA207E346061BD237862
:10C35000117E14FD6D7E04007E7E0B707A0B7002E0
:10C36000C56B9077EC0BEA207E3461B4BD23782353
:10C370009077EA0BEA207E3461B5BD2378157410FE
:10C380007E14FD6D7E04007E7E0B704C7B7A0B70FC
:10C3900002C56B9077EC0BEA207E3462A0BD237857
:10C3A000239077EA0BEA207E3462A1BD23781574CE
:10C3B000207E14FD6D7E04007E7E0B704C7B7A0B1C
:10C3C0007002C56B9077EC0BEA207E346322BD23AC
:10C3D000680302C56B9077EA0BEA207E346323BDC5
:10C3E00023680302C56B74307E14FD6D7E04007EED
:10C3F0007E0B704C7B7A0B7002C56B9077EE0BEA6C
:10C40000207E340002BD23782B9077F00BEA50F5A4
:10C41000D79077F00BEA307D530A5AF5D6438E1445
:10C4200074FE7E14F7CD7E04007E7E0B705C7B7AFA
:10C430000B7080589077EE0BEA207E340008BD2305
:10C44000784A9077F00BEA107E34FBBD7E24007EA4
:10C450007A1B309077F00BEA307D130A127E34FBA2
:10C46000BC7E24007E7A1B3074A07E14FBBB7E044D
:10C47000007E7E0B704C7B7A0B7074017E14F7FD8E
:10C480007E04007E7E0B704C7B7A0B7074507E14A1
:10C49000F7D07E04007E7E0B704C7B7A0B70743F6D
:10C4A0007E14FD6D7E04007E7E0B705C7B7A0B70CB
:10C4B0009077EC0BEA207E347062BD23781F907772
:10C4C000EA0BEA207E347063BD2378117E14FD6D83
:10C4D0007E04007E7E0B707A0B7002C56B9077EC49
:10C4E0000BEA207E3471B6BD2378229077EA0BEAFE
:10C4F000207E3471B7BD23781474407E14FD6D7EA8
:10C5000004007E7E0B704C7B7A0B70805E9077EC23
:10C510000BEA207E3472A2BD2378229077EA0BEAE0
:10C52000207E3472A3BD23781474807E14FD6D7E4A
:10C5300004007E7E0B704C7B7A0B70802E9077EC23
:10C540000BEA207E347370BD2378209077EA0BEAE3
:10C55000207E347371BD23781274C07E14FD6D7E0D
:10C5600004007E7E0B704C7B7A0B709077E40BEAB4
:10C57000309AFCB554AA90766F1BEA2090766B1B1C
:10C58000EA00791E00029076691BEA307E34474B40
:10C590007E2400FE7E1476737E04000174089AFDEA
:10C5A000C8FB9076690BEA207E3476732D327A715F
:10C5B000827A6183E090767BF06D229076690BEA57
:10C5C00030BD3248129076690BEA207E340007BDF8
:10C5D00023180474018001E47E1446E07E0400FE0A
:10C5E0007E3402E39AFE25E49076710BEA30907770
:10C5F000EC1BEA3090767BE00A3B9077EE1BEA304A
:10C600009076690BEA3090766B691E00020BEA00A7
:10C6100090766F0BEA209AFCB997AA907F65F0900C
:10C620007F65E0BEB008400302C6C37EA003A490AD
:10C63000C6337302C64B02C65202C66D02C67E02E4
:10C64000C68F02C6A802C6B402C6C99AFCDE0D0295
:10C65000C6D1E4906B3DF0E4906B31F0E4906B3325
:10C66000F0E4906A3AF0E4906AB4F0805CE4906B95
:10C6700031F0E4906B33F0E4906AB4F0804BE490D6
:10C680006B35F0E4906AB4F0E4906B3CF0803AE4EF
:10C69000906B32F06D33906B371BEA30E4906B3E59
:10C6A000F0E4906B3CF08021E4906AB5F0E4906B8C
:10C6B0003EF08015E4906B34F06D33906B2F1BEAE5
:10C6C0003080069AFCDE0D8008907F65E0906B2E2E
:10C6D000F022907F397AEB70907F38F0907F397E2E
:10C6E000EBA0907F38E0BCBA2810907F39E00A4B6D
:10C6F000907F38E00A5B9D54800E907F38E00A4BB3
:10C70000907F39E00A5B9D5422907F3B7AEB7090DA
:10C710007F3AF0907F3AE00A2B7E3465592D327AC9
:10C7200071827A61837EEBA0907F3AE00A2B7E349F
:10C7300064DF2D327A71827A6183E0BCBA3803E417
:10C74000803B907F3AE00A2B7E3465592D327A7116
:10C75000827A6183E00A3B907F3AE00A1B7E246480
:10C76000DF2D217A51827A4183E00A2B9D23907F2D
:10C770003BE00A3BBD23080474018001E42290657C
:10C78000C77EEBA0740ABCAB400474018001E422B4
:10C7900090654D7EEBA074B1BCAB38047401800190
:10C7A000E422907F3C1BEA306D22907F3C0BEA3004
:10C7B000BD325803E48018907F3C0BEA207E3400A1
:10C7C000BCBD23480474BB8006907F3C0BEA50AA92
:10C7D000907D3D7AEB70907D3CF0907D3DE00A2BA2
:10C7E000907D3CE00A3B9D32907D3E1BEA306D22FD
:10C7F000907D3E0BEA30BD32481A907D3E0BEA2018
:10C800000E240E24907D3CE00A3B2D32907D401B8F
:10C81000EA30801C907D3E0BEA306D229D230E2471
:10C820000E24907D3CE00A3B9D32907D401BEA3017
:10C83000907D400BEA309AFCC7A2229075907AEB6B
:10C840006090758E1BEA1090758C1BEA2090758B9A
:10C850007AEB7090758AF090758A7EEBA090758B5C
:10C86000E0BCBA380302C9F290758AE00A2B9075D1
:10C870008BE00A3B9D329075951BEA3090758C0BCE
:10C88000EA2090758E0BEA309D329075911BEA304C
:10C890007E3400019075931BEA306D229075910BE8
:10C8A000EA30BD32581C9075910BEA306E34FFFFB0
:10C8B0000B349075911BEA307E34FFFF9075931B0B
:10C8C000EA309075950BEA209075910BEA309AFD4D
:10C8D000C8269075971BEA309075950BEA109075F5
:10C8E000970BEA00AD109075910BEA309D31907571
:10C8F000991BEA309075950BEA300E3490759B1BAE
:10C90000EA3090758C0BEA3090759D1BEA3090757B
:10C910008AE00A4B7E5400012D5490759FF002C9A5
:10C92000E19075970BEA109075930BEA00AD1090AB
:10C93000759D0BEA302D3190759D1BEA30907599ED
:10C940000BEA2090759B0BEA302D3290759B1BEA09
:10C95000309075950BEA2090759B0BEA30BD3248FC
:10C96000289075930BEA2090759D0BEA302D32903C
:10C97000759D1BEA309075950BEA2090759B0BEA2C
:10C98000309D3290759B1BEA30907590E0BEB000F0
:10C99000782390759D0BEA309AFCC7A27CAB90750A
:10C9A0009FE00A2B7E346AB62D327A71827A6183D7
:10C9B0007AEBA0802190759D0BEA309AFCC7A27C8F
:10C9C000AB90759FE00A2B7E346A3C2D327A7182DF
:10C9D0007A61837AEBA090759F7EEBA074012CBAEC
:10C9E000F090758B7EEBA090759FE0BCBA5003026F
:10C9F000C921227E146AB67E0400017E340078E4E8
:10CA00009AFE33B3227E146A3C7E0400017E340019
:10CA10007874BB9AFE33B322906B2EE0BEB00068F0
:10CA200033906A3BE0BEB00068067E3400018002AD
:10CA30006D33906A39E0BEB00068067E2400018044
:10CA4000026D222D237E340001BD2368079AFCDE8F
:10CA50000D02CBB2906B2EE0146833146856146844
:10CA60007914780302CB1D14780302CB3F147803AA
:10CA700002CB612406680302CBAE9AFCCE4ABEB05C
:10CA800000780302CBB2740112C61B02CBB2906ACB
:10CA90003BE0BEB000680512D76B80049AFCCF95CE
:10CAA000906B3DE0BEB000780302CBB2740212C6B8
:10CAB0001B02CBB2906A3BE0BEB000680512D92BD6
:10CAC00080049AFCD151906B31E0BEB00078030233
:10CAD000CBB2740312C61B02CBB2906A3BE0BEB06D
:10CAE00000680512DBB180049AFCD3D6906B35E068
:10CAF000BEB0006820906B3C7EEBA074012CAB7A3A
:10CB0000EBA07403BCAB4005740412C61BE4906B2D
:10CB100035F002CBB2E4906B3CF002CBB2906A3BB2
:10CB2000E0BEB000680512DCA080049AFCD4B3908B
:10CB30006B32E0BEB000687A740512C61B80739039
:10CB40006A3BE0BEB000680512DD0080049AFCD6A6
:10CB500062906AB5E0BEB0006858740612C61B80C9
:10CB600051906B2F0BEA207E340064BD23500F9050
:10CB70006B2F0BEA207E3400012D321BEA30906AC5
:10CB80003BE0BEB000680512DDC680049AFCD725E4
:10CB9000906B34E0BEB000780E906B2F0BEA207ED5
:10CBA000340064BD23400B740712C61B80049AFC3A
:10CBB000DE0DAA907B217AEB60907B207AEB70905F
:10CBC0007B1FF0907B1F7EEBA07478BCAB4006749B
:10CBD00077907B1FF0907B207EEBA07478BCAB40FD
:10CBE000067477907B20F0907B207EEBA0907B1FDB
:10CBF000E0BCBA2848907B20E0907B22F0907B1F1D
:10CC0000E0907B23F0907B20E00A2B7E346A3C2D61
:10CC1000327A71827A6183E00A3B907B241BEA308E
:10CC2000907B1FE00A2B7E346AB62D327A71827AAD
:10CC30006183E00A3B907B261BEA308046907B1F95
:10CC4000E0907B22F0907B20E0907B23F0907B1F94
:10CC5000E00A2B7E346AB62D327A71827A6183E0E3
:10CC60000A3B907B241BEA30907B20E00A2B7E3429
:10CC70006A3C2D327A71827A6183E00A3B907B268E
:10CC80001BEA30907B227EEBA0907B23E0BCBA684D
:10CC900042907B21E0BEB000781D907B22E0907B2B
:10CCA000237EEB70907B240BEA20907B260BEA100E
:10CCB0006C6612C83B801C907B22E0907B237EEB4D
:10CCC00070907B240BEA20907B260BEA107E60019B
:10CCD00012C83BAA907C6F7AEB60907C6E7AEB7006
:10CCE000907C6DF0907C6D7EEBA07478BCAB4006C0
:10CCF0007477907C6DF0907C6E7EEBA07478BCAB0A
:10CD000040067477907C6EF0907C6E7EEBA0907CF9
:10CD10006DE0BCBA380302CDC7907C6FE0BEB000B6
:10CD20007853907C6EE00A2B7E346AB62D327A718D
:10CD3000827A6183E00A3B907C701BEA30907C6DC4
:10CD4000E00A2B7E346AB62D327A71827A6183E0F2
:10CD50000A3B907C721BEA30907C6EE0907C6D7E8A
:10CD6000EB70907C700BEA20907C720BEA106C6682
:10CD700012C83B8052907C6EE00A2B7E346A3C2DB8
:10CD8000327A71827A6183E00A3B907C701BEA30D0
:10CD9000907C6DE00A2B7E346A3C2D327A71827A67
:10CDA0006183E00A3B907C721BEA30907C6EE090DD
:10CDB0007C6D7EEB70907C700BEA20907C720BEAAD
:10CDC000107E600112C83BAA907BF81BEA00791E16
:10CDD00000027E340073907BFC1BEA30805B907B0A
:10CDE000FC0BEA10907BF8693E00020BEA202D3123
:10CDF0007E1BB0907BFEF0907BFC0BEA10907BF8E2
:10CE0000693E00020BEA202D311B367E1BB0907B61
:10CE1000FFF0907BFEE0907BFF7EEB7012C6D27C31
:10CE2000AB7414BCAB2803E4801F7E240004907B09
:10CE3000FC0BEA309D321BEA30907BFC0BEA207E33
:10CE400034001CBD2318977401AA7E1464DF7E048D
:10CE500000019AFCCDC8907F3EF07E1465597E0497
:10CE600000019AFCCDC8907F3FF0907F3FE0BEB0BC
:10CE7000007829907F3EE0BEB000682012C77E0A8D
:10CE80002B6D33BD2368157401906B3BF0740190DA
:10CE90006A39F0E4906A3BF074018042907F3EE092
:10CEA000BEB0007829907F3FE0BEB000682012C776
:10CEB000900A2B6D33BD2368157401906B3BF0E431
:10CEC000906A39F07401906A3BF074018010E4902C
:10CED0006B3BF0E4906A39F0E4906A3BF0E4AA7EA0
:10CEE0001464DF7E0400019AFCCDC8907F40F07E80
:10CEF0001465597E0400019AFCCDC8907F41F090E2
:10CF00006A39E0BEB0006824907F41E0BEB000788E
:10CF100018907F40E0BEB000680F12C77E0A2B6DEC
:10CF200033BD23680474018001E48040906A3BE0D3
:10CF3000BEB0006824907F40E0BEB0007818907FBB
:10CF400041E0BEB000680F12C7900A2B6D33BD23BD
:10CF5000680474018001E48013907F417EEBA0900F
:10CF60007F40E0BCBA680474018001E4AA9AFCCE58
:10CF7000DFBEB0007819906A3A7EEBA074012CAB4A
:10CF80007AEBA07403BCAB400BE412C61B8005E433
:10CF9000906A3AF022E4907D46F0E4907D47F07488
:10CFA00075907D42F08058907D42E00A2B7E34657A
:10CFB000592D327A71827A6183E0907D43F0907DC1
:10CFC00042E00A2B7E3465572D327A71827A618372
:10CFD000E0907D44F0907D44E00A3B907D43E00A80
:10CFE0002B9D237E34000FBD23480A907D42E090A4
:10CFF0007D46F080167EA002907D42E09CBAF090C3
:10D000007D427EEBA0741EBCAB389C907D46E0BE9A
:10D01000B000780612CF6D02D150907D46E00A5BD9
:10D020007E4400049D54907D42F002D0AC907D423D
:10D03000E00A2B7E34655D2D327A71827A6183E05D
:10D04000907D43F0907D42E00A2B7E3465592D326D
:10D050007A71827A6183E0907D45F0907D42E00AAA
:10D060002B7E3465552D327A71827A6183E0907D12
:10D0700044F0907D437EEBA0907D45E0BCBA402219
:10D08000907D447EEBA0907D45E0BCBA4014907D3D
:10D09000457EEBA0741EBCAB2808907D42E0907DDD
:10D0A00047F07EA004907D42E09CBAF0907D427EE5
:10D0B000EBA07404BCAB280302D02D907D47E0BEEA
:10D0C000B0006810907D46E0907D477EEB706C6606
:10D0D0009AFCCCD4907D47E0BEB000687012C77E49
:10D0E0000A2B6D33BD2368659065B77EEBA0740293
:10D0F000BCAB38599065AE7EEBA07402BCAB384D2A
:10D1000074377E706E12C7090A2B6D33BD237830D9
:10D11000741E7E706E12C7090A2B6D33BD237820F2
:10D1200074237E706E12C7090A2B6D33BD237810ED
:10D1300074287E706E12C7090A2B6D33BD23680DEB
:10D140007401906B3DF0E4906A3AF0800312CF6D69
:10D15000AAE4907C06F0E4907C07F07473907C0065
:10D16000F002D29F907C00E00A2B7E34655D2D3268
:10D170007A71827A6183E0907C05F0907C00E00A0D
:10D180002B7E34655B2D327A71827A6183E0907CEC
:10D1900001F0907C00E00A2B7E3465592D327A71C3
:10D1A000827A6183E0907C02F0907C00E00A2B7E22
:10D1B0003465572D327A71827A6183E0907C03F076
:10D1C000907C00E00A2B7E3465552D327A71827A8C
:10D1D0006183E0907C04F0907C027EEBA07408BC3C
:10D1E000AB500302D295907C017EEBA0907C02E0D4
:10D1F000BCBA500302D295907C01E00A3B907C02BD
:10D20000E00A2B9D237E340014BD23480302D295EF
:10D21000907C057EEBA0907C01E0BCBA500302D26A
:10D2200095907C05E00A3B907C01E00A2B9D237ED3
:10D23000340014BD23585E907C037EEBA0907C02EA
:10D24000E0BCBA4050907C03E00A3B907C02E00ACC
:10D250002B9D237E340014BD23583A907C047EEB32
:10D26000A0907C03E0BCBA402C907C04E00A3B9088
:10D270007C03E00A2B9D237E340014BD23581690B6
:10D280007C027EEBA07414BCAB280A907C00E0907A
:10D290007C06F080197EA002907C00E09CBAF090A1
:10D2A0007C007EEBA07414BCAB280302D164907C9C
:10D2B00006E0BEB0006815E4906AB4F07477907C24
:10D2C000067EEB706C669AFCCCD4801E906AB47EAD
:10D2D000EBA074012CAB7AEBA07403BCAB5003023F
:10D2E000D3D5740112C61B02D3D5907C067EEBA069
:10D2F000743CBCAB40067401906B33F07451907C6D
:10D3000000F002D39D907C00E00A2B7E3465592DFD
:10D31000327A71827A6183E0907C01F0907C00E047
:10D320000A2B7E3465572D327A71827A6183E090C0
:10D330007C03F0907C01E00A3B907C03E00A2B9D8B
:10D34000237E34000FBD23484A9065C77EEBA0744E
:10D350000ABCAB403E907C00E00A2B7E3465552D24
:10D36000327A71827A61837EEBA07414BCAB28237D
:10D37000907C00E00A2B7E3465532D327A71827ADC
:10D3800061837EEBA07414BCAB28087401907C0709
:10D39000F080197EA002907C00E09CBAF0907C00A6
:10D3A0007EEBA0740ABCAB280302D305906B33E07C
:10D3B000BEB0006820907C07E0BEB000780C907C86
:10D3C000067EEBA0742DBCAB500B7401906B31F05A
:10D3D000E4906AB4F0AAE4907EAAF07477907EA7F5
:10D3E000F002D47A907EA7E00A2B7E3465572D3266
:10D3F0007A71827A6183E0907EA9F0907EA7E00A3C
:10D400002B7E3465592D327A71827A6183E0907E69
:10D41000A8F0907EA8E00A3B907EA9E00A2B9D230D
:10D420007E340014BD234848907EA7E00A2B7E344A
:10D4300065552D327A71827A61837EEBA07414BCBB
:10D44000AB282D907EA7E00A2B7E3465532D327ACF
:10D4500071827A61837EEBA07414BCAB2812907E3B
:10D46000A7E00A5B7E4400029D54907EAAF08019DA
:10D470007EA002907EA7E09CBAF0907EA77EEBA0F3
:10D48000740ABCAB280302D3E4907EAAE0BEB000CD
:10D490006820907EAAE07E70777E60019AFCCBB314
:10D4A000907EAA7EEBA07432BCAB40067401906BF8
:10D4B00035F0AA7477907EACF074BB907EAEF0121B
:10D4C000C9F3906B370BEA207E340023BD23500F45
:10D4D000906B370BEA207E3400012D321BEA30744A
:10D4E00077907EABF0803F907EABE00A2B7E346479
:10D4F000DF2D327A71827A6183E0907EADF0907E8A
:10D50000AE7EEBA0907EADE0BCBA5010907EADE058
:10D51000907EAEF0907EABE0907EACF07EA002906C
:10D520007EABE09CBAF0907EAB7EEBA07406BCAB09
:10D5300038B5907EAC7EEBA07402BCAB380302D54C
:10D54000EF907EAC7EEBA07476BCAB400302D5EFCF
:10D55000907EACE00A2B7E3464DF2D327A71827AC1
:10D560006183E00A3B907EACE00A1B7E2464DD2DE3
:10D57000217A51827A4183E00A2B9D237E34001E5A
:10D58000BD235834907EACE00A2B7E3464DF2D320C
:10D590007A71827A6183E00A3B907EACE00A1B7E5E
:10D5A0002464E12D217A51827A4183E00A2B9D2364
:10D5B0007E34001EBD23480C907EAC7EEBA0742808
:10D5C000BCAB502B742F9065D07EEB7012C7D090FF
:10D5D0006AB3F0740F906AB6F0740F906A3CF0E48E
:10D5E0007E70777E60019AFCCBB3E4906AB6F090CF
:10D5F0006B370BEA207E340023BD23400D7401906D
:10D600006B32F0E4906B3EF08057906B370BEA2062
:10D610007E340014BD2340449065117EEBA074B4A9
:10D62000BCAB283890651B7EEBA074B4BCAB282C37
:10D6300090658B7EEBA07402BCAB5020906B3E7E5D
:10D64000EBA074012CAB7AEBA07403BCAB4012745A
:10D6500001906B32F0E4906B3EF08005E4906B3EFD
:10D66000F0AA12C9F3742F9065D07EEB7012C7D068
:10D67000906AB3F0740A906AB6F0740A906A3CF04B
:10D68000E47E70777E60019AFCCBB3E4906AB6F0DA
:10D690009065777EEBA07410BCAB38189065817EE6
:10D6A000EBA07410BCAB380C90658B7EEBA07410B3
:10D6B000BCAB28709065077EEBA074AABCAB50642D
:10D6C0009065117EEBA074AABCAB505890651B7E90
:10D6D000EBA074AABCAB504C9065027EEBA09064AA
:10D6E000FDE0BCBA503E9065077EEBA0906502E07D
:10D6F000BCBA50309065117EEBA090650CE0BCBACE
:10D70000502290650C7EEBA0906507E0BCBA5014E7
:10D710009065167EEBA0906511E0BCBA50067401CE
:10D72000906AB5F0AA74777E70286C669AFCCCD4A7
:10D730007E1465597E0400019AFCCDC80A2B6D3316
:10D74000BD2368267E1464DF7E0400019AFCCDC8E8
:10D750000A2B6D33BD2368129065C77EEBA074055C
:10D76000BCAB40067401906B34F0AAE4907D4CF0A1
:10D77000E4907D4DF07475907D48F08058907D4820
:10D78000E00A2B7E3464DF2D327A71827A6183E085
:10D79000907D49F0907D48E00A2B7E3464DD2D3287
:10D7A0007A71827A6183E0907D4AF0907D49E00A47
:10D7B0003B907D4AE00A2B9D237E34000FBD234819
:10D7C0000A907D48E0907D4CF080167EA002907D0E
:10D7D00048E09CBAF0907D487EEBA0741EBCAB384C
:10D7E0009C907D4CE0BEB000780612CF6D02D92A25
:10D7F000907D4CE00A5B7E4400049D54907D48F08F
:10D8000002D882907D48E00A2B7E3464E32D327A80
:10D8100071827A6183E0907D49F0907D48E00A2B27
:10D820007E3464DF2D327A71827A6183E0907D4BA1
:10D83000F0907D48E00A2B7E3464DB2D327A7182D1
:10D840007A6183E0907D4AF0907D497EEBA0907DE7
:10D850004BE0BCBA3822907D4A7EEBA0907D4BE035
:10D86000BCBA3814907D4B7EEBA0749DBCAB5008C5
:10D87000907D48E0907D4DF07EA004907D48E09C36
:10D88000BAF0907D487EEBA07404BCAB280302D8AC
:10D8900003907D4DE0BEB0006811907D4CE0907D1E
:10D8A0004D7EEB707E60019AFCCCD4907D4DE0BE45
:10D8B000B000780302D92712C7900A2B6D33BD231D
:10D8C000686590653D7EEBA074B9BCAB405990652E
:10D8D000347EEBA074B9BCAB404D74377E706E12D1
:10D8E000C7090A2B6D33BD237830741E7E706E120B
:10D8F000C7090A2B6D33BD23782074237E706E1206
:10D90000C7090A2B6D33BD23781074287E706E1200
:10D91000C7090A2B6D33BD23680D7401906B3DF070
:10D92000E4906A3AF0800312CF6D22E4907C0EF00E
:10D93000E4907C0FF07473907C08F002DA79907CAC
:10D9400008E00A2B7E3464E32D327A71827A618397
:10D95000E0907C0DF0907C08E00A2B7E3464E12D91
:10D96000327A71827A6183E0907C09F0907C08E0E1
:10D970000A2B7E3464DF2D327A71827A6183E090E3
:10D980007C0AF0907C08E00A2B7E3464DD2D327A2C
:10D9900071827A6183E0907C0BF0907C08E00A2B26
:10D9A0007E3464DB2D327A71827A6183E0907C0C64
:10D9B000F0907C0A7EEBA074B3BCAB280302DA6F54
:10D9C000907C097EEBA0907C0AE0BCBA280302DAC6
:10D9D0006F907C0AE00A3B907C09E00A2B9D237E35
:10D9E000340014BD23480302DA6F907C0D7EEBA057
:10D9F000907C09E0BCBA280302DA6F907C09E00A47
:10DA00003B907C0DE00A2B9D237E340014BD2358EF
:10DA10005E907C0B7EEBA0907C0AE0BCBA38509004
:10DA20007C0AE00A3B907C0BE00A2B9D237E3400AD
:10DA300014BD23583A907C0C7EEBA0907C0BE0BC8C
:10DA4000BA382C907C0BE00A3B907C0CE00A2B9DB2
:10DA5000237E340014BD235816907C0A7EEBA074FC
:10DA6000A7BCAB500A907C08E0907C0EF080197E39
:10DA7000A002907C08E09CBAF0907C087EEBA07439
:10DA800014BCAB280302D93E907C0EE0BEB0006807
:10DA900016E4906AB4F07477907C0E7EEB707E6032
:10DAA000019AFCCCD4801E906AB47EEBA074012C49
:10DAB000AB7AEBA07403BCAB500302DBB074011271
:10DAC000C61B02DBB0907C0E7EEBA0743CBCAB406E
:10DAD000067401906B33F07451907C08F002DB788F
:10DAE000907C08E00A2B7E3464DF2D327A71827AD2
:10DAF0006183E0907C09F0907C08E00A2B7E34641E
:10DB0000DD2D327A71827A6183E0907C0BF0907C1B
:10DB10000BE00A3B907C09E00A2B9D237E34000F2A
:10DB2000BD23484A90654D7EEBA074B1BCAB383E36
:10DB3000907C08E00A2B7E3464DB2D327A71827A85
:10DB400061837EEBA074A7BCAB5023907C08E00AF5
:10DB50002B7E3464D92D327A71827A61837EEBA078
:10DB600074A7BCAB50087401907C0FF080197EA0A4
:10DB700002907C08E09CBAF0907C087EEBA0740ACE
:10DB8000BCAB280302DAE0906B33E0BEB000682043
:10DB9000907C0FE0BEB000780C907C0E7EEBA07401
:10DBA0002DBCAB500B7401906B31F0E4906AB4F073
:10DBB00022E4907EB2F07477907EAFF002DC559054
:10DBC0007EAFE00A2B7E3464DD2D327A71827A6179
:10DBD00083E0907EB1F0907EAFE00A2B7E3464DF6C
:10DBE0002D327A71827A6183E0907EB0F0907EB1BE
:10DBF000E00A3B907EB0E00A2B9D237E340014BDEA
:10DC0000234848907EAFE00A2B7E3464DB2D327AC5
:10DC100071827A61837EEBA074A7BCAB502D907E9D
:10DC2000AFE00A2B7E3464D92D327A71827A618317
:10DC30007EEBA074A7BCAB5012907EAFE00A5B7E77
:10DC40004400029D54907EB2F080197EA002907E26
:10DC5000AFE09CBAF0907EAF7EEBA0740ABCAB281C
:10DC60000302DBBF907EB2E0BEB0006832906B2D45
:10DC70007EEBA0741EBCAB5006741E906B2DF0742E
:10DC800077907EB27EEB706C669AFCCBB3907EB2DE
:10DC90007EEBA07432BCAB40067401906B35F02271
:10DCA00012CA05906B370BEA207E340023BD235047
:10DCB0000F906B370BEA207E3400012D321BEA30C7
:10DCC000748D9065567EEB7012C7D0906B2DF074FA
:10DCD000AC906AB6F074AC906A3CF074776C776C78
:10DCE000669AFCCBB374BB906A3CF0906B370BEA3E
:10DCF000207E340023BD2340067401906B32F02255
:10DD000012CA05748D9065567EEB7012C7D0906B69
:10DD10002DF074B1906AB6F074B1906A3CF07477EB
:10DD20006C776C669AFCCBB374BB906A3CF09064E1
:10DD3000FD7EEBA074ABBCAB401B9065077EEBA0F7
:10DD400074ABBCAB400F9065117EEBA074ABBCAB69
:10DD5000400302DDC59065817EEBA07411BCAB2849
:10DD60006490658B7EEBA07411BCAB2858906595D0
:10DD70007EEBA07411BCAB284C90657C7EEBA09030
:10DD80006577E0BCBA283E9065817EEBA090657C0B
:10DD9000E0BCBA283090658B7EEBA0906586E0BC35
:10DDA000BA28229065867EEBA0906581E0BCBA28F7
:10DDB000149065907EEBA090658BE0BCBA28067449
:10DDC00001906AB5F02274777E70287E60019AFC1B
:10DDD000CCD47E1465597E0400019AFCCDC80A2B70
:10DDE0006D33BD2368267E1464DF7E0400019AFC37
:10DDF000CDC80A2B6D33BD23681290654D7EEBA014
:10DE000074B6BCAB38067401906B34F022E4906BAE
:10DE10003BF0E4906B3DF0E4906A39F0E4906A3BAB
:10DE2000F0E4906B31F0E4906B35F0E4906B32F0FD
:10DE3000E4906AB5F0E4906B34F0E4906B33F0E476
:10DE4000906A3AF0E4906AB4F0E4906B3CF0E490AD
:10DE50006B3EF0E4906B2EF06D33906B371BEA3025
:10DE60006D33906B2F1BEA30AA907F5BF0D3D2B555
:10DE7000C3C2B5C3C2F97E340001907F5BE09AFC57
:10DE800079B4D3D2F9D3D2B5C3C2B522907BBE1B2D
:10DE9000EA00907BBC1BEA10907BBA1BEA20907BC7
:10DEA000B81BEA30907A7D0BEA20907BB80BEA3001
:10DEB000BD32500474018001E47E1448AC7E04003D
:10DEC000FE7E34006B9AFE25E4907A7F0BEA209068
:10DED0007BBA0BEA30BD32500474018001E47E1439
:10DEE00048AC7E0400FE7E34006C9AFE25E4907AF5
:10DEF0007D0BEA20907BBC0BEA30BD3250047401EC
:10DF00008001E47E1448AC7E0400FE7E34006D9AED
:10DF1000FE25E4907A7F0BEA20907BBE0BEA30BDB1
:10DF200032500474018001E47E1448AC7E0400FE8B
:10DF30007E34006E9AFE25E4742A12DE697E340077
:10DF400001907BB80BEA209AFC7A187E340001908D
:10DF50007BBC0BEA209AFC7A18742B12DE697E34A3
:10DF60000001907BBA0BEA209AFC7A187E340001FB
:10DF7000907BBE0BEA209AFC7A18742C12DE692280
:10DF80009061651BEA306D336D22907A7D0BEA104B
:10DF90007E0400019D10907A7F0BEA007E54000100
:10DFA0009D0512DE8C6D339061671BEA30802C90EA
:10DFB00061650BEA209061670BEA103E147E3461C4
:10DFC000692D317A71827A61831BEA209061670B37
:10DFD000EA207E3400012D321BEA309061670BEAA3
:10DFE000207E3400F0BD2340C66D339061671BEA8C
:10DFF00030802D7E1800F0907A19793E00021BEADD
:10E00000207E3400017E1461697E0400019AFC7A4E
:10E01000459061670BEA207E3400012D321BEA3007
:10E020009061670BEA207E340140BD2340C5AA9071
:10E030007F1A1BEA30907F1A0BEA30907A7B1BEA3A
:10E0400030907A7B0BEA301B34680E1B3468201B3F
:10E0500034681C2E340003782A7E3400F0907A7DD8
:10E060001BEA307E340140907A7F1BEA3080147EB8
:10E07000340140907A7D1BEA307E3400F0907A7F44
:10E080001BEA30AA907E751BEA20907E731BEA3053
:10E09000907E730BEA30907A771BEA30907E750B96
:10E0A000EA30907A791BEA30AA907D1C1BEA109026
:10E0B0007D1A1BEA20907D181BEA30907A7D0BEACE
:10E0C00020907D180BEA30BD32500474018001E4C9
:10E0D0007E1448AC7E0400FE7E3400C59AFE25E422
:10E0E000907A7F0BEA20907D1A0BEA30BD32500403
:10E0F00074018001E47E1448AC7E0400FE7E34008E
:10E10000C69AFE25E4907D180BEA30907D1A0BEA42
:10E1100020907D180BEA10907D1A0BEA0012DE8C1D
:10E120007E340001907D1C0BEA209AFC7A18AA909C
:10E130007BC4F0907BC21BEA20907BC01BEA30902E
:10E140007A7D0BEA20907BC00BEA30BD325004741C
:10E15000018001E47E1448AC7E0400FE7E3400D9C8
:10E160009AFE25E4907A7F0BEA20907BC20BEA307E
:10E17000BD32500474018001E47E1448AC7E04007A
:10E18000FE7E3400DA9AFE25E4E4907BC5F002E2DC
:10E190003E907BC00BEA30907BC5E00A1B907BC2AF
:10E1A0000BEA202D21907BC00BEA007E1400072D86
:10E1B00010907BC5E00A5B907BC20BEA002D051234
:10E1C000DE8C907BC4E01A3B3E343E343E343E3419
:10E1D000907BC5E00A2B2D237E34011F2D327E2437
:10E1E00000FF7E1BB0907BC7F0E4907BC6F08037C9
:10E1F000907BC7E030E0107E340001907A770BEA24
:10E20000209AFC7A18800E7E340001907A790BEA0D
:10E21000209AFC7A18907BC7E01EB0F0907BC67EF7
:10E22000EBA074012CBAF0907BC67EEBA07408BC06
:10E23000AB40BD907BC57EEBA074012CBAF0907B07
:10E24000C57EEBA07410BCAB500302E191AA907A9A
:10E25000851BEA00791E0002907A831BEA20907ADF
:10E26000811BEA306D33907A891BEA30907A7D0BFE
:10E27000EA20907A810BEA30BD32500474018001AB
:10E28000E47E1448AC7E0400FE7E3400F79AFE253E
:10E29000E4907A7F0BEA20907A830BEA30BD32500B
:10E2A0000474018001E47E1448AC7E0400FE7E34D8
:10E2B00000F89AFE25E48042907A890BEA203E24F9
:10E2C0003E243E24907A810BEA302D32907A830BE3
:10E2D000EA20907A890BEA50907A85691E00020B39
:10E2E000EA002D157E0BB09AFCE12F907A890BEA9B
:10E2F000207E3400012D321BEA30907A890BEA101F
:10E30000907A85693E00020BEA202D317E1BB0BE5B
:10E31000B00078A4AA907AFFF0907AFD1BEA2090D2
:10E320007AFB1BEA30907A7D0BEA20907AFB0BEAAD
:10E3300030BD32500474018001E47E1448AC7E0488
:10E3400000FE7E34010E9AFE25E4907A7F0BEA20CF
:10E35000907AFD0BEA30BD32500474018001E47EF6
:10E360001448AC7E0400FE7E34010F9AFE25E46C56
:10E37000AA907AFFE0BCBA581F907AFB0BEA309063
:10E380007AFD0BEA20742D9AFCE12F907AFFE0646D
:10E39000FF04907AFFF08012907AFB0BEA30907ABB
:10E3A000FD0BEA2074209AFCE12F907AFFE01A3BE3
:10E3B0007E2400649AFDC8267CB7907B00F0907A9A
:10E3C000FFE01A3B7E24000A9AFDC8267E24000A3C
:10E3D0009AFDC8267CB5907B01F0907AFFE01A3B4D
:10E3E0007E24000A9AFDC8267CB5907B02F0E4905A
:10E3F0007B03F0804A907B03E00A3B7E2400012DE2
:10E40000233E243E243E24907AFB0BEA302D3290AA
:10E410007AFD0BEA20907B03E00A0B7E147B002D33
:10E42000107A31827A2183E00A4B7E5400302D54D9
:10E430009AFCE12F907B037EEBA074012CBAF09044
:10E440007B037EEBA07403BCAB40AAAA907B08F0D0
:10E45000907B061BEA20907B041BEA30907A7D0BB0
:10E46000EA20907B040BEA30BD3250047401800135
:10E47000E47E1448AC7E0400FE7E3401329AFE2510
:10E48000E4907A7F0BEA20907B060BEA30BD325095
:10E490000474018001E47E1448AC7E0400FE7E34E6
:10E4A00001339AFE25E4907B08E00A5B7E44006419
:10E4B0008D54907B09F0907B08E00A3B7E24000A93
:10E4C0008D327E24000A9AFDC8267CB5907B0AF026
:10E4D000907B08E00A3B7E24000A9AFDC8267CB5A2
:10E4E000907B0BF0E4907B0CF08042907B0C7EEBF9
:10E4F000707408ACB7907B040BEA302D35907B0626
:10E500000BEA20907B0CE00A0B7E147B092D107A1D
:10E5100031827A2183E00A4B7E5400302D549AFCDC
:10E52000E12F907B0C7EEBA074012CBAF0907B0C59
:10E530007EEBA07403BCAB40B2AA9079441BEA10F6
:10E540009079421BEA209079401BEA30907A7D0B4B
:10E55000EA209079400BEA30BD325004740180010A
:10E56000E47E1448AC7E0400FE7E34014E9AFE2503
:10E57000E4907A7F0BEA209079420BEA30BD32506A
:10E580000474018001E47E1448AC7E0400FE7E34F5
:10E59000014F9AFE25E46D229079440BEA30BD329A
:10E5A00058269079400BEA309079420BEA20742D7E
:10E5B0009AFCE12F9079440BEA306E34FFFF0B3464
:10E5C0009079441BEA3080129079400BEA309079C0
:10E5D000420BEA2074209AFCE12F9079440BEA3038
:10E5E0007E2427109AFDC8267CB7907946F0907952
:10E5F000440BEA307E2403E89AFDC8267E24000AF4
:10E600009AFDC8267CB5907947F09079440BEA30A2
:10E610007E2400649AFDC8267E24000A9AFDC8263E
:10E620007CB5907948F09079440BEA307E24000A5A
:10E630009AFDC8267E24000A9AFDC8267CB59079EA
:10E6400049F09079440BEA307E24000A9AFDC826EE
:10E650007CB590794AF0E490794BF0804A90794B00
:10E66000E00A3B7E2400012D233E243E243E2490DC
:10E6700079400BEA302D329079420BEA2090794BA9
:10E68000E00A0B7E1479462D107A31827A2183E0DC
:10E690000A4B7E5400302D549AFCE12F90794B7E2A
:10E6A000EBA074012CBAF090794B7EEBA07405BC02
:10E6B000AB40AAAA9079501BEA1090794E1BEA2031
:10E6C00090794C1BEA30907A7D0BEA2090794C0BC4
:10E6D000EA30BD32500474018001E47E1448AC7EFF
:10E6E0000400FE7E3401739AFE25E4907A7F0BEAE3
:10E6F0002090794E0BEA30BD32500474018001E461
:10E700007E1448AC7E0400FE7E3401749AFE25E43B
:10E710009079500BEA507E4427108D54907952F036
:10E720009079500BEA307E2403E88D327E24000A73
:10E730008D327CB5907953F09079500BEA307E247D
:10E7400000648D327E24000A8D327CB5907954F0BD
:10E750009079500BEA307E24000A8D327E24000A24
:10E760008D327CB5907955F09079500BEA307E244B
:10E77000000A8D327CB5907956F0E4907957F0809C
:10E78000429079577EEB707408ACB790794C0BEAE5
:10E79000302D3590794E0BEA20907957E00A0B7EA8
:10E7A0001479522D107A31827A2183E00A4B7E54FB
:10E7B00000302D549AFCE12F9079577EEBA0740124
:10E7C0002CBAF09079577EEBA07405BCAB40B2AA8E
:10E7D0009071AAF09071A61BEA00791E0002907158
:10E7E000A41BEA209071A21BEA30907A7D0BEA20EC
:10E7F0009071A20BEA30BD32500474018001E47EB6
:10E800001448AC7E0400FE7E3401939AFE25E49009
:10E810007A7F0BEA209071A40BEA30BD3250047469
:10E82000018001E47E1448AC7E0400FE7E34019435
:10E830009AFE25E49071AA7EEBA0740ABCAB280670
:10E84000740A9071AAF09071AA7EEBA074012CBAA0
:10E85000F09071A6693E00020BEA20BE1800005835
:10E86000309071A6693E00020BEA20906CF9793E67
:10E8700000021BEA207E1471AB7E0400017E344846
:10E88000A97E2400FE9AFC67137CB79071CDF080BE
:10E890003F74209071ABF09071A6693E00020BEAC4
:10E8A00020906CF9793E00021BEA207E1471AC7E48
:10E8B0000400017E3448A97E2400FE9AFC67137C84
:10E8C000B79071CDF09071CD7EEBA074012CBAF0B1
:10E8D00080237EA0209071CDE00A2B7E3471AB2D79
:10E8E000327A71827A61837AEBA09071CD7EEBA04F
:10E8F00074012CBAF09071AA7EEBA09071CDE0BCAF
:10E90000BA40CF6CAA9071AAE00A2B7E3471AB2D6D
:10E91000327A71827A61837AEBA09071A20BEA302D
:10E920009071A40BEA207E1471AB7E0400019AFC66
:10E93000E24EAA9070C3F09070BF1BEA00791E00EF
:10E94000029070BD1BEA209070BB1BEA30907A7D6C
:10E950000BEA209070BB0BEA30BD3250047401808A
:10E9600001E47E1448AC7E0400FE7E3401BE9AFEB3
:10E9700025E4907A7F0BEA209070BD0BEA30BD321F
:10E98000500474018001E47E1448AC7E0400FE7ED5
:10E990003401BF9AFE25E49070C47EEBA07406BCDF
:10E9A000AB280674069070C4F09070C37EEBA07420
:10E9B0000ABCAB2806740A9070C3F09070BF691E41
:10E9C00000020BEA009F119AFDC10B28309070BF26
:10E9D000693E00020BEA20906CF9793E00021BEAC6
:10E9E000207E1470C67E0400017E3448A67E24007A
:10E9F000FE9AFC67137CB79070C5F080399070BFA9
:10EA0000693E00020BEA20906CF9793E00021BEA95
:10EA1000207E1470C77E0400017E3448A67E240048
:10EA2000FE9AFC67137CB79070C5F09070C57EEBC2
:10EA3000A074012CBAF09070C5E00A5B7E44000718
:10EA40009D549070EAF09070C3E00A4B9070EAE039
:10EA50001A5B9D547E4400019D549070E8F09070C4
:10EA6000C4E00A3B9070EAE01A4B2D437E5400014B
:10EA70002D549070E9F0802E7EA0209070E9E01A6D
:10EA80002B7E3470C62D327A71827A61837AEBA044
:10EA90009070E97EEBA074012CBAF09070E87EEBE8
:10EAA000A074012CBAF09070E87EEBA0E4BCAB48F7
:10EAB000C79070BF691E00020BEA009F119AFDC14A
:10EAC0000B281A7EA02D9070E8E01A2B7E3470C6B9
:10EAD0002D327A71827A61837AEBA080187EA02031
:10EAE0009070E8E01A2B7E3470C62D327A71827AEB
:10EAF00061837AEBA06CAA9070E9E01A2B7E3470E7
:10EB0000C62D327A71827A61837AEBA09070BB0B4A
:10EB1000EA309070BD0BEA207E1470C67E040001BE
:10EB20009AFCE24EAA9074131BEA00791E00029030
:10EB300074111BEA2090740F1BEA309F1190741F10
:10EB4000793E00021BEA209F11907423793E000257
:10EB50001BEA20907A7D0BEA2090740F0BEA30BDFF
:10EB600032500474018001E47E1448AC7E0400FE3F
:10EB70007E3401EE9AFE25E4907A7F0BEA209074B1
:10EB8000110BEA30BD32500474018001E47E144858
:10EB9000AC7E0400FE7E3401EF9AFE25E490740FF3
:10EBA0000BEA309074110BEA2090741B0BEA009072
:10EBB000740F0BEA102D107E0400019D1090741D3F
:10EBC0000BEA509074110BEA002D057E5400019D54
:10EBD0000512DE8C9F1190741F793E00021BEA2003
:10EBE00080609F11907423793E00021BEA208025EB
:10EBF0007E340001907A790BEA209AFC7A1890749E
:10EC000023691E00020BEA007E1800012F10793ED6
:10EC100000021BEA2090741B0BEA106D0090742315
:10EC2000693E00020BEA20BF1040C590741F691EA8
:10EC300000020BEA007E1800012F10793E00021B33
:10EC4000EA2090741D0BEA106D0090741F693E005D
:10EC5000020BEA20BF10408A9F1190741F793E007A
:10EC6000021BEA2002ED259074170BEA1090741F26
:10EC7000693E00020BEA209AFDC86990741B0BEAFA
:10EC8000109AFDC872907427793E00021BEA20900A
:10EC90007427693E00020BEA207D13907413693ECD
:10ECA00000020BEA202D317E1B700A2790741D0B89
:10ECB000EA307E1400019D31AD329074190BEA20C8
:10ECC0008D326D2290742B793E00021BEA209074E5
:10ECD0001F693E00020BEA207D2390740F0BEA307F
:10ECE0002D3290741D0BEA107E2400019D126D00E0
:10ECF00090742B695E00020BEA409F029074110B26
:10ED0000EA202D21907A770BEA109AFCE0A9907402
:10ED10001F691E00020BEA007E1800012F10793EC9
:10ED200000021BEA2090741B0BEA106D0090741F08
:10ED3000693E00020BEA20BF10500302EC67AA9064
:10ED400075311BEA00791E0002907530F090752E27
:10ED50001BEA2090752C1BEA30907A7D0BEA2090FC
:10ED6000752C0BEA30BD32500474018001E47E142E
:10ED700048AC7E0400FE7E3402149AFE25E4907AAC
:10ED80007F0BEA2090752E0BEA30BD3250047401DF
:10ED90008001E47E1448AC7E0400FE7E3402159AA5
:10EDA000FE25E4907530E00A5B1E541E541E5490FC
:10EDB0007540F090752C0BEA3090752E0BEA209080
:10EDC0007530E09075357EEB10AC1B7E1400019D14
:10EDD0000190752C0BEA102D10907530E00A5B90B5
:10EDE000752E0BEA002D057E5400019D0512DE8C68
:10EDF0006D339075381BEA3002EF2F907535E09037
:10EE0000753FF0907540E00A1B9075380BEA00AD35
:10EE100010907531693E00020BEA202D319075414A
:10EE2000793E00021BEA2002EF0A6D3390753C1B0D
:10EE3000EA3002EECD7E34000890753A1BEA30804D
:10EE40005E90753A0BEA507E4400019D54907541E6
:10EE5000693E00020BEA207E1BA060051EA014780C
:10EE6000FB74015CBA90753EF090753EE0BEB00058
:10EE700068107E3400019075360BEA209AFC7A18EF
:10EE8000800E7E340001907A790BEA209AFC7A1881
:10EE900090753A0BEA307E2400019D321BEA306DFA
:10EEA0002290753A0BEA30BD321896907541693E52
:10EEB00000020BEA200B34793E00021BEA20907519
:10EEC0003C0BEA207E3400012D321BEA3090754065
:10EED000E00A2B90753C0BEA30BD32580302EE3548
:10EEE000907530E09075407EEB30AC3B9075416999
:10EEF0003E00020BEA20907540E00A0B9D302D3158
:10EF0000907541793E00021BEA2090753F7EEBA090
:10EF10007E70017CBA9CB7F0BEA000680302EE2AA6
:10EF20009075380BEA207E3400012D321BEA3090B8
:10EF30007530E00A2B9075380BEA30BD3258030269
:10EF4000EDFBAA905F74F0905F681BEA00791E00E9
:10EF500002905F661BEA20905F641BEA309F11906D
:10EF60005F75793E00021BEA209F11905F79793E20
:10EF700000021BEA20907A7D0BEA20905F640BEA86
:10EF800030BD32500474018001E47E1448AC7E042C
:10EF900000FE7E34024B9AFE25E4907A7F0BEA2035
:10EFA000905F660BEA30BD32500474018001E47E4C
:10EFB0001448AC7E0400FE7E34024C9AFE25E49098
:10EFC0005F68693E00020BEA204D236804740180EB
:10EFD00001E47E1448AC7E0400FE7E34024D9AFEAD
:10EFE00025E4C3C2B5905F640BEA30905F660BEA1C
:10EFF00020905F700BEA00905F640BEA102D107E8A
:10F000000400019D10905F720BEA50905F660BEA5E
:10F01000002D057E5400019D0512DE8C9F11905F2E
:10F0200079793E00021BEA2002F1F8905F6E0BEA4C
:10F0300010905F79693E00020BEA209AFDC8699042
:10F040005F720BEA109AFDC872905F6C0BEA109A1F
:10F05000FDC8697D13905F68693E00020BEA202DB0
:10F0600031906161793E00021BEA209F11905F752B
:10F07000793E00021BEA2002F1A6905F6C0BEA10B9
:10F08000905F75693E00020BEA209AFDC869905FA7
:10F09000700BEA109AFDC8727D13906161693E00A1
:10F0A000020BEA202D317E1B700A37905F7F1BEA2E
:10F0B00030905F74E0BEB000680302F141905F7F62
:10F0C0000BEA201E241E241E247E34001F5D327C89
:10F0D000676C773E343E343E34905F7D1BEA30905F
:10F0E0005F7F0BEA301E341E347E24003F5D2374A4
:10F0F000053E241478FB905F7D0BEA304D321BEA0D
:10F1000030905F7F0BEA301E341E341E347E2400A4
:10F110001F5D23905F7D0BEA304D321BEA30905F1C
:10F120007D0BEA20905F75691E00020BEA003E1419
:10F130007E345F812D317A71827A61831BEA20806F
:10F140004E905F74E00A2B905F7F0BEA30BD325027
:10F150001F6D22905F75691E00020BEA003E147E4F
:10F16000345F812D317A71827A61831BEA20801F9E
:10F170007E24FFFF905F75691E00020BEA003E14BB
:10F180007E345F812D317A71827A61831BEA20900F
:10F190005F75691E00020BEA007E1800012F1079CE
:10F1A0003E00021BEA20905F700BEA106D00905F3A
:10F1B00075693E00020BEA20BF10500302F07A90FE
:10F1C0005F700BEA306D22907A19793E00021BEADB
:10F1D000207E3400017E145F817E0400019AFC7A57
:10F1E00045905F79691E00020BEA007E1800012F2E
:10F1F00010793E00021BEA20905F720BEA106D004E
:10F20000905F79693E00020BEA20BF10500302F0C4
:10F210002BD3D2B5AA7E3413939076351BEA307E79
:10F220003413919076371BEA307E34FFFF907639A5
:10F230001BEA307E34FFFF90763B1BEA307E3400C1
:10F24000016D227E146C007E0402DC9AFC7EB27E8C
:10F250003400817E240001E47E1400109AFD29C749
:10F260007E3400807E240001E47E1400109AFD2983
:10F27000C77E3400457E240001E47E1400109AFD10
:10F2800029C77E3400927E24000174017E14001090
:10F290009AFD29C7907A7B0BEA309AFCE02F907A8E
:10F2A000770BEA30907A790BEA209AFCE084C3C2AB
:10F2B000F87E1403E8907DF3693E00020BEA209A81
:10F2C000FDC8727E1400C89AFDC8699AFE301AD330
:10F2D000D2F87E1403E8907DF3693E00020BEA2029
:10F2E0009AFDC8727E1400649AFDC8699AFE301AAD
:10F2F000743612DE697E1403E8907DF3693E0002E5
:10F300000BEA209AFDC8727E1400649AFDC8699ABF
:10F31000FE301A6D22907A7B0BEA30BD32780B7E7C
:10F32000340001E49AFC79B4803E907A7B0BEA20A9
:10F330007E340001BD23780C7E34000174C09AFC39
:10F3400079B48024907A7B0BEA207E340002BD23BE
:10F35000780C7E34000174709AFC79B4800A7E3493
:10F36000000174A09AFC79B4743A12DE697E34000C
:10F370000174059AFC79B474B212DE697E3400011E
:10F38000740C9AFC79B47E340001740C9AFC79B444
:10F390007E340001E49AFC79B47E34000174339A1F
:10F3A000FC79B47E34000174339AFC79B474B712DA
:10F3B000DE697E34000174359AFC79B474BB12DEC8
:10F3C000697E34000174379AFC79B474C012DE6926
:10F3D0007E340001742C9AFC79B474C212DE697E0A
:10F3E00034000174019AFC79B474C312DE697E346E
:10F3F000000174129AFC79B474C412DE697E340080
:10F400000174209AFC79B474C612DE697E3400015E
:10F41000740F9AFC79B474D012DE697E34000174E2
:10F42000A49AFC79B47E34000174A19AFC79B47476
:10F43000E012DE697E34000174D09AFC79B47E3427
:10F44000000174049AFC79B47E340001740D9AFCB6
:10F4500079B47E34000174119AFC79B47E340001D1
:10F4600074139AFC79B47E340001742B9AFC79B43D
:10F470007E340001743F9AFC79B47E3400017454E8
:10F480009AFC79B47E340001744C9AFC79B47E34D1
:10F49000000174189AFC79B47E340001740D9AFC52
:10F4A00079B47E340001740B9AFC79B47E34000187
:10F4B000741F9AFC79B47E34000174239AFC79B4E9
:10F4C00074E112DE697E34000174D09AFC79B47E56
:10F4D00034000174049AFC79B47E340001740C9AEF
:10F4E000FC79B47E34000174119AFC79B47E340046
:10F4F0000174139AFC79B47E340001742C9AFC795F
:10F50000B47E340001743F9AFC79B47E34000174F7
:10F51000449AFC79B47E34000174519AFC79B47E2B
:10F52000340001742F9AFC79B47E340001741F9A60
:10F53000FC79B47E340001741F9AFC79B47E3400E7
:10F540000174209AFC79B47E34000174239AFC790A
:10F55000B4742112DE69741112DE697E1403E8901E
:10F560007DF3693E00020BEA209AFDC8727E14000A
:10F57000789AFDC8699AFE301A742912DE69907A69
:10F58000790BEA309AFCDF80AA9075F31BEA0079C8
:10F590001E00029075F11BEA309F119075FB793EB9
:10F5A00000021BEA209F119075FF793E00021BEAC2
:10F5B000206D339076031BEA309075F7693E0002A8
:10F5C0000BEA20BE182710380474018001E47E1471
:10F5D00042217E0400FE7E3400B69AFE25E490753A
:10F5E000F3691E00020BEA00907DF3693E00020BF6
:10F5F000EA209AFDC8747D326D229076031BEA30B2
:10F600009075F3691E00020BEA00907DF3693E00DD
:10F61000020BEA209AFDC8749075FF793E00021B28
:10F62000EA209076030BEA007E1400012D109075FD
:10F63000FF693E00020BEA209AFDC8727E080001B5
:10F640009F109075FF793E00021BEA209075F769C4
:10F650003E00020BEA20BE18271068409075F7693B
:10F660003E00020BEA20E49AFDC15F7E1440007E5A
:10F6700004461C9AFDC08A7F019075FF693E000216
:10F680000BEA20E49AFDC15F9AFDBFEA9AFDC19C96
:10F690009075FB793E00021BEA20801A7E0800016B
:10F6A0009075FF693E00020BEA202F109075FB79E0
:10F6B0003E00021BEA209076030BEA307D530A5A83
:10F6C0007CAB9075F10BEA20740D0E241478FB7E50
:10F6D0003400075D321A261A242F112F117E14428E
:10F6E000637E0400FE2F01693000020B0A207A1BA2
:10F6F000A09076030BEA507CAB9075F10BEA207476
:10F700000D0E241478FB7E3400075D321A261A246D
:10F710007F012F002F007E3442637E2400FE2F10D5
:10F72000691100020B1A007E1800012F107A1BA02D
:10F730009075FF693E00020BEA207CA69075F10BE4
:10F74000EA20740D0E241478FB7E3400075D321A13
:10F75000261A242F112F117E1442F37E0400FE2F4F
:10F7600001693000020B0A207A1BA09075FF695EC8
:10F7700000020BEA407CAB9075F10BEA20740D0E91
:10F78000241478FB7E3400075D321A261A247F0188
:10F790002F002F007E3442F37E2400FE2F106911CB
:10F7A00000020B1A007E1800012F107A1BA0907522
:10F7B000FB693E00020BEA207CA69075F10BEA2063
:10F7C000740D0E241478FB7E3400075D321A261A5D
:10F7D000247F012F002F009075F10BEA307D231A52
:10F7E000240E240E240E247E3400035D321A261AC1
:10F7F000242F102F112F117E1442937E0400FE2F10
:10F8000001693000020B0A207A1BA09075FB695E2B
:10F8100000020BEA407CAB9075F10BEA20740D0EF0
:10F82000241478FB7E3400075D321A261A247F01E7
:10F830002F002F009075F10BEA307D231A240E243F
:10F840000E240E247E3400035D321A261A242F1053
:10F850007F012F002F007E3442937E2400FE2F1064
:10F86000691100020B1A007E1800012F107A1BA0EC
:10F87000AA9077841BEA00791E00029077821BEA27
:10F88000309077820BEA20740D0E241478FB7E34BE
:10F8900000075D321A261A242F112F117E1442F30D
:10F8A0007E0400FE2F01693000020B0A207E1B70CF
:10F8B0000A277C456C559077820BEA30740D0E3424
:10F8C0001478FB7E1400075D131A021A007F202FA4
:10F8D000222F227E1442F37E0400FE2F0269500084
:10F8E000020B0A407E0800012F027E0B700A374D82
:10F8F000326D2290778C793E00021BEA209077844B
:10F90000693E00020BEA20BE1827103804740180FB
:10F9100001E47E1442217E0400FE7E3400DE9AFE65
:10F9200025E4907784693E00020BEA20BE18271078
:10F930006840907784693E00020BEA20E49AFDC19A
:10F940005F7E1440007E04461C9AFDC08A7F0190B1
:10F95000778C693E00020BEA20E49AFDC15F9AFDB4
:10F96000BFEA9AFDC19C907788793E00021BEA208D
:10F97000801A7E08000190778C693E00020BEA2015
:10F980002F10907788793E00021BEA2090778869D3
:10F990003E00020BEA207CA69077820BEA20740DD1
:10F9A0000E241478FB7E3400075D321A261A247F59
:10F9B000012F002F009077820BEA307D231A240E4E
:10F9C000240E240E247E3400035D321A261A242FBE
:10F9D000102F112F117E1442937E0400FE2F016917
:10F9E0003000020B0A207A1BA0907788695E000223
:10F9F0000BEA407CAB9077820BEA20740D0E241446
:10FA000078FB7E3400075D321A261A247F012F000E
:10FA10002F009077820BEA307D231A240E240E24C7
:10FA20000E247E3400035D321A261A242F107F0123
:10FA30002F002F007E3442937E2400FE2F10691188
:10FA400000020B1A007E1800012F107A1BA0AA904A
:10FA500076A31BEA00791E00029076A11BEA306DA6
:10FA6000339076AB1BEA309F119076AD793E000261
:10FA70001BEA206D339076B11BEA309076A7693E81
:10FA800000020BEA20BE182710380474018001E43C
:10FA90007E1442217E0400FE7E3401009AFE25E49D
:10FAA0009076A10BEA207E3400FF5D327E240001B7
:10FAB00074017E1400109AFD29C79076A3691E0078
:10FAC000020BEA00907DF3693E00020BEA209AFDEA
:10FAD000C8747D326D229076B11BEA309076A369AE
:10FAE0001E00020BEA00907DF3693E00020BEA2043
:10FAF0009AFDC8749076AD793E00021BEA2090769C
:10FB0000B10BEA007E1400012D109076AD693E0025
:10FB1000020BEA209AFDC8727E0800019F109076C1
:10FB2000AD793E00021BEA209076A7693E00020BE9
:10FB3000EA20BE182710683C9076A7693E00020BA9
:10FB4000EA20E49AFDC15F7E1440007E04461C9AC0
:10FB5000FDC08A7F019076AD693E00020BEA20E489
:10FB60009AFDC15F9AFDBFEA9AFDC19C9076AB1BDE
:10FB7000EA3080189076AD693E00020BEA207D23C2
:10FB80007E3400012D329076AB1BEA309076B10BBB
:10FB9000EA307D530A5A7CAB9076A10BEA20740DB3
:10FBA0000E241478FB7E3400075D321A261A242FA7
:10FBB000112F117E1442637E0400FE2F0169300074
:10FBC000020B0A207A1BA09076B10BEA507CAB9016
:10FBD00076A10BEA20740D0E241478FB7E34000706
:10FBE0005D321A261A247F012F002F007E344263D3
:10FBF0007E2400FE2F10691100020B1A007E1800EF
:10FC0000012F107A1BA09076AD693E00020BEA200E
:10FC10007CA69076A10BEA20740D0E241478FB7E4E
:10FC20003400075D321A261A242F112F117E144238
:10FC3000F37E0400FE2F01693000020B0A207A1BBC
:10FC4000A09076AD695E00020BEA407CAB9076A195
:10FC50000BEA20740D0E241478FB7E3400075D320D
:10FC60001A261A247F012F002F007E3442F37E24AF
:10FC700000FE2F10691100020B1A007E1800012FE0
:10FC8000107A1BA09076AB0BEA307D530A5A7CABFE
:10FC90009076A10BEA20740D0E241478FB7E3400BC
:10FCA000075D321A261A247F012F002F009076A1BB
:10FCB0000BEA307D231A240E240E240E247E3400F9
:10FCC000035D321A261A242F102F112F117E144291
:10FCD000937E0400FE2F01693000020B0A207A1B7C
:10FCE000A09076AB0BEA507CAB9076A10BEA207427
:10FCF0000D0E241478FB7E3400075D321A261A2478
:10FD00007F012F002F009076A10BEA307D231A246B
:10FD10000E240E240E247E3400035D321A261A248B
:10FD20002F107F012F002F007E3442937E2400FE8F
:10FD30002F10691100020B1A007E1800012F107A93
:10FD40001BA09076A10BEA307D531A5A0E540E5424
:10FD50007E4400015D453E449076A10BEA507D351E
:10FD60001A360E340E340E347E5400015D533E5468
:10FD70003E542D547E34000160053E341478FB7CE3
:10FD8000679076A10BEA00740D0E041478FB7E14C4
:10FD900000075D101A021A007F202F229076A10B17
:10FDA000EA207D021A000E040E040E047E140003E5
:10FDB0005D100E141A021A002F022F002F007E541D
:10FDC00043537E4400FE2F20691200020B2A007E5E
:10FDD0000B704C767A0B707E60609076A10BEA0017
:10FDE000740D0E041478FB7E1400075D101A021ABD
:10FDF000007F202F222F229076A10BEA207D021A6D
:10FE0000000E040E040E047E1400035D101A021A84
:10FE1000002F022F002F007E54439B7E4400FE2FB4
:10FE200020691200020B2A007E0B704C767A0B7050
:10FE30007E60089076A10BEA00740D0E041478FB26
:10FE40007E1400075D101A021A007F202F222F2235
:10FE50009076A10BEA207D021A000E040E040E0417
:10FE60007E1400035D101A021A002F022F002F00CB
:10FE70007E54439B7E4400FE2F20691200020B2A11
:10FE8000007E0B704C767A0B709076A10BEA307D79
:10FE9000531A5A0E540E540E547E4400035D453ED0
:10FEA000449076A10BEA507D351A360E340E347E1E
:10FEB0005400015D532D547E34000160053E34141E
:10FEC00078FB7C679076A10BEA00740D0E04147821
:10FED000FB7E1400075D101A021A002F002F007E0F
:10FEE00054427B7E4400FE2F20691200020B2A0040
:10FEF0007E0B704C767A0B709076A10BEA307D43C6
:10FF00001A480E440E440E447E5400035D543E5481
:10FF10009076A10BEA307D231A247E3400035D32F3
:10FF200060053E341478FB7C679076A10BEA007480
:10FF30000D0E041478FB7E1400075D101A021A00DF
:10FF40002F002F007E54430B7E4400FE2F206912A9
:10FF500000020B2A007E0B704C767A0B707E60805C
:10FF60009076A10BEA00740D0E041478FB7E140049
:10FF7000075D101A021A002F002F007E54424B7E9C
:10FF80004400FE2F20691200020B2A007E0B704CE9
:10FF9000767A0B707E60019076A10BEA00740D0EEC
:10FFA000041478FB7E1400075D101A021A002F005B
:10FFB0002F007E5443837E4400FE2F2069120002EE
:10FFC0000B2A007E0B704C767A0B70AA7F217F7013
:10FFD0007F10800A7E2B307A1B300B540B34691F44
:10FFE000FFFC7D011B04790FFFFC4D1178E67F17A4
:0FFFF000AA6D3380020B347E0BB00B1470F7AA8E
:0200000400FDFD
:10000000907F55F0D3D2B5C3C2B5C3C2F97E3400D8
:1000100001907F55E09AFC79B4D3D2B5D3D2F9C31D
:10002000C2B522907B961BEA00907B941BEA10904D
:100030007B921BEA20907B901BEA30907B8EE00A3B
:100040002B907B900BEA30BD32500474018001E4A8
:100050007E1448797E0400FE7E34006A9AFE25E410
:10006000907B8FE00A2B907B920BEA30BD325004DC
:1000700074018001E47E1448797E0400FE7E340021
:100080006B9AFE25E4907B8EE00A2B907B940BEA22
:1000900030BD32500474018001E47E1448797E043E
:1000A00000FE7E34006C9AFE25E4907B8FE00A2BE4
:1000B000907B960BEA30BD32500474018001E47EDF
:1000C0001448797E0400FE7E34006D9AFE25E46DAE
:1000D00022907B8C0BEA30BD32680E907B8C0BEA51
:1000E000207E340001BD23785C742A1200007E3427
:1000F0000001907B900BEA107E2400022D219AFCD7
:100100007A187E340001907B940BEA107E24000262
:100110002D219AFC7A18742B1200007E3400019075
:100120007B920BEA107E2400012D219AFC7A187E26
:10013000340001907B960BEA107E2400012D219A59
:10014000FC7A18805A742A1200007E340001907BD9
:10015000900BEA107E2400012D219AFC7A187E343F
:100160000001907B940BEA107E2400012D219AFC63
:100170007A18742B1200007E340001907B920BEAF7
:10018000107E2400022D219AFC7A187E3400019002
:100190007B960BEA107E2400022D219AFC7A1874BB
:1001A0002C120000229067B81BEA306D336D22904C
:1001B0007B8EE00A1B7E0400019D10907B8FE00A7D
:1001C0000B7E5400019D051200236D339067BA1B0E
:1001D000EA30802C9067B80BEA209067BA0BEA10DF
:1001E0003E147E3467BC2D317A71827A61831BEABA
:1001F000209067BA0BEA207E3400012D321BEA30D2
:100200009067BA0BEA207E3400A0BD2340C66D3350
:100210009067BA1BEA30802D7E1800A0907A197979
:100220003E00021BEA207E3400017E1467BC7E047F
:1002300000019AFC7A459067BA0BEA207E340001EF
:100240002D321BEA309067BA0BEA207E340080BD65
:100250002340C5AA907F101BEA30907F100BEA3034
:10026000907B8C1BEA30907F100BEA207E340002DA
:10027000BD23580E7480907B8EF074A0907B8FF01D
:10028000800C74A0907B8EF07480907B8FF0AA908D
:100290007E691BEA20907E671BEA30907E670BEA3E
:1002A00030907B881BEA30907E690BEA30907B8A25
:1002B0001BEA30AA907CF81BEA10907CF61BEA201F
:1002C000907CF41BEA30907B8EE00A2B907CF40B40
:1002D000EA30BD32500474018001E47E1448797E16
:1002E0000400FE7E3400CA9AFE25E4907B8FE00A6B
:1002F0002B907CF60BEA30BD32500474018001E48F
:100300007E1448797E0400FE7E3400CB9AFE25E4FC
:10031000907CF40BEA30907CF60BEA20907CF40B96
:10032000EA10907CF60BEA001200237E3400019064
:100330007CF80BEA209AFC7A18AA907B9CF0907BC0
:100340009A1BEA20907B981BEA30907B8EE00A2B68
:10035000907B980BEA30BD32500474018001E47E3A
:100360001448797E0400FE7E3400DE9AFE25E49077
:100370007B8FE00A2B907B9A0BEA30BD32500474DD
:10038000018001E47E1448797E0400FE7E3400DFA3
:100390009AFE25E4E4907B9DF0020449907B980B43
:1003A000EA30907B9DE00A1B907B9A0BEA202D217E
:1003B000907B980BEA007E1400072D10907B9DE047
:1003C0000A5B907B9A0BEA002D05120023907B9C20
:1003D000E01A3B3E343E343E343E34907B9DE00A8E
:1003E0002B2D237E34011F2D327E2400FF7E1BB077
:1003F000907B9FF0E4907B9EF08037907B9FE03075
:10040000E0107E340001907B880BEA209AFC7A1879
:10041000800E7E340001907B8A0BEA209AFC7A18C9
:10042000907B9FE01EB0F0907B9E7EEBA074012C31
:10043000BAF0907B9E7EEBA07408BCAB40BD907B75
:100440009D7EEBA074012CBAF0907B9D7EEBA07496
:1004500010BCAB500302039CAA907A671BEA007998
:100460001E0002907A651BEA20907A631BEA306DC9
:1004700033907A6B1BEA30907B8EE00A2B907A6384
:100480000BEA30BD32500474018001E47E144879D7
:100490007E0400FE7E3400FC9AFE25E4907B8FE013
:1004A0000A2B907A650BEA30BD325004740180014A
:1004B000E47E1448797E0400FE7E3400FD9AFE2519
:1004C000E48042907A6B0BEA203E243E243E249046
:1004D0007A630BEA302D32907A650BEA20907A6BC2
:1004E0000BEA50907A67691E00020BEA002D157E18
:1004F0000BB09AFD033A907A6B0BEA207E34000130
:100500002D321BEA30907A6B0BEA10907A67693EC5
:1005100000020BEA202D317E1BB0BEB00078A4AAE9
:10052000907AC9F0907AC71BEA20907AC51BEA300E
:10053000907B8EE00A2B907AC50BEA30BD325004D6
:1005400074018001E47E1448797E0400FE7E34014B
:10055000149AFE25E4907B8FE00A2B907AC70BEA71
:1005600030BD32500474018001E47E1448797E0469
:1005700000FE7E3401159AFE25E46CAA907AC9E04B
:10058000BCBA581F907AC50BEA30907AC70BEA20A4
:10059000742D9AFD033A907AC9E064FF04907AC9F9
:1005A000F08012907AC50BEA30907AC70BEA20747B
:1005B000209AFD033A907AC9E01A3B7E2400649A9F
:1005C000FDC8267CB7907ACAF0907AC9E01A3B7EC3
:1005D00024000A9AFDC8267E24000A9AFDC8267CBB
:1005E000B5907ACBF0907AC9E01A3B7E24000A9A43
:1005F000FDC8267CB5907ACCF0E4907ACDF0804AA4
:10060000907ACDE00A3B7E2400012D233E243E2437
:100610003E24907AC50BEA302D32907AC70BEA203F
:10062000907ACDE00A0B7E147ACA2D107A31827A44
:100630002183E00A4B7E5400302D549AFD033A90FA
:100640007ACD7EEBA074012CBAF0907ACD7EEBA02F
:100650007403BCAB40AAAA907AD2F0907AD01BEA7D
:1006600020907ACE1BEA30907B8EE00A2B907ACED7
:100670000BEA30BD32500474018001E47E144879E5
:100680007E0400FE7E3401389AFE25E4907B8FE0E4
:100690000A2B907AD00BEA30BD32500474018001ED
:1006A000E47E1448797E0400FE7E3401399AFE25EA
:1006B000E4907AD2E00A5B7E4400648D54907AD351
:1006C000F0907AD2E00A3B7E24000A8D327E24002C
:1006D0000A9AFDC8267CB5907AD4F0907AD2E00AC6
:1006E0003B7E24000A9AFDC8267CB5907AD5F0E4BA
:1006F000907AD6F08042907AD67EEB707408ACB7D0
:10070000907ACE0BEA302D35907AD00BEA20907A91
:10071000D6E00A0B7E147AD32D107A31827A2183A7
:10072000E00A4B7E5400302D549AFD033A907AD65D
:100730007EEBA074012CBAF0907AD67EEBA0740305
:10074000BCAB40B2AA9078CC1BEA109078CA1BEAE6
:10075000209078C81BEA30907B8EE00A2B9078C8F6
:100760000BEA30BD32500474018001E47E144879F4
:100770007E0400FE7E3401549AFE25E4907B8FE0D7
:100780000A2B9078CA0BEA30BD3250047401800104
:10079000E47E1448797E0400FE7E3401559AFE25DD
:1007A000E46D229078CC0BEA30BD3258269078C8A0
:1007B0000BEA309078CA0BEA20742D9AFD033A9028
:1007C00078CC0BEA306E34FFFF0B349078CC1BEA08
:1007D0003080129078C80BEA309078CA0BEA207407
:1007E000209AFD033A9078CC0BEA307E2427109AA9
:1007F000FDC8267CB79078CEF09078CC0BEA307E9E
:100800002403E89AFDC8267E24000A9AFDC8267CA7
:10081000B59078CFF09078CC0BEA307E2400649AC3
:10082000FDC8267E24000A9AFDC8267CB59078D0A3
:10083000F09078CC0BEA307E24000A9AFDC8267E20
:1008400024000A9AFDC8267CB59078D1F09078CC27
:100850000BEA307E24000A9AFDC8267CB59078D237
:10086000F0E49078D3F0804A9078D3E00A3B7E247D
:1008700000012D233E243E243E249078C80BEA300C
:100880002D329078CA0BEA209078D3E00A0B7E14C0
:1008900078CE2D107A31827A2183E00A4B7E540083
:1008A000302D549AFD033A9078D37EEBA074012C3E
:1008B000BAF09078D37EEBA07405BCAB40AAAA90A6
:1008C00078D81BEA109078D61BEA209078D41BEADF
:1008D00030907B8EE00A2B9078D40BEA30BD3250FA
:1008E0000474018001E47E1448797E0400FE7E34A5
:1008F00001799AFE25E4907B8FE00A2B9078D60B45
:10090000EA30BD32500474018001E47E1448797EDF
:100910000400FE7E34017A9AFE25E49078D80BEA32
:10092000507E4427108D549078DAF09078D80BEAF6
:10093000307E2403E88D327E24000A8D327CB5900F
:1009400078DBF09078D80BEA307E2400648D327E1C
:1009500024000A8D327CB59078DCF09078D80BEAD0
:10096000307E24000A8D327E24000A8D327CB590C0
:1009700078DDF09078D80BEA307E24000A8D327C46
:10098000B59078DEF0E49078DFF080429078DF7EFA
:10099000EB707408ACB79078D40BEA302D359078B2
:1009A000D60BEA209078DFE00A0B7E1478DA2D105F
:1009B0007A31827A2183E00A4B7E5400302D549A9A
:1009C000FD033A9078DF7EEBA074012CBAF09078AA
:1009D000DF7EEBA07405BCAB40B2AA90717EF090B4
:1009E000717A1BEA00791E00029071781BEA209050
:1009F00071761BEA30907B8EE00A2B9071760BEAC1
:100A000030BD32500474018001E47E1448797E04C4
:100A100000FE7E3401999AFE25E4907B8FE00A2B3C
:100A20009071780BEA30BD32500474018001E47E8D
:100A30001448797E0400FE7E34019A9AFE25E490E3
:100A4000717E7EEBA0740ABCAB2806740A90717E9E
:100A5000F090717E7EEBA074012CBAF090717A69EF
:100A60003E00020BEA20BE180000583090717A69EF
:100A70003E00020BEA20906CF9793E00021BEA204E
:100A80007E14717F7E0400017E3448767E2400FE51
:100A90009AFC67137CB79071A1F0803F742090712D
:100AA0007FF090717A693E00020BEA20906CF97930
:100AB0003E00021BEA207E1471807E0400017E3419
:100AC00048767E2400FE9AFC67137CB79071A1F0F3
:100AD0009071A17EEBA074012CBAF080237EA0203F
:100AE0009071A1E00A2B7E34717F2D327A71827A67
:100AF00061837AEBA09071A17EEBA074012CBAF017
:100B000090717E7EEBA09071A1E0BCBA40CF6CAA40
:100B100090717EE00A2B7E34717F2D327A71827A59
:100B200061837AEBA09071760BEA309071780BEAD2
:100B3000207E14717F7E0400019AFD0459AA9070F2
:100B400093F090708F1BEA00791E000290708D1B4D
:100B5000EA2090708B1BEA30907B8EE00A2B90701D
:100B60008B0BEA30BD32500474018001E47E1448DE
:100B7000797E0400FE7E3401C49AFE25E4907B8FCA
:100B8000E00A2B90708D0BEA30BD32500474018066
:100B900001E47E1448797E0400FE7E3401C59AFE8D
:100BA00025E49070947EEBA07406BCAB2806740616
:100BB000907094F09070937EEBA0740ABCAB280602
:100BC000740A907093F090708F691E00020BEA0017
:100BD0009F119AFDC10B283090708F693E00020B67
:100BE000EA20906CF9793E00021BEA207E14709690
:100BF0007E0400017E3448737E2400FE9AFC671355
:100C00007CB7907095F0803990708F693E00020B30
:100C1000EA20906CF9793E00021BEA207E1470975E
:100C20007E0400017E3448737E2400FE9AFC671324
:100C30007CB7907095F09070957EEBA074012CBA03
:100C4000F0907095E00A5B7E4400079D549070BA66
:100C5000F0907093E00A4B9070BAE01A5B9D547E5E
:100C60004400019D549070B8F0907094E00A3B905D
:100C700070BAE01A4B2D437E5400012D549070B988
:100C8000F0802E7EA0209070B9E01A2B7E347096F2
:100C90002D327A71827A61837AEBA09070B97EEB03
:100CA000A074012CBAF09070B87EEBA074012CBA3D
:100CB000F09070B87EEBA0E4BCAB48C790708F6931
:100CC0001E00020BEA009F119AFDC10B281A7EA09C
:100CD0002D9070B8E01A2B7E3470962D327A718286
:100CE0007A61837AEBA080187EA0209070B8E01A19
:100CF0002B7E3470962D327A71827A61837AEBA0E2
:100D00006CAA9070B9E01A2B7E3470962D327A71ED
:100D1000827A61837AEBA090708B0BEA3090708DB1
:100D20000BEA207E1470967E0400019AFD0459AAF5
:100D3000906667F090665B1BEA00791E0002906681
:100D4000591BEA209066571BEA309F11906668791C
:100D50003E00021BEA209F1190666C793E00021B48
:100D6000EA20907B8EE00A2B9066570BEA30BD326A
:100D7000500474018001E47E1448797E0400FE7EF4
:100D80003401FC9AFE25E4907B8FE00A2B90665993
:100D90000BEA30BD32500474018001E47E144879BE
:100DA0007E0400FE7E3401FD9AFE25E490665B69B8
:100DB0003E00020BEA204D23680474018001E47EAA
:100DC0001448797E0400FE7E3401FE9AFE25E4C3B9
:100DD000C2B59066570BEA309066590BEA209066D0
:100DE000630BEA009066570BEA102D107E04000199
:100DF0009D109066650BEA509066590BEA002D0530
:100E00007E5400019D051200239F1190666C793E6F
:100E100000021BEA20020FE59066610BEA10906663
:100E20006C693E00020BEA209AFDC8699066650B6A
:100E3000EA109AFDC87290665F0BEA109AFDC869C5
:100E40007D1390665B693E00020BEA202D319067AE
:100E5000B4793E00021BEA209F11906668793E003B
:100E6000021BEA20020F9390665F0BEA10906668FF
:100E7000693E00020BEA209AFDC8699066630BEA9E
:100E8000109AFDC8727D139067B4693E00020BEAA8
:100E9000202D317E1B700A379066721BEA309066F7
:100EA00067E0BEB0006803020F2E9066720BEA2066
:100EB0001E241E241E247E34001F5D327C676C7746
:100EC0003E343E343E349066701BEA309066720BBE
:100ED000EA301E341E347E24003F5D2374053E2418
:100EE0001478FB9066700BEA304D321BEA30906646
:100EF000720BEA301E341E341E347E24001F5D2324
:100F00009066700BEA304D321BEA309066700BEA47
:100F100020906668691E00020BEA003E147E34666B
:100F2000742D317A71827A61831BEA20804E90663B
:100F300067E00A2B9066720BEA30BD32501F6D22BB
:100F4000906668691E00020BEA003E147E346674E7
:100F50002D317A71827A61831BEA20801F7E24FF03
:100F6000FF906668691E00020BEA003E147E34663C
:100F7000742D317A71827A61831BEA2090666869E8
:100F80001E00020BEA007E1800012F10793E0002BD
:100F90001BEA209066630BEA106D00906668693E5C
:100FA00000020BEA20BF105003020E679066630B2D
:100FB000EA306D22907A19793E00021BEA207E34D5
:100FC00000017E1466747E0400019AFC7A459066E6
:100FD0006C691E00020BEA007E1800012F10793E9A
:100FE00000021BEA209066650BEA106D0090666CAB
:100FF000693E00020BEA20BF105003020E18D3D244
:10100000B5AA9073F31BEA00791E00029073F11BDE
:10101000EA209073EF1BEA309F119073FF793E0036
:10102000021BEA209F11907403793E00021BEA2004
:10103000907B8EE00A2B9073EF0BEA30BD325004A8
:1010400074018001E47E1448797E0400FE7E34023F
:10105000309AFE25E4907B8FE00A2B9073F10BEA27
:1010600030BD32500474018001E47E1448797E045E
:1010700000FE7E3402319AFE25E49073EF0BEA30D5
:101080009073F10BEA209073FB0BEA009073EF0B67
:10109000EA102D107E0400019D109073FD0BEA50A4
:1010A0009073F10BEA002D057E5400019D0512009E
:1010B000239F119073FF793E00021BEA2080609FFE
:1010C00011907403793E00021BEA2080257E3400D3
:1010D00001907B8A0BEA209AFC7A18907403691EAF
:1010E00000020BEA007E1800012F10793E00021B5F
:1010F000EA209073FB0BEA106D00907403693E00C8
:10110000020BEA20BF1040C59073FF691E00020B5E
:10111000EA007E1800012F10793E00021BEA2090A1
:1011200073FD0BEA106D009073FF693E00020BEA3D
:1011300020BF10408A9F119073FF793E00021BEA86
:10114000200212029073F70BEA109073FF693E00C1
:10115000020BEA209AFDC8699073FB0BEA109AFD16
:10116000C872907407793E00021BEA2090740769E8
:101170003E00020BEA207D139073F3693E00020BE0
:10118000EA202D317E1B700A279073FD0BEA307E1A
:101190001400019D31AD329073F90BEA208D326D50
:1011A0002290740B793E00021BEA209073FF693E87
:1011B00000020BEA207D239073EF0BEA302D329072
:1011C00073FD0BEA107E2400019D126D0090740BDC
:1011D000695E00020BEA409F029073F10BEA202D3A
:1011E00021907B880BEA109AFD02B49073FF691E70
:1011F00000020BEA007E1800012F10793E00021B4E
:10120000EA209073FB0BEA106D009073FF693E00BB
:10121000020BEA20BF105003021144AA7E3413933C
:101220009076351BEA307E3413919076371BEA3086
:101230007E34FFFF9076391BEA307E34FFFF9076D4
:101240003B1BEA307E3400016D227E146C007E046C
:1012500002DC9AFC7EB27E3400817E240001E47EB2
:101260001400109AFD29C77E3400807E240001E41A
:101270007E1400109AFD29C77E3400457E240001AB
:10128000E47E1400109AFD29C77E3400927E24006B
:101290000174017E1400109AFD29C7907B8C0BEA23
:1012A000309AFD0254907B880BEA30907B8A0BEADF
:1012B000209AFD028FC3C2F87E1403E8907DF36983
:1012C0003E00020BEA209AFDC8727E14000A9AFDC5
:1012D000C8699AFE301AD3D2F87E1403E8907DF3E1
:1012E000693E00020BEA209AFDC8727E1400789ACB
:1012F000FDC8699AFE301A74111200007E1403E8CA
:10130000907DF3693E00020BEA209AFDC8727E14BC
:1013100000789AFDC8699AFE301A74B11200007EF6
:1013200034000174019AFC79B47E340001742C9A63
:10133000FC79B47E340001742D9AFC79B474B21235
:1013400000007E34000174019AFC79B47E340001FF
:10135000742C9AFC79B47E340001742D9AFC79B413
:1013600074B31200007E34000174019AFC79B47EDB
:10137000340001742C9AFC79B47E340001742D9AE7
:10138000FC79B47E34000174019AFC79B47E340097
:1013900001742C9AFC79B47E340001742D9AFC7986
:1013A000B474B41200007E34000174079AFC79B45E
:1013B00074C01200007E34000174A29AFC79B47EDD
:1013C00034000174029AFC79B47E34000174849A6A
:1013D000FC79B474C11200007E34000174C59AFC1B
:1013E00079B474C21200007E340001740A9AFC7948
:1013F000B47E340001E49AFC79B474C31200007E18
:10140000340001748A9AFC79B47E340001742A9AFB
:10141000FC79B474C41200007E340001748A9AFC12
:1014200079B47E34000174EE9AFC79B474C512006C
:10143000007E340001740E9AFC79B47436120000F8
:10144000907B8C0BEA301B34681A1B3468211B34E8
:1014500068292E340003782D7E34000174C09AFC74
:1014600079B480217E340001E49AFC79B480167E40
:1014700034000174A09AFC79B4800A7E34000174AF
:10148000609AFC79B474E01200007E340001740F9D
:101490009AFC79B47E340001741A9AFC79B47E34D3
:1014A0000001740F9AFC79B47E34000174189AFC20
:1014B00079B47E340001742F9AFC79B47E34000133
:1014C00074289AFC79B47E34000174209AFC79B4B3
:1014D0007E34000174229AFC79B47E340001741FBA
:1014E0009AFC79B47E340001741B9AFC79B47E3482
:1014F000000174239AFC79B47E34000174379AFC9D
:1015000079B47E340001E49AFC79B47E340001742D
:10151000079AFC79B47E34000174029AFC79B47E97
:1015200034000174109AFC79B474E11200007E3426
:101530000001740F9AFC79B47E340001741B9AFC8C
:1015400079B47E340001740F9AFC79B47E340001C2
:1015500074179AFC79B47E34000174339AFC79B420
:101560007E340001742C9AFC79B47E340001742915
:101570009AFC79B47E340001742E9AFC79B47E34DE
:10158000000174309AFC79B47E34000174309AFC06
:1015900079B47E34000174399AFC79B47E34000148
:1015A000743F9AFC79B47E340001E49AFC79B47EED
:1015B00034000174079AFC79B47E34000174039AF4
:1015C000FC79B47E34000174109AFC79B4742A1248
:1015D00000007E340001E49AFC79B47E340001748A
:1015E000029AFC79B47E340001E49AFC79B47E342A
:1015F000000174829AFC79B4742B1200007E3400CE
:1016000001E49AFC79B47E34000174039AFC79B445
:101610007E340001E49AFC79B47E34000174839A2C
:10162000FC79B474F01200007E34000174019AFC5D
:1016300079B474F61200007E340001E49AFC79B4A7
:10164000743A1200007E34000174059AFC79B47477
:1016500029120000907B8A0BEA309AFD01A5AA901E
:101660007E171BEA30907E170BEA507CAB740F5C40
:10167000BA907E19F0907E170BEA507CAB74F05C48
:10168000BA907E1AF0907E1AE024E0687824F07810
:101690000302173024F0780302175B24F07803026A
:1016A000178624F078030217B124F078030217DCC0
:1016B00024F0780302180724F0780302183224F08B
:1016C000780302187924F078030218C024F0780314
:1016D00002190624B0680302194A907E19E07E348C
:1016E000000160053E341478FB7CB764FF52939090
:1016F0007E19E07E34000160053E341478FB7CB72F
:10170000429402194A907E19E07E34000160053E41
:10171000341478FB7CB764FF5291907E19E07E34DC
:10172000000160053E341478FB7CB7429202194AEE
:10173000907E19E07E34000160053E341478FB7C15
:10174000B764FF5295907E19E07E34000160053E3B
:10175000341478FB7CB7429602194A907E19E07ED9
:1017600034000160053E341478FB7CB764FF52B14D
:10177000907E19E07E34000160053E341478FB7CD5
:10178000B742B202194A907E19E07E34000160052A
:101790003E341478FB7CB764FF52B3907E19E07E30
:1017A00034000160053E341478FB7CB742B4021962
:1017B0004A907E19E07E34000160053E341478FBC7
:1017C0007CB764FF52C9907E19E07E340001600549
:1017D0003E341478FB7CB742CA02194A907E19E065
:1017E0007E34000160053E341478FB7CB764FF5200
:1017F000CB907E19E07E34000160053E341478FB06
:101800007CB742CC02194A907E19E07E3400016018
:10181000053E341478FB7CB764FF52E1907E19E0FA
:101820007E34000160053E341478FB7CB742E2024E
:10183000194A907E19E07E34000160053E34147828
:10184000FB7CB764FF7E14F7187E04007E7E0B706D
:101850005C7B7A0B70907E19E07E34000160053E5F
:10186000341478FB7C677E14F7107E04007E7E0BB8
:10187000704C767A0B7002194A907E19E07E340023
:101880000160053E341478FB7CB764FF7E14F719C1
:101890007E04007E7E0B705C7B7A0B70907E19E07C
:1018A0007E34000160053E341478FB7C677E14F7BB
:1018B000117E04007E7E0B704C767A0B7002194A02
:1018C000907E19E07E34000160053E341478FB7C84
:1018D000B764FF7E14F71A7E04007E7E0B705C7B7B
:1018E0007A0B70907E19E07E34000160053E34145E
:1018F00078FB7C677E14F7127E04007E7E0B704CB2
:10190000767A0B708044907E19E07E340001600589
:101910003E341478FB7CB764FF7E14F71B7E040012
:101920007E7E0B705C7B7A0B70907E19E07E3400BB
:101930000160053E341478FB7C677E14F7137E0447
:10194000007E7E0B704C767A0B7022907E1B1BEA19
:1019500030907E1B0BEA507CAB740F5CBA907E1DFE
:10196000F0907E1B0BEA507CAB74F05CBA907E1E4C
:10197000F0907E1EE024E0687624F07803021A18C6
:1019800024F07803021A4124F07803021A6A24F042
:101990007803021A9324F07803021ABC24F0780327
:1019A000021AE524F07803021B0E24F07803021BD0
:1019B0005324F07803021B9824F07803021BDC24E4
:1019C000B06803021C1E907E1DE07E34000160059D
:1019D0003E341478FB7CB74293907E1DE07E340049
:1019E0000160053E341478FB7CB74294021C1E90C3
:1019F0007E1DE07E34000160053E341478FB7CB728
:101A00004291907E1DE07E34000160053E341478E2
:101A1000FB7CB74292021C1E907E1DE07E340001CA
:101A200060053E341478FB7CB74295907E1DE07EC5
:101A300034000160053E341478FB7CB74296021CEA
:101A40001E907E1DE07E34000160053E341478FB5C
:101A50007CB742B1907E1DE07E34000160053E34CB
:101A60001478FB7CB742B2021C1E907E1DE07E34CF
:101A7000000160053E341478FB7CB742B3907E1DB4
:101A8000E07E34000160053E341478FB7CB742B43C
:101A9000021C1E907E1DE07E34000160053E341461
:101AA00078FB7CB742C9907E1DE07E340001600562
:101AB0003E341478FB7CB742CA021C1E907E1DE0A7
:101AC0007E34000160053E341478FB7CB742CB9035
:101AD0007E1DE07E34000160053E341478FB7CB747
:101AE00042CC021C1E907E1DE07E34000160053E4B
:101AF000341478FB7CB742E1907E1DE07E34000117
:101B000060053E341478FB7CB742E2021C1E907ED6
:101B10001DE07E34000160053E341478FB7C677E56
:101B200014F7187E04007E7E0B704C767A0B709052
:101B30007E1DE07E34000160053E341478FB7C6736
:101B40007E14F7107E04007E7E0B704C767A0B704C
:101B5000021C1E907E1DE07E34000160053E3414A0
:101B600078FB7C677E14F7197E04007E7E0B704C38
:101B7000767A0B70907E1DE07E34000160053E3465
:101B80001478FB7C677E14F7117E04007E7E0B7058
:101B90004C767A0B70021C1E907E1DE07E34000194
:101BA00060053E341478FB7C677E14F71A7E0400CF
:101BB0007E7E0B704C767A0B70907E1DE07E34003A
:101BC0000160053E341478FB7C677E14F7127E04B6
:101BD000007E7E0B704C767A0B708042907E1DE00A
:101BE0007E34000160053E341478FB7C677E14F778
:101BF0001B7E04007E7E0B704C767A0B70907E1DEF
:101C0000E07E34000160053E341478FB7C677E146E
:101C1000F7137E04007E7E0B704C767A0B70229058
:101C20007E1F1BEA30907E1F0BEA507CAB740F5C6A
:101C3000BA907E21F0907E1F0BEA507CAB74F05C72
:101C4000BA907E22F0907E22E024E0687824F0783A
:101C500003021CF024F07803021D1B24F078030219
:101C60001D4624F07803021D7124F07803021D9CA8
:101C700024F07803021DC724F07803021DF224F03B
:101C80007803021E3924F07803021E8024F07803C2
:101C9000021EC624B06803021F0A907E21E07E3433
:101CA000000160053E341478FB7CB74293907E219E
:101CB000E07E34000160053E341478FB7CB764FF9D
:101CC0005294021F0A907E21E07E34000160053E9E
:101CD000341478FB7CB74291907E21E07E34000181
:101CE00060053E341478FB7CB764FF5292021F0AF1
:101CF000907E21E07E34000160053E341478FB7C48
:101D0000B74295907E21E07E34000160053E341498
:101D100078FB7CB764FF5296021F0A907E21E07E1A
:101D200034000160053E341478FB7CB742B1907EEC
:101D300021E07E34000160053E341478FB7CB764FA
:101D4000FF52B2021F0A907E21E07E34000160053E
:101D50003E341478FB7CB742B3907E21E07E3400A1
:101D60000160053E341478FB7CB764FF52B4021F57
:101D70000A907E21E07E34000160053E341478FB39
:101D80007CB742C9907E21E07E34000160053E347C
:101D90001478FB7CB764FF52CA021F0A907E21E0D0
:101DA0007E34000160053E341478FB7CB742CB9052
:101DB0007E21E07E34000160053E341478FB7CB760
:101DC00064FF52CC021F0A907E21E07E3400016045
:101DD000053E341478FB7CB742E1907E21E07E34EE
:101DE000000160053E341478FB7CB764FF52E202C8
:101DF0001F0A907E21E07E34000160053E34147895
:101E0000FB7C677E14F7187E04007E7E0B704C7698
:101E10007A0B70907E21E07E34000160053E341420
:101E200078FB7CB764FF7E14F7107E04007E7E0B87
:101E3000705C7B7A0B70021F0A907E21E07E34007A
:101E40000160053E341478FB7C677E14F7197E042C
:101E5000007E7E0B704C767A0B70907E21E07E3493
:101E6000000160053E341478FB7CB764FF7E14F7F4
:101E7000117E04007E7E0B705C7B7A0B70021F0A61
:101E8000907E21E07E34000160053E341478FB7CB6
:101E9000677E14F71A7E04007E7E0B704C767A0BF8
:101EA00070907E21E07E34000160053E341478FBA2
:101EB0007CB764FF7E14F7127E04007E7E0B705C9C
:101EC0007B7A0B708044907E21E07E3400016005B7
:101ED0003E341478FB7C677E14F71B7E04007E7E04
:101EE0000B704C767A0B70907E21E07E340001609E
:101EF000053E341478FB7CB764FF7E14F7137E0430
:101F0000007E7E0B705C7B7A0B70AA907F021BEACE
:101F100030907F020BEA207E340090BD23583F9022
:101F20007F020BEA507CAB740F5CBA7E3400016018
:101F3000053E341478FB7C67907F020BEA500E5408
:101F40000E540E540E541A4A1A487E14FE0F7E0484
:101F5000007E2F027E0B704C767A0B70803D907F56
:101F6000020BEA507CAB740F5CBA7E340001600552
:101F70003E341478FB7C67907F020BEA500E540EBF
:101F8000540E540E541A4A1A487E14F9B77E0400AF
:101F90007E2F027E0B704C767A0B7022907F041B92
:101FA000EA30907F040BEA207E340090BD23583F36
:101FB000907F040BEA507CAB740F5CBA7E34000156
:101FC00060053E341478FB7C67907F040BEA500E6A
:101FD000540E540E540E541A4A1A487E14FE3F7E74
:101FE00004007E2F027E0B704C767A0B70803D9041
:101FF0007F040BEA507CAB740F5CBA7E3400016046
:10200000053E341478FB7C67907F040BEA500E5435
:102010000E540E540E541A4A1A487E14F9E77E04E0
:10202000007E2F027E0B704C767A0B7022907E25FC
:102030001BEA20907E231BEA30907E250BEA301BA2
:102040003478030220DF0B34680302216B907E2377
:102050000BEA207E340090BD235842907E230BEA89
:10206000507CAB740F5CBA7E34000160053E3414C2
:1020700078FB7CB764FF907E230BEA300E340E347D
:102080000E340E341A261A247E14FE277E04007E97
:102090002F017E0B705C7B7A0B7002217C907E237B
:1020A0000BEA507CAB740F5CBA7E34000160053ED5
:1020B000341478FB7CB764FF907E230BEA300E3437
:1020C0000E340E340E341A261A247E14F9CF7E04F0
:1020D000007E2F017E0B705C7B7A0B7002217C905E
:1020E0007E230BEA207E340090BD23583F907E2350
:1020F0000BEA507CAB740F5CBA7E34000160053E85
:10210000341478FB7C67907E230BEA500E540E54F7
:102110000E540E541A4A1A487E14FE277E04007E7E
:102120002F027E0B704C767A0B708050907E230BC2
:10213000EA507CAB740F5CBA7E34000160053E341B
:102140001478FB7C67907E230BEA500E540E540EDD
:10215000540E541A4A1A487E14F9CF7E04007E2F7A
:10216000027E0B704C767A0B708011E47E1449E786
:102170007E0400FE7E3400C69AFE25E422907E296D
:102180001BEA20907E271BEA30907E290BEA301B49
:1021900034780302222F0B3468030222BB907E277F
:1021A0000BEA207E340090BD235842907E270BEA34
:1021B000507CAB740F5CBA7E34000160053E341471
:1021C00078FB7CB764FF907E270BEA300E340E3428
:1021D0000E340E341A261A247E14FE2F7E04007E3E
:1021E0002F017E0B705C7B7A0B700222CC907E27D5
:1021F0000BEA507CAB740F5CBA7E34000160053E84
:10220000341478FB7CB764FF907E270BEA300E34E1
:102210000E340E340E341A261A247E14F9D77E0496
:10222000007E2F017E0B705C7B7A0B700222CC90BB
:102230007E270BEA207E340090BD23583F907E27F6
:102240000BEA507CAB740F5CBA7E34000160053E33
:10225000341478FB7C67907E270BEA500E540E54A2
:102260000E540E541A4A1A487E14FE2F7E04007E25
:102270002F027E0B704C767A0B708050907E270B6D
:10228000EA507CAB740F5CBA7E34000160053E34CA
:102290001478FB7C67907E270BEA500E540E540E88
:1022A000540E541A4A1A487E14F9D77E04007E2F21
:1022B000027E0B704C767A0B708011E47E1449E735
:1022C0007E0400FE7E3400F39AFE25E422907E2DEB
:1022D0001BEA20907E2B1BEA30907E2B0BEA207E9F
:1022E000340010BD235811E47E1449E77E0400FE3B
:1022F0007E3401009AFE25E46D22907E2D0BEA309B
:10230000BD326803022399907E2B0BEA207E3400B5
:1023100090BD235842907E2B0BEA507CAB740F5C2F
:10232000BA7E34000160053E341478FB7CB764FF4C
:10233000907E2B0BEA300E340E340E340E341A26F7
:102340001A247E14FE1F7E04007E2F017E0B705C1B
:102350007B7A0B70022423907E2B0BEA507CAB74AB
:102360000F5CBA7E34000160053E341478FB7CB704
:1023700064FF907E2B0BEA300E340E340E340E3494
:102380001A261A247E14F9C77E04007E2F017E0BC4
:10239000705C7B7A0B70022423907E2B0BEA207EEC
:1023A000340090BD23583F907E2B0BEA507CAB74D9
:1023B0000F5CBA7E34000160053E341478FB7C6704
:1023C000907E2B0BEA500E540E540E540E541A4AA3
:1023D0001A487E14FE1F7E04007E2F027E0B704C76
:1023E000767A0B70803D907E2B0BEA507CAB740F9D
:1023F0005CBA7E34000160053E341478FB7C679043
:102400007E2B0BEA500E540E540E540E541A4A1AD8
:10241000487E14F9C77E04007E2F027E0B704C7636
:102420007A0B70AA907DB71BEA30907DB70BEA500B
:102430007CAB740F5CBA907DB9F0907DB70BEA501D
:102440007CAB74F05CBA907DBAF0E4907DBBF09008
:102450007DBAE024E0686924F078030224DC24F0EB
:1024600078030224F824F0780302251424F078037A
:1024700002253024F0780302254C24F0780302254D
:102480006824F0780302258424F078030225A82428
:10249000F078030225CC24F078030225F024B068FC
:1024A00003022612907DB9E07E34000160053E34BF
:1024B0001478FB7CA7E5805CBA907DBBF002261205
:1024C000907DB9E07E34000160053E341478FB7CD9
:1024D000A7E5905CBA907DBBF0022612907DB9E032
:1024E0007E34000160053E341478FB7CA7E5A05CD7
:1024F000BA907DBBF0022612907DB9E07E340001D7
:1025000060053E341478FB7CA7E5B05CBA907DBBD7
:10251000F0022612907DB9E07E34000160053E3461
:102520001478FB7CA7E5C05CBA907DBBF002261254
:10253000907DB9E07E34000160053E341478FB7C68
:10254000A7E5C85CBA907DBBF0022612907DB9E089
:102550007E34000160053E341478FB7CA7E5E85C1E
:10256000BA907DBBF0022612907DB9E07E34000166
:1025700060053E341478FB7CA7E5F85CBA907DBB1F
:10258000F0022612907DB9E07E34000160053E34F1
:102590001478FB7CA77E34F7087E24007E7E1BB077
:1025A0005CBA907DBBF0806A907DB9E07E3400011A
:1025B00060053E341478FB7CA77E34F7097E240046
:1025C0007E7E1BB05CBA907DBBF08046907DB9E00A
:1025D0007E34000160053E341478FB7CA77E34F71E
:1025E0000A7E24007E7E1BB05CBA907DBBF0802208
:1025F000907DB9E07E34000160053E341478FB7CA8
:10260000A77E34F70B7E24007E7E1BB05CBA907DE3
:10261000BBF0907DBBE0BEB000680474018001E4B3
:10262000AA907DBEF0907DBC1BEA30907DBC0BEA89
:10263000507CAB740F5CBA907DBFF0907DBC0BEA10
:10264000507CAB74F05CBA907DC0F0907DC0E0240B
:10265000E078030226DA24F0780302271124F078C8
:102660000302274824F0780302277F24F07803022E
:1026700027B624F078030227ED24F07803022824FB
:1026800024F0780302285B24F078030228AE24F0BB
:10269000780302290124F0780302295224B0680348
:1026A0000229A1907DBEE0BEB0006816907DBFE01B
:1026B0007E34000160053E341478FB7CB742800212
:1026C00029A1907DBFE07E34000160053E3414787E
:1026D000FB7CB764FF52800229A1907DBEE0BEB0B2
:1026E000006816907DBFE07E34000160053E341422
:1026F00078FB7CB742900229A1907DBFE07E340038
:102700000160053E341478FB7CB764FF52900229C7
:10271000A1907DBEE0BEB0006816907DBFE07E3423
:10272000000160053E341478FB7CB742A00229A169
:10273000907DBFE07E34000160053E341478FB7C60
:10274000B764FF52A00229A1907DBEE0BEB0006830
:1027500016907DBFE07E34000160053E341478FBA6
:102760007CB742B00229A1907DBFE07E34000160B9
:10277000053E341478FB7CB764FF52B00229A19067
:102780007DBEE0BEB0006816907DBFE07E340001E3
:1027900060053E341478FB7CB742C00229A1907DCD
:1027A000BFE07E34000160053E341478FB7CB764E2
:1027B000FF52C00229A1907DBEE0BEB00068169015
:1027C0007DBFE07E34000160053E341478FB7CB7A9
:1027D00042C80229A1907DBFE07E34000160053E21
:1027E000341478FB7CB764FF52C80229A1907DBEE7
:1027F000E0BEB0006816907DBFE07E340001600549
:102800003E341478FB7CB742E80229A1907DBFE0FA
:102810007E34000160053E341478FB7CB764FF52BF
:10282000E80229A1907DBEE0BEB0006816907DBF91
:10283000E07E34000160053E341478FB7CB742F83A
:102840000229A1907DBFE07E34000160053E341472
:1028500078FB7CB764FF52F80229A1907DBEE0BEF0
:10286000B0006824907DBFE07E34000160053E34F6
:102870001478FB7C677E14F7007E04007E7E0B706C
:102880004C767A0B700229A1907DBFE07E34000166
:1028900060053E341478FB7CB764FF7E14F7007E3D
:1028A00004007E7E0B705C7B7A0B700229A1907D08
:1028B000BEE0BEB0006824907DBFE07E34000160C1
:1028C000053E341478FB7C677E14F7017E04007E9D
:1028D0007E0B704C767A0B700229A1907DBFE07E52
:1028E00034000160053E341478FB7CB764FF7E142D
:1028F000F7017E04007E7E0B705C7B7A0B700229F0
:10290000A1907DBEE0BEB0006823907DBFE07E3424
:10291000000160053E341478FB7C677E14F7027E6C
:1029200004007E7E0B704C767A0B708074907DBFB5
:10293000E07E34000160053E341478FB7CB764FF10
:102940007E14F7027E04007E7E0B705C7B7A0B7037
:10295000804F907DBEE0BEB0006823907DBFE07EDA
:1029600034000160053E341478FB7C677E14F70365
:102970007E04007E7E0B704C767A0B708023907DF7
:10298000BFE07E34000160053E341478FB7CB76400
:10299000FF7E14F7037E04007E7E0B705C7B7A0B57
:1029A00070AA907F061BEA30907F060BEA309AFDF2
:1029B0002424BEB000780474018001E4907F060BEB
:1029C000EA309AFD2621AA907C251BEA10907C24EF
:1029D000F0907C221BEA20907C201BEA30907C2522
:1029E0000BEA50C4540F0A2B907C220BEA30BD3204
:1029F000780474018001E47E1449E77E0400FE7EC1
:102A000034017B9AFE25E46D22907C220BEA30BDD6
:102A1000326803022AB66D22907C250BEA30BD3263
:102A2000781A907C200BEA309AFD1C1F907C200BBA
:102A3000EA307E24000112217D022B0D907C250BB3
:102A4000EA207E340003BD237823907C200BEA30FB
:102A50009AFD1C1F907C200BEA30121F0B907C20EB
:102A60000BEA307E24000112217D022B0D907C2583
:102A70000BEA207E340001BD237818907C200BEAFD
:102A8000309AFD1C1F907C200BEA306D2212217DB4
:102A9000022B0D907C250BEA207E340002BD2378AA
:102AA0006C907C200BEA309AFD1C1F907C200BEA76
:102AB00030121F9C8057907C220BEA207E3400014C
:102AC000BD237849907C250BEA207E340010BD237D
:102AD0007816907C200BEA3012165F907C200BEA6F
:102AE000306D2212202D8017907C250BEA207E3439
:102AF0000011BD237809907C200BEA3012194B900D
:102B00007C200BEA30907C24E09AFD2621AACA7B27
:102B1000CA6BCA5BCA4BCA2BCA1BCA0BC0D0C083C4
:102B2000C0827E34FD107E24007E907D5B793E0065
:102B3000021BEA20907D5B693E00020BEA207E1BAF
:102B4000B0907D5FF0907D5FE064FF907D5B691EDB
:102B500000020BEA007E0B705C7B7A0B70E4907DC8
:102B60005AF08047907D5AE07E34000160053E3483
:102B70001478FB907D5FE00A2B5D236D33BD2368E5
:102B80001F907D5A7EEB707404ACB77E14637D2D6C
:102B9000157A31827A2183693E00020BEA20991866
:102BA000907D5A7EEBA074012CBAF0907D5A7EEB9A
:102BB000A07408BCAB40ADD082D083D0D0DA0BDAA1
:102BC0001BDA2BDA4BDA5BDA6BDA7B32CA7BCA6B45
:102BD000CA5BCA4BCA2BCA1BCA0BC0D0C083C082F7
:102BE0007E34FD117E24007E907D61793E00021BC3
:102BF000EA20907D61693E00020BEA207E1BB090C6
:102C00007D65F0907D65E064FF907D61691E000246
:102C10000BEA007E0B705C7B7A0B70E4907D60F0B9
:102C20008047907D60E07E34000160053E3414787A
:102C3000FB907D65E00A2B5D236D33BD23681F90FB
:102C40007D607EEB707404ACB77E14637D2D157AC5
:102C500031827A2183693E00020BEA209918907D27
:102C6000607EEBA074012CBAF0907D607EEBA074C6
:102C700008BCAB40ADD082D083D0D0DA0BDA1BDAFF
:102C80002BDA4BDA5BDA6BDA7B32CA7BCA6BCA5B54
:102C9000CA4BCA2BCA1BCA0BC0D0C083C0827E34A9
:102CA000FD127E24007E907D67793E00021BEA20A3
:102CB000907D67693E00020BEA207E1BB0907D6B21
:102CC000F0907D6BE064FF907D67691E00020BEA67
:102CD000007E0B705C7B7A0B70E4907D66F0804721
:102CE000907D66E07E34000160053E341478FB90F0
:102CF0007D6BE00A2B5D236D33BD23681F907D66DD
:102D00007EEB707404ACB77E14639D2D157A31820E
:102D10007A2183693E00020BEA209918907D667E35
:102D2000EBA074012CBAF0907D667EEBA07408BC19
:102D3000AB40ADD082D083D0D0DA0BDA1BDA2BDAFD
:102D40004BDA5BDA6BDA7B32CA7BCA6BCA5BCA4B83
:102D5000CA2BCA1BCA0BC0D0C083C0827E34FD13ED
:102D60007E24007E907D6D793E00021BEA20907DDE
:102D70006D693E00020BEA207E1BB0907D71F090E1
:102D80007D71E064FF907D6D691E00020BEA007E9C
:102D90000B705C7B7A0B70E4907D6CF08047907DCB
:102DA0006CE07E34000160053E341478FB907D7148
:102DB000E00A2B5D236D33BD23681F907D6C7EEB95
:102DC000707404ACB77E1463BD2D157A31827A21FC
:102DD00083693E00020BEA209918907D6C7EEBA07F
:102DE00074012CBAF0907D6C7EEBA07408BCAB40F3
:102DF000ADD082D083D0D0DA0BDA1BDA2BDA4BDA03
:102E00005BDA6BDA7B32CA7BCA6BCA5BCA4BCA2BF2
:102E1000CA1BCA0BC0D0C083C0827E34FD147E247E
:102E2000007E907D73793E00021BEA20907D7369DD
:102E30003E00020BEA207E1BB0907D77F0907D77FC
:102E4000E064FF907D73691E00020BEA007E0B7048
:102E50005C7B7A0B70E4907D72F08047907D72E02D
:102E60007E34000160053E341478FB907D77E00AE3
:102E70002B5D236D33BD23681F907D727EEB7074D4
:102E800004ACB77E1463DD2D157A31827A21836913
:102E90003E00020BEA209918907D727EEBA074012F
:102EA0002CBAF0907D727EEBA07408BCAB40ADD024
:102EB00082D083D0D0DA0BDA1BDA2BDA4BDA5BDA8A
:102EC0006BDA7B32CA7BCA6BCA5BCA4BCA2BCA1B82
:102ED000CA0BC0D0C083C0827E34FD157E24007E24
:102EE000907D79793E00021BEA20907D79693E0051
:102EF000020BEA207E1BB0907D7DF0907D7DE0642A
:102F0000FF907D79691E00020BEA007E0B705C7BEE
:102F10007A0B70E4907D78F08047907D78E07E3485
:102F2000000160053E341478FB907D7DE00A2B5D46
:102F3000236D33BD23681F907D787EEB707404ACE5
:102F4000B77E1463FD2D157A31827A2183693E00A4
:102F5000020BEA209918907D787EEBA074012CBAC0
:102F6000F0907D787EEBA07408BCAB40ADD082D0F1
:102F700083D0D0DA0BDA1BDA2BDA4BDA5BDA6BDAD6
:102F80007B32CA7BCA6BCA5BCA4BCA2BCA1BCA0B31
:102F9000C0D0C083C0827E34FD167E24007E907D2A
:102FA0007F793E00021BEA20907D7F693E00020B84
:102FB000EA207E1BB0907D83F0907D83E064FF90DB
:102FC0007D7F691E00020BEA007E0B705C7B7A0B32
:102FD00070E4907D7EF08047907D7EE07E3400013D
:102FE00060053E341478FB907D83E00A2B5D236DF1
:102FF00033BD23681F907D7E7EEB707404ACB77E7A
:1030000014641D2D157A31827A2183693E00020BEA
:10301000EA209918907D7E7EEBA074012CBAF09086
:103020007D7E7EEBA07408BCAB40ADD082D083D057
:10303000D0DA0BDA1BDA2BDA4BDA5BDA6BDA7B32BB
:10304000CA7BCA6BCA5BCA4BCA2BCA1BCA0BC0D08D
:10305000C083C0827E34FD177E24007E907D8579FA
:103060003E00021BEA20907D85693E00020BEA20AB
:103070007E1BB0907D89F0907D89E064FF907D8516
:10308000691E00020BEA007E0B705C7B7A0B70E419
:10309000907D84F08047907D84E07E34000160055F
:1030A0003E341478FB907D89E00A2B5D236D33BD9F
:1030B00023681F907D847EEB707404ACB77E14642B
:1030C0003D2D157A31827A2183693E00020BEA2078
:1030D0009918907D847EEBA074012CBAF0907D84C9
:1030E0007EEBA07408BCAB40ADD082D083D0D0DAE8
:1030F0000BDA1BDA2BDA4BDA5BDA6BDA7B32CA7B60
:10310000CA6BCA5BCA4BCA2BCA1BCA0BC0D0C083CE
:10311000C0827E34FD187E24007E907D8B793E0037
:10312000021BEA20907D8B693E00020BEA207E1B89
:10313000B0907D8FF0907D8FE064FF907D8B691E55
:1031400000020BEA007E0B705C7B7A0B70E4907DD2
:103150008AF08047907D8AE07E34000160053E342D
:103160001478FB907D8FE00A2B5D236D33BD2368BF
:103170001F907D8A7EEB707404ACB77E14645D2D65
:10318000157A31827A2183693E00020BEA20991870
:10319000907D8A7EEBA074012CBAF0907D8A7EEB44
:1031A000A07408BCAB40ADD082D083D0D0DA0BDAAB
:1031B0001BDA2BDA4BDA5BDA6BDA7B32CA7BCA6B4F
:1031C000CA5BCA4BCA2BCA1BCA0BC0D0C083C08201
:1031D0007E34FD197E24007E907D91793E00021B95
:1031E000EA20907D91693E00020BEA207E1BB090A0
:1031F0007D95F0907D95E064FF907D91691E0002C1
:103200000BEA007E0B705C7B7A0B70E4907D90F093
:103210008047907D90E07E34000160053E34147854
:10322000FB907D95E00A2B5D236D33BD23681F90D5
:103230007D907EEB707404ACB77E14647D2D157A9E
:1032400031827A2183693E00020BEA209918907D31
:10325000907EEBA074012CBAF0907D907EEBA07470
:1032600008BCAB40ADD082D083D0D0DA0BDA1BDA09
:103270002BDA4BDA5BDA6BDA7B32CA7BCA6BCA5B5E
:10328000CA4BCA2BCA1BCA0BC0D0C083C0827E34B3
:10329000FD1A7E24007E907D97793E00021BEA2075
:1032A000907D97693E00020BEA207E1BB0907D9BCB
:1032B000F0907D9BE064FF907D97691E00020BEA11
:1032C000007E0B705C7B7A0B70E4907D96F08047FB
:1032D000907D96E07E34000160053E341478FB90CA
:1032E0007D9BE00A2B5D236D33BD23681F907D9687
:1032F0007EEB707404ACB77E14649D2D157A318218
:103300007A2183693E00020BEA209918907D967E0F
:10331000EBA074012CBAF0907D967EEBA07408BCF3
:10332000AB40ADD082D083D0D0DA0BDA1BDA2BDA07
:103330004BDA5BDA6BDA7B32CA7BCA6BCA5BCA4B8D
:10334000CA2BCA1BCA0BC0D0C083C0827E34FD1BEF
:103350007E24007E907D9D793E00021BEA20907DB8
:103360009D693E00020BEA207E1BB0907DA1F0908B
:103370007DA1E064FF907D9D691E00020BEA007E46
:103380000B705C7B7A0B70E4907D9CF08047907DA5
:103390009CE07E34000160053E341478FB907DA1F2
:1033A000E00A2B5D236D33BD23681F907D9C7EEB6F
:1033B000707404ACB77E1464BD2D157A31827A2105
:1033C00083693E00020BEA209918907D9C7EEBA059
:1033D00074012CBAF0907D9C7EEBA07408BCAB40CD
:1033E000ADD082D083D0D0DA0BDA1BDA2BDA4BDA0D
:1033F0005BDA6BDA7B32CA7BCA6BCA5BCA4BCA2BFD
:10340000CA1BCA0BC0D0C083C082906349693E000A
:10341000020BEA204D23680C906349693E00020BC1
:10342000EA209918D082D083D0D0DA0BDA1BDA2BBD
:10343000DA4BDA5BDA6BDA7B32CA7BCA6BCA5BCAFD
:103440004BCA2BCA1BCA0BC0D0C083C08290635129
:10345000693E00020BEA204D23680C906351693EDF
:1034600000020BEA209918D082D083D0D0DA0BDA90
:103470001BDA2BDA4BDA5BDA6BDA7B32CA7BCA6B8C
:10348000CA5BCA4BCA2BCA1BCA0BC0D0C083C0823E
:10349000906355693E00020BEA204D23680C90634F
:1034A00055693E00020BEA209918D082D083D0D013
:1034B000DA0BDA1BDA2BDA4BDA5BDA6BDA7B32CA3D
:1034C0007BCA6BCA5BCA4BCA2BCA1BCA0BC0D0C013
:1034D00083C082906359693E00020BEA204D236845
:1034E0000C906359693E00020BEA209918D082D0F3
:1034F00083D0D0DA0BDA1BDA2BDA4BDA5BDA6BDA51
:103500007B32CA7BCA6BCA5BCA4BCA2BCA1BCA0BAB
:10351000C0D0C083C0827E34FA3A7E24007E7E1BF7
:10352000B030E05B74FE7E14FA3A7E04007E7E0BBF
:10353000705C7B7A0B706D339AFCB086907274E08D
:10354000BEB07F7817907F6B7EEBA074012CBAF031
:103550007414BCAB280B7460F5C78005E4907F6BD6
:10356000F090727C693E00020BEA204D23681090B7
:103570007274E090727C693E00020BEA2099187E1A
:1035800034FA3A7E24007E7E1BB030E11874FD7E52
:1035900014FA3A7E04007E7E0B705C7B7A0B706DB1
:1035A000339AFCB086D082D083D0D0DA0BDA1BDA23
:1035B0002BDA4BDA5BDA6BDA7B32CA7BCA6BCA5B1B
:1035C000CA4BCA2BCA1BCA0BC0D0C083C0827E3470
:1035D000FA4A7E24007E7E1BB030E03874FE7E14F2
:1035E000FA4A7E04007E7E0B705C7B7A0B707E3420
:1035F00000019AFCB086907280693E00020BEA20BE
:103600004D236810907275E0907280693E00020B45
:10361000EA2099187E34FA4A7E24007E7E1BB03060
:10362000E11A74FD7E14FA4A7E04007E7E0B705C03
:103630007B7A0B707E3400019AFCB086D082D083F6
:10364000D0D0DA0BDA1BDA2BDA4BDA5BDA6BDA7B07
:1036500032CA7BCA6BCA5BCA4BCA2BCA1BCA0BC015
:10366000D0C083C0827E34FA5A7E24007E7E1BB096
:1036700030E03874FE7E14FA5A7E04007E7E0B70B1
:103680005C7B7A0B707E3400029AFCB08690728468
:10369000693E00020BEA204D236810907276E0909C
:1036A0007284693E00020BEA2099187E34FA5A7E31
:1036B00024007E7E1BB030E11A74FD7E14FA5A7E1F
:1036C00004007E7E0B705C7B7A0B707E3400029A65
:1036D000FCB086D082D083D0D0DA0BDA1BDA2BDABA
:1036E0004BDA5BDA6BDA7B32CA7BCA6BCA5BCA4BDA
:1036F000CA2BCA1BCA0BC0D0C083C0827E34FA6AF0
:103700007E24007E7E1BB030E03874FE7E14FA6AA0
:103710007E04007E7E0B705C7B7A0B707E3400032F
:103720009AFCB086907288693E00020BEA204D2315
:103730006810907277E0907288693E00020BEA2070
:1037400099187E34FA6A7E24007E7E1BB030E11A1E
:1037500074FD7E14FA6A7E04007E7E0B705C7B7AB8
:103760000B707E3400039AFCB086D082D083D0D018
:10377000DA0BDA1BDA2BDA4BDA5BDA6BDA7B32CA7A
:103780007BCA6BCA5BCA4BCA2BCA1BCA0BC0D0C050
:1037900083C0827E34F7627E24007E7E1BB030E0E0
:1037A0003874FE7E14F7627E04007E7E0B705C7BB4
:1037B0007A0B707E3400049AFCB08690728C693E5D
:1037C00000020BEA204D236810907278E090728C12
:1037D000693E00020BEA2099187E34F7627E2400CD
:1037E0007E7E1BB030E11A74FD7E14F7627E040009
:1037F0007E7E0B705C7B7A0B707E3400049AFCB08A
:1038000086D082D083D0D0DA0BDA1BDA2BDA4BDA0F
:103810005BDA6BDA7B32CA7BCA6BCA5BCA4BCA2BD8
:10382000CA1BCA0BC0D0C083C0827E34F7927E24EC
:10383000007E7E1BB030E03874FE7E14F7927E046A
:10384000007E7E0B705C7B7A0B707E3400059AFCE8
:10385000B086907290693E00020BEA204D236810FA
:10386000907279E0907290693E00020BEA209918FC
:103870007E34F7927E24007E7E1BB030E11A74FD08
:103880007E14F7927E04007E7E0B705C7B7A0B7058
:103890007E3400059AFCB086D082D083D0D0DA0B7B
:1038A000DA1BDA2BDA4BDA5BDA6BDA7B32CA7BCAE9
:1038B0006BCA5BCA4BCA2BCA1BCA0BC0D0C083C021
:1038C000827E34F7C27E24007E7E1BB030E03874E6
:1038D000FE7E14F7C27E04007E7E0B705C7B7A0B4A
:1038E000707E3400069AFCB086907294693E0002A5
:1038F0000BEA204D23681090727AE0907294693E32
:1039000000020BEA2099187E34F7C27E24007E7EE6
:103910001BB030E11A74FD7E14F7C27E04007E7E77
:103920000B705C7B7A0B707E3400069AFCB086D0FC
:1039300082D083D0D0DA0BDA1BDA2BDA4BDA5BDAFF
:103940006BDA7B32CA7BCA6BCA5BCA4BCA2BCA1BF7
:10395000CA0BC0D0C083C0827E34F7F27E24007EC2
:103960007E1BB030E03874FE7E14F7F27E04007ED9
:103970007E0B705C7B7A0B707E3400079AFCB086FD
:10398000907298693E00020BEA204D2368109072F5
:103990007BE0907298693E00020BEA2099187E3411
:1039A000F7F27E24007E7E1BB030E11A74FD7E1497
:1039B000F7F27E04007E7E0B705C7B7A0B707E34A7
:1039C00000079AFCB086D082D083D0D0DA0BDA1B05
:1039D000DA2BDA4BDA5BDA6BDA7B32CA7BCA6BCA78
:1039E0005BCA4BCA2BCA1BCA0BC0D0C083C0825350
:1039F00088DF90701F693E00020BEA204D23680C9F
:103A000090701F693E00020BEA209918D082D08383
:103A1000D0D0DA0BDA1BDA2BDA4BDA5BDA6BDA7B33
:103A200032CA7BCA6BCA5BCA4BCA2BCA1BCA0BC041
:103A3000D0C083C08253887F907023693E00020B00
:103A4000EA204D23680C907023693E00020BEA20A7
:103A50009918D082D083D0D0DA0BDA1BDA2BDA4B6C
:103A6000DA5BDA6BDA7B32CA7BCA6BCA5BCA4BCAD7
:103A70002BCA1BCA0BC0D0C083C08253EFFE90700C
:103A800027693E00020BEA204D23680C90702769DD
:103A90003E00020BEA209918D082D083D0D0DA0BF6
:103AA000DA1BDA2BDA4BDA5BDA6BDA7B32CA7BCAE7
:103AB0006BCA5BCA4BCA2BCA1BCA0BC0D0C083C01F
:103AC0008253EFFD90702B693E00020BEA204D23DC
:103AD000680C90702B693E00020BEA209918D08286
:103AE000D083D0D0DA0BDA1BDA2BDA4BDA5BDA6B65
:103AF000DA7B32CA7BCA6BCA5BCA4BCA2BCA1BCAE7
:103B00000BC0D0C083C08253EFFB90702F693E0082
:103B1000020BEA204D23680C90702F693E00020BC7
:103B2000EA209918D082D083D0D0DA0BDA1BDA2BB6
:103B3000DA4BDA5BDA6BDA7B32CA7BCA6BCA5BCAF6
:103B40004BCA2BCA1BCA0BC0D0C083C0827E34FBB9
:103B5000B27E24007E7E1B700A377E2400085D231F
:103B60006D33BD23682C74F77E14FBB27E04007E97
:103B70007E0B705C7B7A0B70907033693E00020B99
:103B8000EA204D23680C907033693E00020BEA2056
:103B900099187E34FBB27E24007E7E1B700A377E2D
:103BA0002400805D236D33BD23682C747F7E14FB5D
:103BB000B27E04007E7E0B705C7B7A0B7090703757
:103BC000693E00020BEA204D23680C907037693E75
:103BD00000020BEA209918D082D083D0D0DA0BDA19
:103BE0001BDA2BDA4BDA5BDA6BDA7B32CA7BCA6B15
:103BF000CA5BCA4BCA2BCA1BCA0BC0D0C083C082C7
:103C00007E34FBBA7E24007E7E1B700A377E240041
:103C1000085D236D33BD23682C74F77E14FBBA7ED8
:103C200004007E7E0B705C7B7A0B7090703B693E6B
:103C300000020BEA204D23680C90703B693E0002A5
:103C40000BEA2099187E34FBBA7E24007E7E1B701E
:103C50000A377E2400805D236D33BD23682C747F7A
:103C60007E14FBBA7E04007E7E0B705C7B7A0B7048
:103C700090703F693E00020BEA204D23680C907063
:103C80003F693E00020BEA209918D082D083D0D041
:103C9000DA0BDA1BDA2BDA4BDA5BDA6BDA7B32CA55
:103CA0007BCA6BCA5BCA4BCA2BCA1BCA0BC0D0C02B
:103CB00083C0827E34FBC27E24007E7E1B700A3766
:103CC0007E2400085D236D33BD23682C74F77E14B9
:103CD000FBC27E04007E7E0B705C7B7A0B70907062
:103CE00043693E00020BEA204D23680C9070436943
:103CF0003E00020BEA2099187E34FBC27E24007E2F
:103D00007E1B700A377E2400805D236D33BD2368DF
:103D10002C747F7E14FBC27E04007E7E0B705C7B65
:103D20007A0B70907047693E00020BEA204D2368C1
:103D30000C907047693E00020BEA209918D082D09F
:103D400083D0D0DA0BDA1BDA2BDA4BDA5BDA6BDAF8
:103D50007B32CA7BCA6BCA5BCA4BCA2BCA1BCA0B53
:103D6000C0D0C083C08274FE7E14FE787E04007EC4
:103D70007E0B705C7B7A0B7090704B693E00020B7F
:103D8000EA204D23680C90704B693E00020BEA203C
:103D90009918D082D083D0D0DA0BDA1BDA2BDA4B29
:103DA000DA5BDA6BDA7B32CA7BCA6BCA5BCA4BCA94
:103DB0002BCA1BCA0BC0D0C083C0827E34FBCA7E14
:103DC00024007E7E1B700A377E2400085D236D333D
:103DD000BD23682C74F77E14FBCA7E04007E7E0B24
:103DE000705C7B7A0B7090704F693E00020BEA208A
:103DF0004D23680C90704F693E00020BEA20991821
:103E00007E34FBCA7E24007E7E1B700A377E24002F
:103E1000805D236D33BD23682C747F7E14FBCA7EC6
:103E200004007E7E0B705C7B7A0B70907053693E51
:103E300000020BEA204D23680C907053693E00028B
:103E40000BEA209918D082D083D0D0DA0BDA1BDAB3
:103E50002BDA4BDA5BDA6BDA7B32CA7BCA6BCA5B72
:103E6000CA4BCA2BCA1BCA0BC0D0C083C0829AFDE2
:103E7000A446D082D083D0D0DA0BDA1BDA2BDA4B0F
:103E8000DA5BDA6BDA7B32CA7BCA6BCA5BCA4BCAB3
:103E90002BCA1BCA0BC0D0C083C0829AFDA433D0EA
:103EA00082D083D0D0DA0BDA1BDA2BDA4BDA5BDA8A
:103EB0006BDA7B32907D281BEA10907D261BEA206E
:103EC000907D241BEA30907D260BEA20907D240B08
:103ED000EA30BD325808907D260BEA30801E907D76
:103EE000280BEA20907D240BEA30BD320808907D33
:103EF000280BEA308006907D240BEA3022907D2E3C
:103F00001BEA10907D2C1BEA20907D2A1BEA309042
:103F10007D2C0BEA20907D2A0BEA30BD32500890B0
:103F20007D2C0BEA30801E907D2E0BEA20907D2A9E
:103F30000BEA30BD322808907D2E0BEA30800690C7
:103F40007D2A0BEA302290664DE00A2B7E34003049
:103F50002D32907F261BEA30907F260BEA207E349C
:103F600000C6BD23500C7E3400C6907F261BEA306D
:103F70008018907F260BEA207E3400E1BD23280ABA
:103F80007E3400E1907F261BEA30907F260BEA50BA
:103F9000906654F022907F281BEA3080379000C64C
:103FA000E0BEB0006809E49000C6F0740180327E83
:103FB0001403E8907DF3693E00020BEA209AFDC8E5
:103FC000729AFE301A907F280BEA307E2400019D01
:103FD000321BEA30907F280BEA206D33BD2378BD79
:103FE000E4226D3390795A1BEA309F1190795C7905
:103FF0003E00021BEA207414907958F002407F9032
:1040000079587EEB7074BCACB77E3400E82D357EF9
:10401000240001907960793E00021BEA20E4907947
:1040200059F08045907959E00A1B907960693E000B
:10403000020BEA202D317E1B700A176D0090795C0F
:10404000693E00020BEA202F10793E00021BEA2095
:1040500090795A0BEA207E3400012D321BEA307E23
:10406000A004907959E02CBAF09079597EEBA074B5
:10407000BCBCAB40AF7EA004907958E02CBAF09065
:1040800079587EEBA07478BCAB5003023FFF907967
:104090005A0BEA206D33BD237803E4801690795AD9
:1040A0000BEA1090795C693E00020BEA209AFDC889
:1040B000727CB7227E3402009066501BEA30E49096
:1040C00000C6F0E4907A95F00242147E3400961215
:1040D0003F95BEB0007803024223123FE2907A96E9
:1040E000F0907A96E0906557F0907A967EEBA07407
:1040F00070BCAB400F907A967EEBA0748EBCAB3850
:1041000003024223907A96E0BEB0007806740190D4
:104110007A96F09066500BEA207E34007EAD2390B4
:104120007A9B793E00021BEA20907A967EEB701E05
:10413000700A176D00907A9B693E00020BEA202FEF
:1041400010907A96E00A1B6D009AFDC874907A97D9
:104150001BEA30907A970BEA306D229066500BEA9A
:10416000106D002F017E1800012F101E341E2450E8
:10417000034E6080907A991BEA309066500BEA20DB
:104180007E340003AD327D231E241E24907A990BC9
:10419000EA30BD3250169066500BEA207E340003A0
:1041A000AD321E341E34907A991BEA309066500B63
:1041B000EA203E24907A990BEA30BD32280E9066B0
:1041C000500BEA303E34907A991BEA30907A990B82
:1041D000EA307E24003C7E1404B0123EFD907A99B1
:1041E0001BEA309066500BEA20907A990BEA30BDBA
:1041F000326830907A990BEA309066501BEA309022
:1042000066500BEA309AFE26B5907A957EEBA07444
:10421000012CBAF0907A957EEBA07405BCAB5003EC
:104220000240CB7E340096123F95BEB00068071264
:104230003FE2906557F0E49000C6F0AA9079CC7AFE
:10424000EB609079CB7AEB709079CAF09079CB7E65
:10425000EBA09079CAE0BCBA40109079CBE00A2B71
:104260009079CAE00A3B9D32800E9079CAE00A2B11
:104270009079CBE00A3B9D329079CD1BEA30907962
:10428000CBE00A3B9079CAE00A2B2D237E34000153
:104290002D329079CF1BEA309079CD0BEA207E3415
:1042A00000C8AD329079D11BEA309079CCE00A3B5E
:1042B0007E2400012D239079CF0BEA30AD32907926
:1042C000D31BEA309079D30BEA209079D10BEA30F6
:1042D000BD32400474018001E4229075A01BEA0005
:1042E000791E00029075A0693E00020BEA202E3470
:1042F00055309075A6793E00021BEA207E3402F00C
:104300009075AA1BEA306D339075AC1BEA309F1193
:104310009075AE793E00021BEA20906654E09075DD
:10432000B4F06D339075A41BEA3080609075A40BD7
:10433000EA109075A6693E00020BEA202D317E1B23
:10434000B09075B2F09075B47EEBA09075B2E0BC01
:10435000BA502A9075B2E00A1B6D009075AE693EA6
:1043600000020BEA202F10793E00021BEA20907514
:10437000AC0BEA207E3400012D321BEA309075A48C
:104380000BEA207E3400012D321BEA309075AA0B17
:10439000EA209075A40BEA30BD3240909075AC0BCA
:1043A000EA206D33BD2378616D339075A41BEA302C
:1043B000803B9075A40BEA109075A6693E00020B35
:1043C000EA202D317E1B700A176D009075AE693E94
:1043D00000020BEA202F10793E00021BEA209075A4
:1043E000A40BEA207E3400012D321BEA309075AA1E
:1043F0000BEA209075A40BEA30BD3240B59075AA47
:104400000BEA309075AC1BEA309075AC0BEA10905B
:1044100075AE693E00020BEA209AFDC8727CB79027
:1044200065D1F09065D17EEB707407AC7B7E240083
:104430000A8D327E24001E7E1400DC123EB47CB74E
:104440009075B3F090664F7EEBA07414BCAB403512
:1044500090664F7EEBA074AFBCAB382990664FE0FE
:104460000A3B9075B3E00A2B2D237E3400012D32D8
:104470001E347E24001E7E1400DC123EB47CB790F5
:10448000664DF080089075B3E090664DF0123F469F
:1044900090664DE00A2B7E3400182D3290664DE078
:1044A0000A1B7E2400082D21906654E00A1B7E041E
:1044B00000019D10123EB47CB790664EF0AA907237
:1044C000271BEA20793E0002907226F09072221B90
:1044D000EA00791E00027478907230F0745E906683
:1044E0004CF07E3401789072351BEA30907222696C
:1044F0003E00020BEA202E34576490723B793E0056
:10450000021BEA20906654E0907231F090664DE014
:10451000907232F090664EE0907233F09064DDE07D
:10452000907234F0E490723FF0E4907240F0E490C6
:104530007241F0E4907243F0E4907244F0E49072BF
:1045400045F0E4907246F0907227693E00020BEA53
:10455000204D236840E4907227693E00020BEA2058
:104560007A1BB0E4907227693E00020BEA200B34FC
:104570007A1BB0E4907227693E00020BEA200B35EB
:104580007A1BB0E4907227693E00020BEA202E34B9
:1045900000037A1BB0E490722BF00249D274789039
:1045A000722FF090722BE00A1B90723B693E000262
:1045B0000BEA202D31907237793E00021BEA2074FD
:1045C0007790722CF00246AF907237693E00020B72
:1045D000EA207E1BB090722DF09072350BEA10909D
:1045E0007237693E00020BEA209D317E1BB090724B
:1045F0002EF09072317EEBA090722DE0BCBA500E7E
:104600009072317EEBA090722EE0BCBA401B90728B
:10461000350BEA10907237693E00020BEA209D319B
:10462000793E00021BEA20807C9072337EEBA090E2
:10463000722EE0BCBA281B9072350BEA10907237CC
:10464000693E00020BEA209D31793E00021BEA2000
:1046500080539072327EEBA090722DE0BCBA500A6B
:1046600090722CE090722FF0805490722DE0907236
:104670002E7EEB709072347EEB6012423CBEB00036
:10468000680A90722CE090722FF080329072350B95
:10469000EA10907237693E00020BEA209D31793EA4
:1046A00000021BEA207EA00290722CE09CBAF090DF
:1046B000722C7EEBA07402BCAB28030245C890723A
:1046C00026E0BEB0007803024974907227693E006C
:1046D000020BEA204D23780302497490722B7EEB83
:1046E000A07414BCAB500302497490722B7EEBA0F3
:1046F00074A6BCAB280302497490722FE0907242FA
:10470000F0907242E0BEB07878067403907242F086
:10471000907240E0BEB0007811907242E090724119
:10472000F07401907240F002497490723FE0BEB0A4
:10473000007847907241E00A3B7E24000C2D2390C4
:104740007242E00A3BBD324026740190723FF09005
:10475000722BE0907243F0907241E0907244F090BE
:104760007242E0907245F0907242E0907246F09092
:104770007242E0907241F0024974907242E00A3B4A
:104780007E24000C2D23907241E00A3BBD232803B8
:104790000248AF9072437EEBA090722BE09CBA90DF
:1047A0007247F0907246E0907248F09072477EEB4C
:1047B000A0740ABCAB500302489F9072477EEBA0E6
:1047C000743CBCAB280302489F9072487EEBA074F7
:1047D0002DBCAB500302489F9072487EEBA07469D9
:1047E000BCAB280302489F9072447EEBA0907242BB
:1047F000E0BCBA4012907244E09072427EEBA09C02
:10480000AB7408BCAB28239072447EEBA09072423C
:10481000E0BCBA400302489F907242E09072447E2E
:10482000EBA09CAB7408BCAB3875907227693E0056
:10483000020BEA207E1BB0BEB00068199072276997
:104840003E00020BEA202E3400037E1BA09072482B
:10485000E0BCBA284A7401907227693E00020BEA54
:10486000207A1BB0907243E0907227693E00020BE1
:10487000EA200B347A1BB090722BE0907227693ECD
:1048800000020BEA200B357A1BB0907248E0907260
:1048900027693E00020BEA202E3400037A1BB0E4A5
:1048A00090723FF0907242E0907241F00249749031
:1048B0007245E0907249F0907246E090724AF09032
:1048C00072497EEBA0907242E0BCBA5008907242EE
:1048D000E0907249F090724A7EEBA0907242E0BC88
:1048E000BA2808907242E090724AF09072437EEBD0
:1048F000A090722BE09CBA907247F0907249E090C1
:10490000724A7EEBA09CAB7406BCAB381E9072471B
:104910007EEBA0743CBCAB3812907249E0907245BB
:10492000F090724AE0907246F08041E490723FF05D
:10493000907241E00A3B7E24000C2D23907242E0ED
:104940000A3BBD324026740190723FF090722BE01A
:10495000907243F0907241E0907244F0907242E0A5
:10496000907245F0907242E0907246F0907242E090
:10497000907241F09072307EEBA090722FE0BCBA42
:10498000502590722FE0907230F090722BE090667C
:104990004CF0907226E0BEB000780C9072307EEB46
:1049A000A07403BCAB283A907226E0BEB000681831
:1049B00090722B7EEBA074A6BCAB400C9072307E44
:1049C000EBA07403BCAB28197EA00290722BE02CE4
:1049D000BAF090722B7EEBA074BBBCAB38030245DF
:1049E0009DAA9074C41BEA00791E00029074C469E9
:1049F0003E00020BEA209074C8793E00021BEA20B8
:104A000074779074CCF074089074CDF074BB90748B
:104A1000CEF0E49074CFF0906654E09074D9F090AA
:104A2000664DE09074DAF090664EE09074DBF090A2
:104A300064DDE09074DCF090664CE09074D0F0900F
:104A4000664CE09074D1F09074CFE09074D2F09006
:104A500074CEE09074D3F0E49074D7F0E49074D8FE
:104A6000F0740890664BF074089065D2F09074CDA5
:104A7000E00A0B7E1465592D107E0400019074CD60
:104A8000E00A3B9074CCE00A2B9D237E3400012D7C
:104A900032E49AFE33B39074CDE00A0B7E1464DFE7
:104AA0002D107E0400019074CDE00A3B9074CCE0A0
:104AB0000A2B9D237E3400012D3274BB9AFE33B342
:104AC0009074CCE09074DEF0024EF99074DE7EEBD0
:104AD0007074BCACB79074C4693E00020BEA202D20
:104AE000359074C8793E00021BEA209074D7E0BE6E
:104AF000B0006803024CDA74029074D4F09074D45D
:104B0000E0BEB001781090664CE09074D0F09074E4
:104B1000CFE09074D2F09074D47EEBA07E70017CD4
:104B2000BA9CB7F09074D0E09074DDF0024CB59070
:104B300074DDE00A1B9074C8693E00020BEA202D68
:104B4000317E1BB09074D5F09074DDE00A1B907438
:104B5000C8693E00020BEA202D311B357E1BB09048
:104B600074D6F09074D97EEBA09074D5E0BCBA40B6
:104B700003024CAB9074D97EEBA09074D6E0BCBA23
:104B80004003024CAB9074DA7EEBA09074D5E0BC8D
:104B9000BA504E9074D07EEBA09074DDE0BCBA7831
:104BA0004090664C7EEBA09074D0E0BCBA78327432
:104BB000019074D7F0E49074D4F09074DEE00A3B76
:104BC0007E2400019D327E14655B7E04000190749A
:104BD000CFE09AFE33B39074DEE090664BF0024C67
:104BE000CE9074DA7EEBA09074D5E0BCBA501E90E3
:104BF00074DD7EEBA09074DEE00A2B7E3465592DC7
:104C0000327A71827A61837AEBA0024CCE9074DBA7
:104C10007EEBA09074D6E0BCBA2803024CAB907433
:104C2000CF7EEBA09074DDE0BCBA681B9074D5E039
:104C30009074D67EEB709074DC7EEB6012423C0A7E
:104C40002B6D33BD2368649074DD7EEBA09074DE21
:104C5000E00A2B7E3465592D327A71827A61837A2B
:104C6000EBA09074DDE00A2B7E3400102D3290749E
:104C7000DDE00A2B9074CEE00A1B123EB47CB790A4
:104C800074D0F09074DDE00A3B7E2400109D3290D9
:104C900074CFE00A2B9074DDE00A1B123EB47CB79F
:104CA0009074D2F0E49074D4F080237EA0029074CB
:104CB000DDE09CBAF09074D2E00A3B7E2400022D25
:104CC000239074DDE00A3BBD320803024B2F907441
:104CD000D4E0BEB0006803024AFD9074D8E0BEB0D4
:104CE000006803024ED974029074D4F09074D4E03A
:104CF000BEB001781090664CE09074D1F09074CE04
:104D0000E09074D3F09074D47EEBA07E70017CBAF6
:104D10009CB7F09074D1E09074DDF0024EB49074C2
:104D2000DDE00A1B9074C8693E00020BEA202D31B9
:104D30007E1BB09074D5F09074DDE00A1B9074C8AF
:104D4000693E00020BEA202D310B357E1BB09074BA
:104D5000D6F09074D97EEBA09074D5E0BCBA400335
:104D6000024EAA9074D97EEBA09074D6E0BCBA40F3
:104D700003024EAA9074DA7EEBA09074D5E0BCBA20
:104D800050569074D17EEBA09074DDE0BCBA7848A8
:104D900090664C7EEBA09074D1E0BCBA783A740176
:104DA0009074D8F0E49074D4F09074CDE00A0B7E47
:104DB0001464E02D107E0400019074CDE00A2B9065
:104DC00074DEE00A3B9D3274BB9AFE33B39074DE0E
:104DD000E09065D2F0024ECD9074DA7EEBA0907434
:104DE000D5E0BCBA501E9074DD7EEBA09074DEE07E
:104DF0000A2B7E3464DF2D327A71827A61837AEBFA
:104E0000A0024ECD9074DB7EEBA09074D6E0BCBACD
:104E10002803024EAA9074CEE00A2B7E3400029D35
:104E2000239074DDE00A3BBD32581B9074D5E090AE
:104E300074D67EEB709074DC7EEB6012423C0A2BE1
:104E40006D33BD2368649074DD7EEBA09074DEE06A
:104E50000A2B7E3464DF2D327A71827A61837AEB99
:104E6000A09074DDE00A3B7E2400109D329074CF48
:104E7000E00A2B9074DDE00A1B123EB47CB79074FC
:104E8000D1F09074DDE00A2B7E3400102D32907446
:104E9000DDE00A2B9074CEE00A1B123EB47CB79082
:104EA00074D3F0E49074D4F080237EA0029074DD7B
:104EB000E02CBAF09074D3E00A2B7E3400029D23DC
:104EC0009074DDE00A3BBD321803024D1E9074D48D
:104ED000E0BEB0006803024CEC9074CDE00A3B7E6B
:104EE0002400022D239074DEE00A3BBD32481B7E75
:104EF000A0029074DEE09CBAF09074CD7EEBA0909E
:104F000074DEE0BCBA4003024ACB9AFD4F477E34C0
:104F10000078CA397E3465597E2400017E146AB651
:104F20007E0400019AFCFFCC1BFD7E340078CA3958
:104F30007E3464DF7E2400017E146A3C7E0400011E
:104F40009AFCFFCC1BFDAA9065D0E0907DEAF0743E
:104F500075907DE9F0024FDD907DE9E00A2B7E340B
:104F600065592D327A71827A6183E0907DEBF09001
:104F70007DEBE00A2B907DEAE00A3B2D32907DEC40
:104F80001BEA30907DEA7EEBA0907DEBE0BCBA405E
:104F90000F907DEC0BEA207E3400012D321BEA30AD
:104FA000907DEC0BEA501E547CAB907DE9E00A2B1F
:104FB0007E34655A2D327A71827A61837AEBA090C1
:104FC0007DEBE0907DEAF0907DE97EEBA0740ABC79
:104FD000AB40197EA002907DE9E09CBAF0907DE99B
:104FE0007EEBA07408BCAB4003024F58906556E0BE
:104FF000907DEAF07475907DE9F0025082907DE931
:10500000E00A2B7E3464DF2D327A71827A6183E08C
:10501000907DEBF0907DEBE00A2B907DEAE00A3B7F
:105020002D32907DEC1BEA30907DEA7EEBA0907DE6
:10503000EBE0BCBA400F907DEC0BEA207E3400011F
:105040002D321BEA30907DEC0BEA501E547CAB9065
:105050007DE9E00A2B7E3464E02D327A71827A6138
:10506000837AEBA0907DEBE0907DEAF0907DE97E85
:10507000EBA0740ABCAB40197EA002907DE9E09CD5
:10508000BAF0907DE97EEBA07408BCAB4003024F00
:10509000FDAAE4907F63F08050907F63E00A2B7E4E
:1050A000346A3C2D327A71827A6183E00A4B907FB8
:1050B00063E00A3B7E546AB62D537AB1827AA183AB
:1050C000E00A5B2D541E547CAB907F63E00A2B7E7C
:1050D0003465D32D327A71827A61837AEBA0907F26
:1050E000637EEBA074012CBAF0907F637EEBA0741A
:1050F00078BCAB40A4AA9079D67AEB709079D5F0C1
:105100007E3400E87E2400019079D7793E00021BAE
:10511000EA20E490664FF09079D7691E00020BEA0E
:10512000009AFD42DA9079D7691E00020BEA0090DE
:1051300079D6E07E3479DB7E2400019AFD44BE906E
:1051400079D7691E00020BEA009AFD49E2E49079E2
:10515000DFF09079D6E0BEB00068147E1479DB7E73
:105160000400019AFDCCB49AFDD0DA9079DFF0E426
:105170009064DEF09079DFE0BEB000680F90665674
:10518000E0BEB000780A9AFCDE0D80049AFCCA18D2
:105190009079DFE0906656F09AFD509290664DE06F
:1051A00090767DF09079D5E0BEB000680C906B2EC3
:1051B0007EEBA07402BCAB403CE4906655F0E490FA
:1051C0007689F0E4907687F0E4907688F0E4907643
:1051D00084F06D3390768D1BEA30E4907681F0E4B4
:1051E00090768BF0E4907685F0E4907686F0E4900B
:1051F000767CF08031906655E0BEB000780C9AFD68
:10520000F28C907687E09AFDF4299066557EEBA0AB
:1052100074012CBAF09066557EEBA07402BCAB40D2
:1052200005E4906655F0AA9079201BEA20793E00AB
:105230000290791C1BEA00791E0002E4907924F0A8
:10524000E4907925F06D339079261BEA307E14784E
:10525000427E04000174807E70019AFC9A727E1472
:1052600078427E04000174FF7E70019AFC9A727E7F
:105270001478427E040001E46C779AFC9A727E14E2
:1052800078427E04000174FF7E70069AFC9A727E5A
:10529000180001907831793E00021BEA207E1478D4
:1052A000427E04000174837E3479247E2400019AB6
:1052B000FCA24F7E1478427E04000174839079240E
:1052C0007EEB707E60044C769AFC9A727E14784273
:1052D0007E04000174FF7E70079AFC9A727E147837
:1052E000427E04000174817E70019AFC9A727E14E1
:1052F00078427E04000174807E70019AFC9A727E6E
:105300001478427E04000174947E706B9AFC9A7249
:105310007E1478427E04000174836C779AFC9A7242
:10532000E4907924F080597E1403E8907DF3693E7F
:1053300000020BEA209AFDC8729AFE301A7E18000D
:1053400001907831793E00021BEA207E1478427E7B
:1053500004000174837E3479247E2400019AFCA227
:105360004F9079260BEA207E3400012D321BEA3063
:105370007E3400FFBD3250087401907925F0801210
:10538000907924E0BEB000689E907924E0BEB0FF22
:105390006895907925E0BEB00068030254A07E14A1
:1053A00078427E04000174837E70019AFC9A727EBA
:1053B000180001907831793E00021BEA207E1478B3
:1053C000427E04000174927E3479247E2400019A86
:1053D000FCA24F9079247EEB30747F5C3B90791C6B
:1053E000693E00020BEA207A1B309079247EEB3074
:1053F0007CB3237C3B74015C3B907920693E0002C6
:105400000BEA207A1B307E1478427E0400017481FE
:105410006C779AFC9A727E1478427E04000174FFC5
:105420007E70069AFC9A727E180001907831793E5F
:1054300000021BEA207E1478427E04000174837E01
:105440003479247E2400019AFCA24F7E1478427E97
:1054500004000174839079247EEB709AFC9A727E2A
:105460001478427E04000174FF7E70019AFC9A72E7
:105470007E1478427E040001E47E70019AFC9A72E8
:105480007E1478427E04000174FF6C779AFC9A7255
:105490007E1478427E04000174806C779AFC9A72C4
:1054A000907925E022907C4CF0907C4A1BEA309069
:1054B0007C4CE00A3B6D227E1409009AFDC8697E8F
:1054C0001406779AFDC8697E0801F42F107E140334
:1054D000E89AFDC872907C4D793E00021BEA20904C
:1054E0007C4A0BEA306D22907C4D691E00020BEA6B
:1054F000009AFDC858907C4D691E00020BEA001E00
:10550000141E0450034E20802F107E1403E89AFDD1
:10551000C87222907AE4F0907AE01BEA20793E008B
:1055200002907AE4E00A3B6D227E1409009AFDC8DD
:10553000697E1406779AFDC8697E0801F42F107EF3
:105540001403E89AFDC872907AE5793E00021BEADE
:10555000207E1403E8907AE0693E00020BEA209A6C
:10556000FDC869907AE5691E00020BEA001E141E50
:105570000450034E20802F10907AE5691E00020B24
:10558000EA009AFDC87422907F121BEA30907F12C5
:105590000BEA207E34FF005D327D530A5A907F1261
:1055A0000BEA307E2400FF5D2360053E241478FB67
:1055B0007E3400012D3222907F141BEA309F117A35
:1055C0001F00086D337A37000C6D337A37000E6D8B
:1055D00022907F140BEA30BD32285C907F140BEAD6
:1055E000307E2400019D326D227A1F0008801F7ECC
:1055F0001F00081E341E2450034E60807A1F0008CE
:105600007E27000C7E3400012D327A37000C7E0C90
:10561000FF007E1F00085E7000BE18000038D07EBC
:1056200027000C7C456C557E0F00087E3400FF5D22
:10563000314D327A37000E7E37000E22907DDF1B0F
:10564000EA00791E0002E4907DE3F07E18000190EC
:105650007831793E00021BEA207E1478427E0400F5
:105660000174017E347DE37E2400019AFCA24F90F8
:105670007DE37EEB307CB3C47C3B74015C3B907D6E
:10568000DF693E00020BEA207A1B30907DE37EEB5F
:10569000307CB3C4237C3B74015C3B907DDF693E6E
:1056A00000020BEA200B357A1B30907DE37EEB2065
:1056B0001E201E207E30015C32907DDF693E00029C
:1056C0000BEA200B347A1B30907DE37EEB307CB309
:1056D00023237C3B74015C3B907DDF693E00020B21
:1056E000EA202E3400037A1B30907DE37EEB307C81
:1056F000B3237C3B74015C3B907DDF693E00020B71
:10570000EA200B367A1B3022907EF51BEA30E490BB
:105710007EF7F06D22907EF50BEA30BD3278387E50
:10572000180001907831793E00021BEA207E14783F
:10573000427E04000174507E347EF77E2400019A7C
:10574000FCA24F907EF7E00A4B7E5400012D543EA0
:1057500054907EF7F0804C907EF50BEA207E34006A
:1057600001BD2378387E180001907831793E00021F
:105770001BEA207E1478427E04000174707E347E21
:10578000F77E2400019AFCA24F907EF7E00A4B7E40
:105790005400012D543E54907EF7F0800674FF9023
:1057A0007EF7F0907EF7E02290792C1BEA20793E7C
:1057B00000029079281BEA00791E00026D3390796F
:1057C000321BEA306D331257080A1B90792C693E60
:1057D00000020BEA201B1A107E1800019078317924
:1057E0003E00021BEA207E1478427E0400017446CB
:1057F0007E3479307E2400019AFCA24F907930E00B
:105800000A0B7E1400012D1090792C693E00020BCA
:10581000EA200B361B1A1090792C693E00020BEA25
:10582000200B360B1A3090792C691E00020BEA000F
:105830000B0A501254A57F0190792C693E00020B8F
:10584000EA202E34000A791100021B1A007E18008B
:1058500002907831793E00021BEA207E1478427E65
:1058600004000174517E3479307E2400019AFCA238
:105870004F907930E00A2B7C456C55907931E00AE5
:105880003B4D329079321BEA309079320BEA30127C
:1058900055877D1390792C693E00020BEA202E3447
:1058A00000061B1A1090792C693E00020BEA202E8C
:1058B0003400060B1A3090792C691E00020BEA00A6
:1058C0000B0A501254A57F0190792C693E00020BFF
:1058D000EA202E34000E791100021B1A007E3400DB
:1058E000011257080A1B90792C693E00020BEA202E
:1058F0000B351B1A107E180002907831793E000299
:105900001BEA207E1478427E04000174717E347993
:10591000307E2400019AFCA24F907930E00A2B7C63
:10592000456C55907931E00A3B4D329079321BEA53
:10593000309079320BEA301255877D1390792C69BB
:105940003E00020BEA202E3400081B1A1090792822
:10595000693E00020BEA202E3400037E1BB0BEB06D
:1059600000682790792C693E00020BEA202E340053
:10597000060B1A2090792C691E00020BEA002E14E7
:1059800000080B0A309D321B0A3090792C693E00CA
:10599000020BEA202E3400080B1A3090792C691E75
:1059A00000020BEA000B150B0A501254A57F019060
:1059B000792C693E00020BEA202E34001279110086
:1059C000021B1A0022907DE4F0E4907DE5F0E49063
:1059D0007DE6F06D33907DE71BEA307E1478427EE1
:1059E000040001E4907DE47EEB707E60014C769AC9
:1059F000FC9A727E180001907831793E00021BEA11
:105A0000207E1478427E04000174467E347DE67E5A
:105A10002400019AFCA24F80597E1403E8907DF384
:105A2000693E00020BEA209AFDC8729AFE301A7E87
:105A3000180001907831793E00021BEA207E14782C
:105A4000427E04000174467E347DE67E2400019A85
:105A5000FCA24F907DE70BEA207E3400012D321B23
:105A6000EA307E3400FFBD3250087401907DE5F0CD
:105A7000800F907DE67EEBA074075CBABEB0006834
:105A800098907DE5E0BEB00078207E1478427E04D8
:105A90000001740B7E70019AFC9A727E1478427E2B
:105AA000040001E46C779AFC9A72907DE5E0229004
:105AB00070EB1BEA20793E0002E49070EFF06D334A
:105AC0009070F31BEA309F119070F5793E00021B35
:105AD000EA206D339070F91BEA307E1808E8907167
:105AE00016793E00021BEA209070EB693E00020B23
:105AF000EA20BE184E20500974019070EFF0025C4D
:105B0000BB7E1470FB7E04000112563C7E1470FBB9
:105B10007E0400017E3471007E2400011257A8909B
:105B200070FBE0BEB00068237E18024E90710A69D7
:105B30001E00020BEA002F01907116693E00020B55
:105B4000EA202F10793E00021BEA209070FDE0BE93
:105B5000B00068297E0802B290710A693E00020B0B
:105B6000EA202F107F012F00907116693E00020B72
:105B7000EA202F10793E00021BEA20802C9070FC56
:105B8000E0BEB00068237E18029490710A691E007E
:105B9000020BEA002F01907116693E00020BEA2009
:105BA0002F10793E00021BEA209070FEE0BEB0008C
:105BB00068237E18029490710E691E00020BEA00A1
:105BC0002F01907116693E00020BEA202F10793EDA
:105BD00000021BEA209070FFE0BEB0007803025C78
:105BE000BB7E080226907116693E00020BEA202F48
:105BF00010793E00021BEA209070EB691E00020B38
:105C0000EA00907116693E00020BEA20BF102809D5
:105C100074019070EFF0025CBB907116691E000277
:105C20000BEA009070EB693E00020BEA209F109097
:105C300070F5793E00021BEA209070F5693E000283
:105C40000BEA209071020BEA501255139070F91B69
:105C5000EA309070FEE0BEB00068119071060BEA69
:105C6000209070F90BEA302D321BEA309070F90B5E
:105C7000EA301255B79070F31BEA3074719070F0EF
:105C8000F09070F30BEA307D530A5A9070F1F09067
:105C900070F30BEA509070F2F07E18000390786475
:105CA000793E00021BEA207E1478427E0400017EC9
:105CB0003470F07E2400019AFC97EE9070EFE022A1
:105CC0007E180B3690744A793E00021BEA207E143F
:105CD000742F7E04000112563C7E14742F7E040043
:105CE000017E3474347E2400011257A890742FE092
:105CF000BEB00068237E18024E90743E691E0002FA
:105D00000BEA002F0190744A693E00020BEA202F33
:105D100010793E00021BEA20907431E0BEB00068AA
:105D2000297E0802B290743E693E00020BEA202FE1
:105D3000107F012F0090744A693E00020BEA202F69
:105D400010793E00021BEA20802C907430E0BEB037
:105D50000068237E18029490743E691E00020BEACC
:105D6000002F0190744A693E00020BEA202F10793F
:105D70003E00021BEA20907432E0BEB00068237E31
:105D8000180294907442691E00020BEA002F0190E1
:105D9000744A693E00020BEA202F10793E00021B74
:105DA000EA20907433E0BEB00068237E180226908B
:105DB0007446691E00020BEA002F0190744A693E86
:105DC00000020BEA202F10793E00021BEA2090749B
:105DD0004A693E00020BEA2022907AE91BEA207908
:105DE0003E00026D117E044300907AE9693E000294
:105DF0000BEA209AFDBFEA9AFDC19C907AF01BEA5B
:105E000030907AE9691E00020BEA009F119AFDC1E9
:105E10000B2818907AE9691E00020BEA007E34FE16
:105E2000B87E2443FF9AFDC10B400474018001E455
:105E30007E1446B57E0400FE7E3402069AFE25E4FA
:105E40007444907AEDF0907AF00BEA307D530A5A60
:105E5000907AEEF0907AF00BEA50907AEFF07E189C
:105E60000003907864793E00021BEA207E14784299
:105E70007E0400017E347AED7E2400019AFC97EEC8
:105E80002290784EE0BEB0007803025F587E180082
:105E900001907831793E00021BEA207E1478427E20
:105EA00004000174137E347EF87E2400019AFCA263
:105EB0004F907EF87EEBA074075CBABEB000685CC1
:105EC0007E180002907831793E00021BEA207E1491
:105ED00078427E040001741E7E347EF87E24000128
:105EE0009AFCA24F907EF8E00A3B7C676C77907832
:105EF0004B1BEA30907EF9E00A2B90784B0BEA308E
:105F00004D321BEA307E1478427E040001740B7E11
:105F100070019AFC9A72740190784DF0907EF8E0CE
:105F200030E4357E180002907831793E00021BEA99
:105F3000207E1478427E040001741E7E347EF87E3A
:105F40002400019AFCA24F7E1478427E0400017462
:105F50000B7E70019AFC9A72AAAAE4907578F0E41C
:105F6000907579F0E490757AF06D339075881BEA3E
:105F7000307E14757B7E0400017E340006E49AFEB8
:105F800033B37E1475817E0400017E340007E49AE9
:105F9000FE33B37E34007190783E1BEA307E3400CD
:105FA000739078401BEA307E1478427E04000174BE
:105FB000297E1800019AFCAB537E3400747E2400C5
:105FC0000174017E1400109AFD29C77E1403E89025
:105FD0007DF3693E00020BEA209AFDC8727E140030
:105FE000649AFDC8699AFE301A7E340074E49AFD02
:105FF00026217E1403E8907DF3693E00020BEA201F
:106000009AFDC8727E1400329AFDC8699AFE301A51
:106010007E34007474019AFD26217E1403E8907D7D
:10602000F3693E00020BEA209AFDC8727E140064F8
:106030009AFDC8699AFE301A7E1478427E040001E7
:1060400074899AFCA18290757AF07E1478427E045D
:106050000001748990757A7EEB707E60014C769AAF
:10606000FC9A726D339075881BEA3080457E1478F7
:10607000427E0400019075880BEA203E247E34099C
:106080000F2D327E2400FF7E1BB09075880BEA2016
:106090003E247E3409102D327E2400FF7E1B709A30
:1060A000FC9A729075880BEA207E3400012D321B19
:1060B000EA309075880BEA207E340004BD2340ADA1
:1060C0007E180001907831793E00021BEA207E1490
:1060D00078427E04000174917E3475787E2400013C
:1060E0009AFCA24F6D339075881BEA3080457E1470
:1060F00078427E0400019075880BEA203E247E34AD
:1061000009172D327E2400FF7E1BB09075880BEAA4
:10611000203E247E3409182D327E2400FF7E1B7021
:106120009AFC9A729075880BEA207E3400012D3219
:106130001BEA309075880BEA207E340003BD2340B3
:10614000AD7E1478427E04000174609AFCA18290B6
:10615000757AF07E1478427E040001746090757A3E
:106160007EEB707E60124C769AFC9A726D337E24C0
:106170003E80125DD97E1478427E04000174017E57
:1061800070FF9AFC9A727E1475817E0400017E3441
:1061900075827E240001125227BEB000681574017A
:1061A000907579F07E14469C7E0400FE9AFDC1D95C
:1061B00002657D7E180006907831793E00021BEA68
:1061C000207E1478427E04000174B07E34757B7E9C
:1061D0002400019AFCA24F6D339075881BEA308031
:1061E000457E1478427E0400019075880BEA203EBB
:1061F000247E34091D2D327E2400FF7E1BB0907555
:10620000880BEA203E247E34091E2D327E2400FFB6
:106210007E1B709AFC9A729075880BEA207E34007F
:10622000012D321BEA309075880BEA207E34000580
:10623000BD2340AD907582E0BEB0006804740C8050
:1062400001E4907583F06D339075881BEA3002632A
:1062500000907583E00A2B9075880BEA30BD3240C0
:106260000E9075817EEBA0907584E0BCBA78429068
:1062700075880BEA507CAB74075CBA7E3400016011
:10628000053E341478FB7CB77CAB6EA0FF9075881C
:106290000BEA201E241E241E247E34757B2D327AA8
:1062A00071827A6183E05CBA7A71827A6183F0806C
:1062B000409075880BEA201E241E241E247E34750F
:1062C0007B2D327A71827A61837EEBA09075880B88
:1062D000EA207E3400075D327CB760051EA014788A
:1062E000FB7CBA30E00B9075847EEBA074012CBA75
:1062F000F09075880BEA207E3400012D321BEA30C5
:106300009075880BEA207E340030BD32280302628B
:106310005174B0907581F07E3400019075881BEA4D
:1063200030802C9075880BEA207E3400019D237EFE
:1063300034757B2D327A71827A6183E0907582F0B8
:106340009075880BEA207E3400012D321BEA3090D4
:1063500075880BEA207E340007BD3238C67E1800EF
:1063600007907864793E00021BEA207E1478427E12
:106370000400017E3475817E2400019AFC97EE6D45
:10638000339075881BEA3080457E1478427E040085
:10639000019075880BEA203E247E3409272D327E39
:1063A0002400FF7E1BB09075880BEA203E247E34CB
:1063B00009282D327E2400FF7E1B709AFC9A729071
:1063C00075880BEA207E3400012D321BEA3090756F
:1063D000880BEA207E340050BD2340AD7E14784205
:1063E0007E040001740A7E70049AFC9A727E14780E
:1063F000427E04000174849AFCA18290757AF07E3A
:106400001478427E040001748490757A7EEB707E6D
:1064100060EF5C769AFC9A727E1478427E040001EA
:10642000740B7E70019AFC9A72125CC0907574793C
:106430003E00021BEA207E1478427E0400017401B3
:106440007E70E89AFC9A72907574693E00020BEABD
:1064500020125AAF7E1478427E04000174017E70CF
:10646000019AFC9A7274401259C5BEB00068157446
:1064700001907579F07E1446697E0400FE9AFDC194
:10648000D902657D7E1478427E04000174017E701D
:10649000029AFC9A72E41259C5BEB00068157401E4
:1064A000907579F07E1446697E0400FE9AFDC1D98C
:1064B00002657D7E1478427E04000174017E70E8DE
:1064C0009AFC9A727E1403E8907DF3693E00020BF9
:1064D000EA209AFDC8727E1400649AFDC8699AFE8B
:1064E000301A7E1478427E04000174807E70019A16
:1064F000FC9A727E1478427E04000174FF7E700163
:106500009AFC9A727E1478427E040001E46C779AB9
:10651000FC9A727E1478427E040001749190757822
:106520007EEB709AFC9A727E1478427E040001E43D
:106530007E70019AFC9A727E1478427E0400017487
:10654000FF6C779AFC9A727E1478427E0400017484
:10655000806C779AFC9A727E1478427E040001E483
:106560007E70029AFC9A72740190784EF07E34002C
:10657000017E145F597E0400FD9AFE2CDF90757930
:10658000E0AA907E0F1BEA306D33907E111BEA303B
:10659000907E0F0BEA207E341000BD235803026862
:1065A00092907E0F0BEA509E541000BE54000E4095
:1065B000030268457EA003A49065BC730265E602F1
:1065C00066060266260266460266660266860266FF
:1065D000B80266EA02671C02674E0267800267B271
:1065E0000267E3026814E58C0A3B7C676C77907E57
:1065F000111BEA30E58A0A2B907E110BEA304D32EE
:106600001BEA30026856E58D0A3B7C676C77907E0A
:10661000111BEA30E58B0A2B907E110BEA304D32CC
:106620001BEA30026856E5D60A3B7C676C77907EA1
:10663000111BEA30E5D70A2B907E110BEA304D3260
:106640001BEA30026856E5D40A3B7C676C77907E83
:10665000111BEA30E5D50A2B907E110BEA304D3242
:106660001BEA30026856E5D20A3B7C676C77907E65
:10667000111BEA30E5D30A2B907E110BEA304D3224
:106680001BEA300268567E34FBB67E24007E7E1BF9
:10669000700A377C676C77907E111BEA307E34FB82
:1066A000B77E24007E7E1B700A27907E110BEA3095
:1066B0004D321BEA300268567E34FBB47E24007EE5
:1066C0007E1B700A377C676C77907E111BEA307EE8
:1066D00034FBB57E24007E7E1B700A27907E110B52
:1066E000EA304D321BEA300268567E34FBBE7E240F
:1066F000007E7E1B700A377C676C77907E111BEAE8
:10670000307E34FBBF7E24007E7E1B700A27907E85
:10671000110BEA304D321BEA300268567E34FBBC66
:106720007E24007E7E1B700A377C676C77907E111A
:106730001BEA307E34FBBD7E24007E7E1B700A2760
:10674000907E110BEA304D321BEA300268567E34DF
:10675000FBC67E24007E7E1B700A377C676C7790B8
:106760007E111BEA307E34FBC77E24007E7E1B70C8
:106770000A27907E110BEA304D321BEA3002685630
:106780007E34FBC47E24007E7E1B700A377C676CDF
:1067900077907E111BEA307E34FBC57E24007E7E1E
:1067A0001B700A27907E110BEA304D321BEA300233
:1067B00068567E34FE7A7E24007E7E1B700A377C0B
:1067C000676C77907E111BEA307E34FE7B7E24005E
:1067D0007E7E1B700A27907E110BEA304D321BEA39
:1067E0003080737E34FBCE7E24007E7E1B700A37A1
:1067F0007C676C77907E111BEA307E34FBCF7E2461
:10680000007E7E1B700A27907E110BEA304D321BF2
:10681000EA3080427E34FBCC7E24007E7E1B700AF0
:10682000377C676C77907E111BEA307E34FBCD7E1F
:1068300024007E7E1B700A27907E110BEA304D32B9
:106840001BEA308011E47E1449087E0400FE7E3489
:1068500000519AFE25E4907E0F0BEA307E2400154D
:106860005D237E3475DD2D327A71827A6183E00A90
:106870003B9AFD2424BEB000680302695A907E1141
:106880000BEA306E34FFFF0B34907E111BEA3002AE
:10689000695A907E0F0BEA301A261A242F112F11F5
:1068A0007E14433B7E0400FE2F01693000020B0A78
:1068B000207E1B700A377C676C77907E111BEA3054
:1068C000907E0F0BEA301A261A247F012F002F002A
:1068D0007E34433B7E2400FE2F10691100020B1A08
:1068E000007E1800012F107E1B700A27907E110B6E
:1068F000EA304D321BEA30907E0F0BEA307E2400E6
:106900000F5D237E3475DD2D327A71827A6183E0EA
:10691000BEB0FF6838907E0F0BEA307E24000F5D1A
:10692000237E3475DD2D327A71827A6183E00A3BF1
:106930009AFD2424BEB0007821907E110BEA306EBF
:1069400034FFFF0B34907E111BEA30800D907E11D6
:106950000BEA300E340E341BEA30907E110BEA3015
:10696000AA907F001BEA30907F000BEA207E341053
:1069700000BD235803026C51907F000BEA509E54D7
:106980001000BE54000E4003026C3E7EA003A49093
:106990006993730269BD0269CC0269DB0269EA028C
:1069A00069F9026A08026A47026A86026AC5026BCE
:1069B00004026B43026B82026BC1026C00C3C28C87
:1069C000E4F58CE4F58AD3D28C026C9FC3C28EE4CA
:1069D000F58DE4F58BD3D28E026C9F538EEFE4F5E8
:1069E000D6E4F5D7438E10026C9F53DDF7E4F5D45F
:1069F000E4F5D543DD08026C9F53DD7FE4F5D2E476
:106A0000F5D343DD80026C9F74F77E14FBB37E04E4
:106A1000007E7E0B705C7B7A0B70E47E34FBB67E6E
:106A200024007E7A1BB0E47E34FBB77E24007E7A9D
:106A30001BB074087E14FBB37E04007E7E0B704C8A
:106A40007B7A0B70026C9F747F7E14FBB37E040014
:106A50007E7E0B705C7B7A0B70E47E34FBB47E240C
:106A6000007E7A1BB0E47E34FBB57E24007E7A1B68
:106A7000B074087E14FBB37E04007E7E0B704C7BEA
:106A80007A0B70026C9F74F77E14FBBB7E04007E51
:106A90007E0B705C7B7A0B70E47E34FBBE7E240040
:106AA0007E7A1BB0E47E34FBBF7E24007E7A1BB06E
:106AB00074087E14FBBB7E04007E7E0B704C7B7AD8
:106AC0000B70026C9F747F7E14FBBB7E04007E7E85
:106AD0000B705C7B7A0B70E47E34FBBC7E24007E02
:106AE0007A1BB0E47E34FBBD7E24007E7A1BB0743A
:106AF000087E14FBBB7E04007E7E0B704C7B7A0B01
:106B000070026C9F74F77E14FBC37E04007E7E0BC4
:106B1000705C7B7A0B70E47E34FBC67E24007E7A48
:106B20001BB0E47E34FBC77E24007E7A1BB0740861
:106B30007E14FBC37E04007E7E0B704C7B7A0B7050
:106B4000026C9F747F7E14FBC37E04007E7E0B70FC
:106B50005C7B7A0B70E47E34FBC47E24007E7A1B5F
:106B6000B0E47E34FBC57E24007E7A1BB074087EC0
:106B700014FBC37E04007E7E0B704C7B7A0B70028C
:106B80006C9F747F7E14FE787E04007E7E0B705CAA
:106B90007B7A0B70E47E34FE7A7E24007E7A1BB012
:106BA000E47E34FE7B7E24007E7A1BB074807E14EB
:106BB000FE787E04007E7E0B704C7B7A0B70026C3C
:106BC0009F74F77E14FBCB7E04007E7E0B705C7B93
:106BD0007A0B70E47E34FBCE7E24007E7A1BB0E418
:106BE0007E34FBCF7E24007E7A1BB074087E14FBBB
:106BF000CB7E04007E7E0B704C7B7A0B70026C9F08
:106C0000747F7E14FBCB7E04007E7E0B705C7B7AEF
:106C10000B70E47E34FBCC7E24007E7A1BB0E47ED5
:106C200034FBCD7E24007E7A1BB074807E14FBCBB7
:106C30007E04007E7E0B704C7B7A0B708061E47E5C
:106C40001449087E0400FE7E3400899AFE25E48003
:106C50004EE4907F000BEA301A261A242F112F11D0
:106C60007E14433B7E0400FE2F01693000020B0AB4
:106C7000207A1BB0E4907F000BEA301A261A247F9A
:106C8000012F002F007E34433B7E2400FE2F10692D
:106C90001100020B1A007E1800012F107A1BB0AAF7
:106CA000907C8C1BEA10907C8A1BEA20907C881BCD
:106CB000EA30907C880BEA207E3400FF5D327E242F
:106CC00000039AFE329C7E1449087E0400FE7E3446
:106CD00000A69AFE25E4907C8A0BEA500A5AC40367
:106CE00054077E440006BD54780474018001E47E9C
:106CF0001449087E0400FE7E3400A99AFE25E49023
:106D00007C8C0BEA207E3400FF5D326D22E47E1421
:106D100000039AFD29C7907C8A0BEA207E3400FF8D
:106D20005D326D22E47E1400039AFD29C7907C8CAD
:106D30000BEA407E5400FF5D54907C880BEA307E65
:106D40002400155D237E3475DD2D327A71827A61DF
:106D500083F0907C880BEA509E541000BE54000EC5
:106D60004003026F6B7EA003A4906D6D73026D975C
:106D7000026DA6026DB5026DC1026DCD026DD90224
:106D80006E06026E33026E60026E8D026EBA026E85
:106D9000E7026F13026F3FE4F58AE4F58C43890440
:106DA000D3D28C026F7CE4F58BE4F58D438940D31C
:106DB000D28E026F7CE4F5D7E4F5D6438E18026FCD
:106DC0007CE4F5D5E4F5D443DD0C026F7CE4F5D327
:106DD000E4F5D243DDC0026F7CE47E34FBB77E2451
:106DE000007E7A1BB0E47E34FBB67E24007E7A1BE4
:106DF000B0740C7E14FBB37E04007E7E0B704C7B63
:106E00007A0B70026F7CE47E34FBB57E24007E7AC0
:106E10001BB0E47E34FBB47E24007E7A1BB074C0C9
:106E20007E14FBB37E04007E7E0B704C7B7A0B706D
:106E3000026F7CE47E34FBBF7E24007E7A1BB0E4CC
:106E40007E34FBBE7E24007E7A1BB0740C7E14FB65
:106E5000BB7E04007E7E0B704C7B7A0B70026F7CD5
:106E6000E47E34FBBD7E24007E7A1BB0E47E34FBDE
:106E7000BC7E24007E7A1BB074C07E14FBBB7E04F3
:106E8000007E7E0B704C7B7A0B70026F7CE47E344C
:106E9000FBC77E24007E7A1BB0E47E34FBC67E24D2
:106EA000007E7A1BB0740C7E14FBC37E04007E7ED1
:106EB0000B704C7B7A0B70026F7CE47E34FBC57EDA
:106EC00024007E7A1BB0E47E34FBC47E24007E7AEC
:106ED0001BB074C07E14FBC37E04007E7E0B704C1E
:106EE0007B7A0B70026F7CE47E34FE7B7E24007E16
:106EF0007A1BB0E47E34FE7A7E24007E7A1BB07466
:106F0000C07E14FE787E04007E7E0B704C7B7A0B74
:106F1000708069E47E34FBCF7E24007E7A1BB0E46F
:106F20007E34FBCE7E24007E7A1BB0740C7E14FB74
:106F3000CB7E04007E7E0B704C7B7A0B70803DE430
:106F40007E34FBCD7E24007E7A1BB0E47E34FBCC05
:106F50007E24007E7A1BB074C07E14FBCB7E0400BE
:106F60007E7E0B704C7B7A0B708011E47E14490896
:106F70007E0400FE7E3400BD9AFE25E422907C92C1
:106F80001BEA10907C901BEA20907C8E1BEA3090CC
:106F90007C900BEA207E3400FF5D326D22E47E148B
:106FA00000039AFD29C7907C920BEA207E3400FFF3
:106FB0005D326D22E47E1400039AFD29C7907C9215
:106FC0000BEA407E5400FF5D54907C8E0BEA307ECD
:106FD00024000F5D237E3475DD2D327A71827A6153
:106FE00083F07E60FE907C900BEA00740D0E04141A
:106FF00078FB7E1400075D101A021A002F002F0084
:107000007E5443837E4400FE2F20691200020B2A27
:10701000007E0B705C767A0B70907C900BEA307D72
:10702000431A480E440E440E447E5400035D543E01
:1070300054907C900BEA307D231A247E3400035D4B
:107040003260053E341478FB7C67907C900BEA003C
:10705000740D0E041478FB7E1400075D101A021ADA
:10706000002F002F007E54430B7E4400FE2F20692A
:107070001200020B2A007E0B704C767A0B707EA0F9
:10708000FF907C900BEA20740D0E241478FB7E3464
:1070900000075D321A261A242F112F117E1442F395
:1070A0007E0400FE2F01693000020B0A207A1BA02B
:1070B0007EA0FF907C900BEA20740D0E241478FBC8
:1070C0007E3400075D321A261A247F012F002F001C
:1070D0007E3442F37E2400FE2F10691100020B1A49
:1070E000007E1800012F107A1BA06CAA907C900BD8
:1070F000EA20740D0E241478FB7E3400075D321AEA
:10710000261A242F112F117E1442637E0400FE2FB5
:1071100001693000020B0A207A1BA06CAA907C90B7
:107120000BEA20740D0E241478FB7E3400075D32C8
:107130001A261A247F012F002F007E3442637E24FA
:1071400000FE2F10691100020B1A007E1800012F9B
:10715000107A1BA07EA057907C900BEA20740D0E35
:10716000241478FB7E3400075D321A261A242F116E
:107170002F117E1443237E0400FE2F01693000028C
:107180000B0A207A1BA06CAA907C900BEA20740D4D
:107190000E241478FB7E3400075D321A261A247FF1
:1071A000012F00907C900BEA307D231A240E240ED0
:1071B000240E247E3400035D320E341A261A242F46
:1071C000102F112F117E1443537E0400FE2F0169EE
:1071D0003000020B0A207A1BA06CAA907C920BEA6A
:1071E00020740D0E241478FB7E3400075D321A26BD
:1071F0001A247F012F00907C920BEA307D231A2401
:107200000E240E240E247E3400035D320E341A2622
:107210001A242F102F112F117E1443537E0400FEC9
:107220002F01693000020B0A207A1BA07E600190BA
:107230007C900BEA00740D0E041478FB7E1400079A
:107240005D101A021A007F202F222F22907C900BB3
:10725000EA207D021A000E040E040E047E140003C0
:107260005D101A021A002F022F002F007E54439B3C
:107270007E4400FE2F20691200020B2A007E0B7054
:107280004C767A0B707E6001907C900BEA00740D56
:107290000E041478FB7E1400075D101A021A002FEA
:1072A000002F007E5443837E4400FE2F206912008D
:1072B000020B2A007E0B704C767A0B7022907C9821
:1072C0001BEA10907C961BEA20907C941BEA30907D
:1072D0007C940BEA300A47907C960BEA500A5AC419
:1072E000035407BD54780474018001E47E144908F6
:1072F0007E0400FE7E3400F39AFE25E4907C940B1D
:10730000EA300A47907C980BEA500A5AC4035407A3
:10731000BD54780474018001E47E1449087E0400A1
:10732000FE7E3400F49AFE25E4907C960BEA207EE3
:107330003400FF5D326D2274016D119AFD29C790F2
:107340007C980BEA207E3400FF5D326D2274016D63
:10735000119AFD29C77E60FE907C960BEA00740DA1
:107360000E041478FB7E1400075D101A021A002F19
:10737000002F007E5443837E4400FE2F20691200BC
:10738000020B2A007E0B705C767A0B70907C960B59
:10739000EA307D431A480E440E440E447E540003E6
:1073A0005D543E54907C960BEA307D231A247E3443
:1073B00000035D3260053E341478FB7C67907C9658
:1073C0000BEA00740D0E041478FB7E1400075D10A8
:1073D0001A021A002F002F007E54430B7E4400FE39
:1073E0002F20691200020B2A007E0B704C767A0B5C
:1073F00070907C980BEA307D431A480E440E440E80
:10740000447E5400035D543E54907C980BEA307DDA
:10741000231A247E3400035D3260053E341478FB69
:107420007C67907C980BEA00740D0E041478FB7E48
:107430001400075D101A021A002F002F007E54431B
:107440000B7E4400FE2F20691200020B2A007E0BE7
:10745000704C767A0B707EA0FF907C960BEA2074BD
:107460000D0E241478FB7E3400075D321A261A2490
:107470002F112F117E1442F37E0400FE2F0169307C
:1074800000020B0A207A1BA07EA0FF907C960BEADC
:1074900020740D0E241478FB7E3400075D321A260A
:1074A0001A247F012F002F007E3442F37E2400FE39
:1074B0002F10691100020B1A007E1800012F107A9C
:1074C0001BA06CAA907C960BEA20740D0E241478F5
:1074D000FB7E3400075D321A261A242F112F117EED
:1074E0001442637E0400FE2F01693000020B0A2063
:1074F0007A1BA06CAA907C960BEA20740D0E2414C3
:1075000078FB7E3400075D321A261A247F012F0093
:107510002F007E3442637E2400FE2F10691100028A
:107520000B1A007E1800012F107A1BA07EA003907A
:107530007C960BEA20740D0E241478FB7E34000731
:107540005D321A261A242F112F117E1443237E0434
:1075500000FE2F01693000020B0A207A1BA06CAAE2
:10756000907C960BEA20740D0E241478FB7E340078
:10757000075D321A261A247F012F00907C960BEAB1
:10758000307D231A240E240E240E247E3400035D45
:10759000320E341A261A242F102F112F117E144365
:1075A000537E0400FE2F01693000020B0A207A1B73
:1075B000A06CAA907C980BEA20740D0E241478FB22
:1075C0007E3400075D321A261A247F012F00907C3A
:1075D000980BEA307D231A240E240E240E247E34C8
:1075E00000035D320E341A261A242F102F112F118A
:1075F0007E1443537E0400FE2F01693000020B0A03
:10760000207A1BA07E6001907C960BEA00740D0E20
:10761000041478FB7E1400075D101A021A007F2004
:107620002F222F22907C960BEA207D021A000E0456
:107630000E040E047E1400035D101A021A002F02BD
:107640002F002F007E54439B7E4400FE2F206912A2
:1076500000020B2A007E0B704C767A0B707E600164
:10766000907C980BEA00740D0E041478FB7E1400D5
:10767000075D101A021A007F202F222F22907C987B
:107680000BEA207D021A000E040E040E047E140084
:10769000035D101A021A002F022F002F007E5443A0
:1076A0009B7E4400FE2F20691200020B2A007E0BF5
:1076B000704C767A0B707E6001907C960BEA0074B9
:1076C0000D0E041478FB7E1400075D101A021A00D8
:1076D0002F002F007E5443837E4400FE2F2069122A
:1076E00000020B2A007E0B704C767A0B70AA907CFD
:1076F0009E1BEA10907C9C1BEA20907C9A1BEA302F
:10770000907C9A0BEA207E341000BD23403E907C92
:107710009E0BEA307E24FF005D236D33BD23780489
:1077200074018001E47E1449087E0400FE7E340169
:10773000329AFE25E4907C9A0BEA30907C9C0BEA0E
:1077400020907C9E0BEA10126CA08015907C9A0B06
:10775000EA30907C9C0BEA20907C9E0BEA10126F22
:107760007DAA907BA81BEA20793E00029F11907BA6
:10777000AC793E00021BEA207E140064907BA8696D
:107780003E00020BEA209AFDC869793E00021BEA1E
:107790002080517E1442407E04000F907DF3693EAC
:1077A00000020BEA209AFDC8747E14000A9AFDC8F4
:1077B000699AFE301A907BAC691E00020BEA007ECB
:1077C0001800012F10793E00021BEA20907BAC6963
:1077D0001E00020BEA00907BA8693E00020BEA2023
:1077E000BF10280D7E3400259AFD2424BEB0006809
:1077F000A2907BAC691E00020BEA00907BA8693E58
:1078000000020BEA20BF10380474018001E42290CA
:1078100079021BEA209078FC1BEA309078F81BEA8A
:1078200000791E0002C3C2EC9078F8693E00020B9A
:10783000EA204D2368249078FC0BEA306D22907A80
:107840000F793E00021BEA207E3400019078F8692F
:107850001E00020BEA009AFC79DF9078FE693E0078
:10786000020BEA204D2368249079020BEA306D2246
:10787000907A0F793E00021BEA207E340001907856
:10788000FE691E00020BEA009AFC79DFD3D2EC22DB
:10789000907CFE1BEA30907CFA1BEA00791E000205
:1078A000C3C2EC907CFA693E00020BEA209077B2EA
:1078B000793E00021BEA207E1800049077B6793EDC
:1078C00000021BEA207E340001907CFA691E00024F
:1078D0000BEA009AFC7E16907CFE0BEA206D33BD0D
:1078E00023683C907CFA693E00020BEA200B36903C
:1078F00077B2793E00021BEA20907CFE0BEA306DE5
:10790000229077B6793E00021BEA207E3400019077
:107910007CFA691E00020BEA000B169AFC7E169098
:107920007CFA693E00020BEA200B350B1A107E042C
:1079300000FF5D017C016C11907CFA693E00020B36
:10794000EA200B350B1A107D310A367E1400FF5DDC
:10795000134D10907CFA693E00020BEA200B351B98
:107960001A10D3D2EC22907A711BEA20793E0002E1
:10797000907A6D1BEA00791E0002C3C2EC7402907B
:107980007A71693E00020BEA207A1BB0907A750B7F
:10799000EA107E0400FF5D017C016C11907A750B8A
:1079A000EA107D310A367E1400FF5D134D10907A87
:1079B00071693E00020BEA200B351B1A10907A7198
:1079C000693E00020BEA209077B2793E00021BEA82
:1079D000207E1800049077B6793E00021BEA207ED4
:1079E000340001907A71691E00020BEA009AFC7E55
:1079F00016907A750BEA207E340020BD32506690D6
:107A00007A71693E00020BEA200B369077B2793E1C
:107A100000021BEA207E1800209077B6793E000213
:107A20001BEA207E340001907A6D691E00020BEA89
:107A3000009AFC7E16907A750BEA307E2400209D19
:107A4000326D22907A0F793E00021BEA207E3400CC
:107A500001907A6D691E00020BEA002E1400209A34
:107A6000FC79DF805C907A750BEA30CA39907A6DC8
:107A7000693E00020BEA20907A71691E00020BEA4F
:107A8000000B169AFCFFCC1BFD907A71693E000238
:107A90000BEA200B369077B2793E00021BEA207E7B
:107AA0001800209077B6793E00021BEA207E340051
:107AB00001907A71691E00020BEA000B169AFC7E97
:107AC00016907A71693E00020BEA200B350B1A10F2
:107AD0007E0400FF5D017C016C11907A71693E00AB
:107AE000020BEA200B350B1A107D310A367E14008A
:107AF000FF5D134D10907A71693E00020BEA200B76
:107B0000351B1A10D3D2EC229076FF1BEA20907618
:107B1000FB1BEA00791E00029076F91BEA30740123
:107B2000907705F09076F90BEA50907706F0907612
:107B3000FF0BEA309077081BEA30907701693E002E
:107B4000020BEA20127762BEB0006803027BD99074
:107B500076FB693E00020BEA209078FE793E000237
:107B60001BEA207E1477067E0400017E3400049018
:107B700076FF0BEA2012780F907701693E00020B26
:107B8000EA20127762BEB000784F7402907706F058
:107B90006D339077081BEA307E1477067E0400016F
:107BA0009077080BEA301278907E1442407E0400F1
:107BB0000F907DF3693E00020BEA209AFDC8747EA7
:107BC0001400149AFDC8699AFE301A907706E0BE38
:107BD000B0807805E4907705F0907705E022907901
:107BE000C11BEA00791E00029079BF1BEA307401C4
:107BF0009079C9F09079C5693E00020BEA201277AE
:107C000062BEB000787A9079BF0BEA109079C169B2
:107C10003E00020BEA207A1B309F119078FE793EDD
:107C200000021BEA209079C1691E00020BEA007E67
:107C30003400206D2212780F9079C5693E00020B46
:107C4000EA20127762BEB000783674029079C1697A
:107C50003E00020BEA207A1BB06D119079C1693E9B
:107C600000020BEA200B351B1A109079C1691E0027
:107C7000020BEA007E340020127890E49079C9F07B
:107C80009079C9E0227E3446457E2400FE7E14733E
:107C9000387E04000174249AFDC8FB7E1803E89026
:107CA00079C5793E00021BEA207E3400207E1473E1
:107CB000387E040001127BDE907337F0907337E05A
:107CC000BEB0007827907338E0BEB0A0781E9073E5
:107CD0003A0BEA30CA397E34733C7E2400017E14AC
:107CE0005D217E0400019AFCFFCC1BFD907337E000
:107CF000227E1803E89079C5793E00021BEA207EB7
:107D00003400217E14735D7E040001127BDE9073CB
:107D10005CF090735CE0BEB000782790735DE0BECD
:107D2000B0A1781E90735F0BEA30CA397E3473615C
:107D30007E2400017E145D447E0400019AFCFFCC89
:107D40001BFD90735CE0227E1803E89079C5793EB4
:107D500000021BEA207E3400227E1473827E04001F
:107D600001127BDE907381F0907381E0BEB00078E9
:107D700027907382E0BEB0A2781E9073840BEA3025
:107D8000CA397E3473867E2400017E145D087E0429
:107D900000019AFCFFCC1BFD907381E022907120C2
:107DA000F090711C1BEA00791E000290711A1BEA08
:107DB000307401907121F09071207EEBA0741EBC94
:107DC000AB5003027EBB7E340002CA397E34464289
:107DD0007E2400FE7E145D217E0400019AFE337C29
:107DE0001BFDBEB0006803027EBB90711A0BEA4017
:107DF0007E5400232D547E4400019D54907146F022
:107E000090711A0BEA407E5400A32D547E44000169
:107E10009D54907147F07E1803E89079C5793E0033
:107E2000021BEA20907146E00A3B7E1471227E0418
:107E30000001127BDE907121F0907121E0BEB00054
:107E400078799071227EEBA0907147E0BCBA786B94
:107E50007E340002CA397E34463F7E2400FE7E1402
:107E600071267E0400019AFE337C1BFD907121F087
:107E7000907121E0BEB00078429071240BEA307E10
:107E80002400039D32CA397E3471297E240001907A
:107E9000711C691E00020BEA009AFCFFCC1BFDE47A
:107EA0009071240BEA107E0400039D1090711C69F0
:107EB0003E00020BEA202D317A1BB0907121E0AA1E
:107EC000907C471BEA30907C431BEA00791E00023D
:107ED000E4907C49F07E340002CA397E3446427E0A
:107EE0002400FE7E145D217E0400019AFE337C1B7B
:107EF000FDBEB00078607E182710907701793E00B3
:107F0000021BEA207E3400129F006D22127B089033
:107F10007C49F0907C49E0BEB000783A801E7E1427
:107F200003E8907DF3693E00020BEA209AFDC872D7
:107F30007E14000A9AFDC8699AFE301A907C436943
:107F40001E00020BEA00907C470BEA306D229AFD7E
:107F500083CD4D2368C8907C49E0AA906ED71BEA78
:107F600020793E0002906ED31BEA00791E00029039
:107F70006ED7693E00020BEA204D236844906ED311
:107F8000693E00020BEA209072E8793E00021BEA8B
:107F900020906ED7693E00020BEA209072E4793E91
:107FA00000021BEA207E146EDC7E0400017E344653
:107FB000367E2400FE9AFDC206906F1C1BEA3080BC
:107FC0002E906ED3693E00020BEA209072E8793E53
:107FD00000021BEA207E146EDC7E0400017E344623
:107FE000317E2400FE9AFDC206906F1C1BEA307E93
:107FF000182710907701793E00021BEA207E34009A
:10800000107E146EDC7E040001906F1C0BEA2012BF
:108010007B08906EDBF0127D47906EDBE0AA906FDC
:10802000AF1BEA20793E0002906FAB1BEA00791E7D
:108030000002906FAB693E00020BEA209072E87973
:108040003E00021BEA20906FAF693E00020BEA205F
:108050009072E4793E00021BEA20906FB3693E0003
:10806000020BEA209072E0793E00021BEA20906F3A
:10807000B7693E00020BEA209072DC793E00021BD9
:10808000EA207E146FBC7E0400017E3446207E24EC
:1080900000FE9AFDC206906FE51BEA307E18C350C1
:1080A000907701793E00021BEA207E3400117E1495
:1080B0006FBC7E040001906FE50BEA20127B0890F4
:1080C0006FBBF0127D47906FBBE0AA7E1803E8906B
:1080D00079C5793E00021BEA207E3400047E1473C9
:1080E000CB7E040001127BDEAA7401907DDAF0746D
:1080F00001907DDBF07E34A5A5907DDD1BEA307E0E
:108100001803E8127762907DDAF0907DDAE0BEB075
:1081100000781D9F119078FE793E00021BEA207EB8
:10812000147DDB7E0400017E3400046D2212780F82
:10813000907DDAE0AA74019073A6F06D22905D58EC
:108140000BEA30BD3268030282057E340001905D87
:10815000581BEA307E1803E8127762BEB00068034D
:108160000281FD74039073A7F06D339073A91BEA2D
:10817000307E1473A77E0400017E340020127890B4
:108180009073A7E0BEB09068099073A7E0BEB0916D
:1081900078329073A90BEA206D33BD236826907363
:1081A000A90BEA306D22907697793E00021BEA20F7
:1081B0007E145D2D7E0400017E3473AB7E240001AD
:1081C0009AFD8B4B7E1803E8127762BEB000782DC3
:1081D00074029073A7F06D339073A91BEA307E147C
:1081E00073A77E0400019073A90BEA301278909077
:1081F00073A7E0BEB0807805E49073A6F06D33906D
:108200005D581BEA309073A6E0AA90714C1BEA20DF
:10821000793E00029071481BEA00791E00026D222F
:10822000905D580BEA30BD3268030283997E3400BA
:1082300001905D581BEA3002830890714C693E0042
:10824000020BEA20BE180FF828067E340FF8800AC9
:1082500090714C693E00020BEA209071501BEA308D
:108260007E1803E8127762BEB0006803028319909B
:1082700071500BEA30907A751BEA30907148691E94
:1082800000020BEA007E3471527E240001127966EE
:10829000907152E0BEB0906809907152E0BEB0910A
:1082A00078329071540BEA206D33BD2368269071AB
:1082B000540BEA306D22907697793E00021BEA203B
:1082C0007E145D2D7E0400017E3471567E240001F3
:1082D0009AFD8B4B9071500BEA106D0090714C69B8
:1082E0003E00020BEA209F10793E00021BEA20901C
:1082F00071500BEA10907148693E00020BEA202D84
:1083000031793E00021BEA2090714C693E00020B5D
:10831000EA204D23680302823A806D7E1803E8123A
:108320007762BEB000786A7402907152F06D33903B
:1083300071541BEA307E1471527E0400017E3400B9
:1083400020127890907152E0BEB0906809907152FE
:10835000E0BEB09178329071540BEA206D33BD23AA
:1083600068269071540BEA306D22907697793E0022
:10837000021BEA207E145D2D7E0400017E347156BE
:108380007E2400019AFD8B4B907152E0BEB0906844
:108390008A6D33905D581BEA3090714C693E000243
:1083A0000BEA20AA907E6B1BEA00791E0002907EE9
:1083B0006B691E00020BEA009AFCFFF16D22907EB1
:1083C0006B691E00020BEA009AFD820AAA90705B9C
:1083D0001BEA20793E00029070571BEA00791E00CC
:1083E000029F11907063793E00021BEA2090705743
:1083F000693E00020BEA204D23680474018001E409
:108400007E1445F17E0400FE7E3402A19AFE25E42E
:108410007E145D2D7E0400019AFD8AF14D237803C0
:108420000284FA7E145D2D7E0400019AFD8AF1908B
:10843000705F793E00021BEA2090705F691E0002A7
:108440000BEA0090705B693E00020BEA20BF1050FF
:108450000C90705B693E00020BEA20800A90705F0E
:10846000693E00020BEA2090705F793E00021BEA31
:10847000207E34705F7E24000190754D793E0002AD
:108480001BEA206D339075511BEA307E145D2D7E02
:10849000040001907057693E00020BEA209AFD909B
:1084A000FD90705F693E00020BEA207D13907057CB
:1084B000693E00020BEA202D31793E00021BEA20C2
:1084C00090705F691E00020BEA0090705B693E00CD
:1084D000020BEA209F10793E00021BEA2090705F99
:1084E000691E00020BEA00907063693E00020BEA0D
:1084F000202F10793E00021BEA206D22905D580B60
:10850000EA30BD3268030286CD7E340001905D58AA
:108510001BEA30905D3C693E00020BEA20BE180069
:108520002050030286C57E1803E81277620A2B6D7D
:1085300033BD2368030286C57402907067F06D3303
:108540009070691BEA307E1470677E0400017E34EF
:108550000020127890907067E0BEB090680C907028
:1085600067E0BEB09168030286B99070690BEA209B
:108570006D33BD2378030286B990705B693E0002BB
:108580000BEA204D2378030286939070690BEA1062
:108590006D0090705B693E00020BEA20BF10400A3C
:1085A0009070690BEA306D22800A90705B693E0022
:1085B000020BEA2090705F793E00021BEA20907067
:1085C0005F693E00020BEA20CA397E34706B7E245C
:1085D0000001907057691E00020BEA009AFCFFCC64
:1085E0001BFD90705F693E00020BEA207D139070C6
:1085F00057693E00020BEA202D31793E00021BEA4A
:108600002090705F691E00020BEA0090705B693E6B
:1086100000020BEA209F10793E00021BEA209070B6
:108620005F691E00020BEA00907063693E00020B56
:10863000EA202F10793E00021BEA209070690BEAB5
:10864000106D0090705F693E00020BEA20BF105071
:10865000689070690BEA306D2290705F691E0002AD
:108660000BEA009F10907697793E00021BEA207E6D
:10867000145D2D7E04000190705F693E00020BEADC
:10868000207D237E34706B2D327E2400019AFD8B79
:108690004B80269070690BEA306D22907697793E78
:1086A00000021BEA207E145D2D7E0400017E3470E2
:1086B0006B7E2400019AFD8B4B907067E0BEB090FA
:1086C00078030285136D33905D581BEA3090706318
:1086D000693E00020BEA20AA907ADB1BEA20793E71
:1086E0000002907AD71BEA00791E0002E4907ADF3C
:1086F000F07E3459087E24000190776C793E0002A8
:108700001BEA207E180400907770793E00021BEA75
:10871000207E145D2D7E0400016D339AFD96BA7E95
:108720003413939076351BEA307E3413919076376C
:108730001BEA307E3413929076391BEA307E34FF88
:10874000FF90763B1BEA307E3400017E2400037EDE
:10875000146C007E0402DC9AFC7EB27E3400747ECF
:1087600024000174017E1400109AFD29C77E340094
:10877000577E24000174017E1400109AFD29C77EE3
:108780003400256D22E47E1400029AFD29C77E3450
:108790000057E49AFD26217E1403E8907DF3693E9C
:1087A00000020BEA209AFDC8727E14000A9AFDC8E6
:1087B000699AFE301A7E34005774019AFD26217E94
:1087C0001403E8907DF3693E00020BEA209AFDC88D
:1087D000727E1400649AFDC8699AFE301A6D339057
:1087E0005D581BEA30127C85907ADFF0907ADFE0EA
:1087F000BEB000782D127CF1907AD7693E00020B52
:10880000EA204D23681C907AD7691E00020BEA000B
:10881000907ADB693E00020BEA209AFD7F5B907A3A
:10882000DFF0907ADFE0AA907B3C1BEA20793E00E3
:1088300002907B381BEA00791E0002907B3C695E47
:1088400000020BEA40907B38691E00020BEA002E02
:10885000140007693000020B0A202F127930000241
:108860001B0A208033907B38693E00020BEA202EE1
:10887000340013695100020B1A40907B38691E00C6
:10888000020BEA002E140007693000020B0A209F39
:1088900012793000021B0A20907B38693E00020BDF
:1088A000EA202E340007691100020B1A00907B3871
:1088B000695E00020BEA402E540013693200020B7D
:1088C0002A20BF10289F22907B441BEA20793E007B
:1088D00002907B401BEA00791E0002907B44695E97
:1088E00000020BEA40907B40691E00020BEA002E5A
:1088F00014000B693000020B0A202F12793000029D
:108900001B0A208033907B40693E00020BEA202E38
:10891000340013695100020B1A40907B40691E001D
:10892000020BEA002E14000B693000020B0A209F94
:1089300012793000021B0A20907B40693E00020B36
:10894000EA202E34000B691100020B1A00907B40C4
:10895000695E00020BEA402E540013693200020BDC
:108960002A20BF10289F22907C821BEA00791E00DB
:10897000026D33907C861BEA30907C82693E000257
:108980000BEA204D23680474018001E47E144991B0
:108990007E0400FE7E3400579AFE25E4907C8269B6
:1089A0003E00020BEA207E1BB0BEB000680D7E3494
:1089B0000001907C861BEA30028AEA7401907C8276
:1089C000691E00020BEA007E0B704C7B7A0B709FD5
:1089D00000907C82693E00020BEA202E3400077969
:1089E0001100021B1A009F00907C82693E00020B5E
:1089F000EA202E34000B791100021B1A00907C82B1
:108A0000693E00020BEA202E340013691100020BAC
:108A10001A00907C82693E00020BEA202E34000F7F
:108A2000791100021B1A00907C82693E00020BEA59
:108A3000200B340B1A301B34683C1B34686B0B352D
:108A40006803028ADC907C82691E00020BEA002E19
:108A5000140013693000020B0A20907C82695E00CA
:108A6000020BEA402E540003691200020B2A00E4B4
:108A70009AFE33B38066907C82691E00020BEA0086
:108A80002E140013693000020B0A203E34907C82C1
:108A9000695E00020BEA402E540003691200020BCB
:108AA0002A00E49AFE33B38033907C82691E000270
:108AB0000BEA002E140013693000020B0A203E342A
:108AC0003E34907C82695E00020BEA402E54000323
:108AD000691200020B2A00E49AFE33B3E4907C8210
:108AE000693E00020BEA207A1BB0907C860BEA30CC
:108AF000AA907DF71BEA00791E0002907DF7693E7F
:108B000000020BEA204D23680474018001E47E1406
:108B100049917E0400FE7E3400789AFE25E4907D23
:108B2000F7693E00020BEA202E34000F69110002A3
:108B30000B1A00907DF7695E00020BEA402E54008C
:108B400013693200020B2A209F10AA9076931BEA29
:108B500020793E000290768F1BEA00791E00026D9C
:108B60003390769B1BEA309F1190769D793E0002F0
:108B70001BEA2090768F693E00020BEA204D2368A5
:108B80000474018001E47E1449917E0400FE7E3469
:108B900000B49AFE25E4907693693E00020BEA2029
:108BA0004D23780D7E34000390769B1BEA300290B3
:108BB000F690768F693E00020BEA207E1B700A3722
:108BC0007E2400055D236D33BD23680D7E340004D3
:108BD00090769B1BEA300290F6740490768F691EA3
:108BE00000020BEA007E0B704C7B7A0B7090768F44
:108BF000693E00020BEA202E34000F691100020BBF
:108C00001A00907697693E00020BEA20BF102803F5
:108C10000290D890768F693E00020BEA202E340035
:108C200007691100020B1A0090768F695E00020B33
:108C3000EA402E540013693200020B2A209F109044
:108C4000769D793E00021BEA2090769D691E000207
:108C50000BEA00907697693E00020BEA20BF1038BD
:108C600003028F5F90768F693E00020BEA200B347F
:108C70000B1A301B347803028D731B347803028E79
:108C8000640B3568030290AE90769D693E00020B3E
:108C9000EA20CA3990768F691E00020BEA002E1472
:108CA0000007693000020B0A2090768F695E00028F
:108CB0000BEA402E540003691200020B2A002D1308
:108CC000907693693E00020BEA209AFCFFCC1BFDD4
:108CD00090768F691E00020BEA0090769D693E0037
:108CE000020BEA2012882790769D693E00020BEA6B
:108CF000207D23907697691E00020BEA007D319D4E
:108D000032CA3990768F691E00020BEA002E1400D9
:108D100007693000020B0A2090768F695E00020B13
:108D2000EA402E540003691200020B2A002D139012
:108D3000769D693E00020BEA207D53907693693E52
:108D400000020BEA202D359AFCFFCC1BFD90768F9C
:108D5000691E00020BEA0090769D695E00020BEA34
:108D600040907697693E00020BEA209F12128827F6
:108D70000290AE90769D693E00020BEA203E34CA16
:108D80003990768F691E00020BEA002E14000769E5
:108D90003000020B0A203E3490768F695E00020B91
:108DA000EA402E540003691200020B2A002D139092
:108DB0007693693E00020BEA209AFCFFCC1BFD90E3
:108DC000768F691E00020BEA0090769D693E0002D4
:108DD0000BEA2012882790769D691E00020BEA009C
:108DE000907697693E00020BEA209F103E34CA3904
:108DF00090768F691E00020BEA002E14000769307E
:108E000000020B0A203E3490768F695E00020BEA66
:108E1000402E540003691200020B2A002D13907695
:108E20009D693E00020BEA207D533E549076936983
:108E30003E00020BEA202D359AFCFFCC1BFD9076FC
:108E40008F691E00020BEA0090769D695E00020B9E
:108E5000EA40907697693E00020BEA209F12128842
:108E6000270290AE90769D693E00020BEA203E34C8
:108E70003E34CA3990768F691E00020BEA002E1428
:108E80000007693000020B0A203E343E3490768F92
:108E9000695E00020BEA402E540003691200020BC7
:108EA0002A002D13907693693E00020BEA209AFC6B
:108EB000FFCC1BFD90768F691E00020BEA009076B6
:108EC0009D693E00020BEA2012882790769D691E5C
:108ED00000020BEA00907697693E00020BEA209FA1
:108EE000103E343E34CA3990768F691E00020BEA78
:108EF000002E140007693000020B0A203E343E3475
:108F000090768F695E00020BEA402E5400036912CE
:108F100000020B2A002D1390769D693E00020BEA99
:108F2000207D533E543E54907693693E00020BEAF6
:108F3000202D359AFCFFCC1BFD90768F691E000218
:108F40000BEA0090769D695E00020BEA40907697EE
:108F5000693E00020BEA209F121288270290AE9011
:108F6000768F693E00020BEA200B340B1A301B345B
:108F700068701B3478030290470B3568030290AE8B
:108F8000907697693E00020BEA20CA3990768F6985
:108F90001E00020BEA002E140007693000020B0AC3
:108FA0002090768F695E00020BEA402E5400036920
:108FB0001200020B2A002D13907693693E00020BDB
:108FC000EA209AFCFFCC1BFD90768F691E00020BF5
:108FD000EA00907697693E00020BEA201288270289
:108FE00090AE907697693E00020BEA203E34CA3973
:108FF00090768F691E00020BEA002E14000769307C
:1090000000020B0A203E3490768F695E00020BEA64
:10901000402E540003691200020B2A002D13907693
:1090200093693E00020BEA209AFCFFCC1BFD907670
:109030008F691E00020BEA00907697693E00020BD2
:10904000EA201288278067907697693E00020BEA33
:10905000203E343E34CA3990768F691E00020BEAF6
:10906000002E140007693000020B0A203E343E3403
:1090700090768F695E00020BEA402E54000369125D
:1090800000020B2A002D13907693693E00020BEA32
:10909000209AFCFFCC1BFD90768F691E00020BEA24
:1090A00000907697693E00020BEA2012882790769E
:1090B00097695E00020BEA4090768F691E00020BF2
:1090C000EA002E14000F693000020B0A209F12796B
:1090D0003000021B0A20800A7E34000590769B1B1C
:1090E000EA3074FB90768F691E00020BEA007E0B5B
:1090F000705C7B7A0B7090769B0BEA30AA90754976
:109100001BEA20793E00029075451BEA00791E009B
:10911000026D339075531BEA309F11907555793E5F
:1091200000021BEA209F11907559793E00021BEA4C
:1091300020907545693E00020BEA204D23680474B7
:10914000018001E47E1449917E0400FE7E340167B3
:109150009AFE25E490754D693E00020BEA204D23EE
:10916000680474018001E47E1449917E0400FE7E4F
:109170003401689AFE25E4907549693E00020BEAC5
:10918000204D23780D7E3400039075531BEA300286
:109190009611907545693E00020BEA207E1B700A0D
:1091A000377E2400035D236D33BD236828907559F5
:1091B000691E00020BEA0090754D693E00020BEA41
:1091C00020791100021B1A007E3400069075531B93
:1091D000EA300296B3907545691E00020BEA009AC8
:1091E000FD8AF1907559793E00021BEA2090754D79
:1091F000693E00020BEA20691100020B1A0090750B
:1092000059693E00020BEA20BF01284A907559694E
:109210001E00020BEA0090754D693E00020BEA2029
:10922000791100021B1A007E3400079075531BEA67
:1092300030907559693E00020BEA204D237817746F
:10924000F7907545691E00020BEA007E0B705C7B8F
:109250007A0B700296B37408907545691E00020B74
:10926000EA007E0B704C7B7A0B70907545693E006E
:10927000020BEA202E34000B691100020B1A009039
:109280007545695E00020BEA402E540013693200F6
:10929000020B2A209F10907555793E00021BEA2090
:1092A00090754D693E00020BEA20691100020B1A0D
:1092B00000907555693E00020BEA20BF01280302A9
:1092C00093EB907545693E00020BEA200B340B1AB4
:1092D000301B3468621B34780302938F0B356803AC
:1092E0000295FD90754D691E00020BEA0069300081
:1092F000020B0A20CA39907545691E00020BEA006C
:109300002E14000B693000020B0A207D1390754566
:10931000695E00020BEA402E540003693200020B22
:109320002A202D31907549691E00020BEA009AFC33
:10933000FFCC1BFD0295FD90754D691E00020BEAE6
:1093400000693000020B0A203E34CA399075456925
:109350001E00020BEA002E14000B693000020B0AFB
:10936000207D133E14907545695E00020BEA402E85
:10937000540003693200020B2A202D31907549698F
:109380001E00020BEA009AFCFFCC1BFD0295FD902B
:10939000754D691E00020BEA00693000020B0A20BD
:1093A0003E343E34CA39907545691E00020BEA000E
:1093B0002E14000B693000020B0A207D133E143E70
:1093C00014907545695E00020BEA402E5400036953
:1093D0003200020B2A202D31907549691E00020BC4
:1093E000EA009AFCFFCC1BFD0295FD907545693E95
:1093F00000020BEA200B340B1A301B347803029462
:10940000AE1B3478030295530B3568030295FD902B
:109410007555693E00020BEA20CA39907545691EF0
:1094200000020BEA002E14000B693000020B0A2028
:109430007D13907545695E00020BEA402E540003CF
:10944000693200020B2A202D31907549691E0002F5
:109450000BEA009AFCFFCC1BFD90754D691E0002C3
:109460000BEA00693000020B0A20907555691E0056
:10947000020BEA007D219D32CA39907555693E0084
:10948000020BEA20907549691E00020BEA002D13B9
:10949000907545695E00020BEA402E540003693264
:1094A00000020B2A209AFCFFCC1BFD0295FD907553
:1094B00055693E00020BEA203E34CA399075456971
:1094C0001E00020BEA002E14000B693000020B0A8A
:1094D000207D133E14907545695E00020BEA402E14
:1094E000540003693200020B2A202D31907549691E
:1094F0001E00020BEA009AFCFFCC1BFD90754D6923
:109500001E00020BEA00693000020B0A209075551C
:10951000691E00020BEA009F103E34CA399075554F
:10952000693E00020BEA203E34907549691E000234
:109530000BEA002D13907545695E00020BEA402E80
:10954000540003693200020B2A209AFCFFCC1BFD59
:109550000295FD907555693E00020BEA203E343EAF
:1095600034CA39907545691E00020BEA002E1400BA
:109570000B693000020B0A207D133E143E149075D7
:1095800045695E00020BEA402E5400036932000276
:109590000B2A202D31907549691E00020BEA009AB2
:1095A000FCFFCC1BFD90754D691E00020BEA0069A3
:1095B0003000020B0A20907555691E00020BEA006C
:1095C0009F103E343E34CA39907555693E00020BF7
:1095D000EA203E343E34907549691E00020BEA00D1
:1095E0002D13907545695E00020BEA402E5400036E
:1095F000693200020B2A209AFCFFCC1BFD74F79005
:109600007545691E00020BEA007E0B705C7B7A0BCD
:10961000706D229075510BEA30BD3268030296B32B
:10962000907545693E00020BEA207E1BB0BEB00B70
:10963000780C7E3400029075531BEA3080757402FA
:10964000907545691E00020BEA007E0B704C7B7A18
:109650000B70907545691E00020BEA0090754D690C
:109660005E00020BEA40693200020B2A201288C712
:1096700090754D693E00020BEA20695100020B1AF9
:1096800040907545691E00020BEA002E14000F6918
:109690003000020B0A202F12793000021B0A2074BE
:1096A000FD907545691E00020BEA007E0B705C7B25
:1096B0007A0B709075530BEA30AA90776A1BEA30E8
:1096C0009077661BEA00791E0002907766693E007B
:1096D000020BEA204D23680474018001E47E1449E2
:1096E000917E0400FE7E3402259AFE25E490776C7C
:1096F000691E00020BEA00907766693E00020BEAE1
:10970000202E340003791100021B1A00E4907766C2
:10971000693E00020BEA207A1BB090776A0BEA10D0
:10972000907766693E00020BEA200B341B1A109FEB
:1097300000907766693E00020BEA202E340007791C
:109740001100021B1A009F00907766693E00020B11
:10975000EA202E34000B791100021B1A009077705A
:10976000691E00020BEA00907766693E00020BEA70
:10977000202E34000F791100021B1A0090777069B7
:109780001E00020BEA00907766693E00020BEA2099
:109790002E340013791100021B1A006D33AA907E3B
:1097A000E71BEA30907EE6F07E1400007E040001A4
:1097B000907EE6E0907EE70BEA300A369AFCA9E15B
:1097C0007E1400007E04000174F0907EE70BEA3006
:1097D0009AFCA9E122907C3D1BEA30907C3CF0741D
:1097E00001907C3FF0E4907C40F0E4907C41F07488
:1097F0000A907C42F002988F6D11907C42E01A3BF7
:109800007E2400059AFDC826BD21782C7E14000018
:109810007E040001907C3CE0907C3D0BEA300A36EF
:109820009AFCA9E17E1400007E04000174F0907C93
:109830003D0BEA309AFCA9E17E1400007E04000191
:10984000907C3CE09AFCAA78907C40F07E1400006A
:109850007E04000174F09AFCAA78907C41F0907C20
:1098600040E00A3B7C676C77907C41E00A2B4D23FB
:10987000907C3D0BEA30BD327807E4907C3FF0806D
:109880001A907C427EEBA07E70017CBA9CB7F0906F
:109890007C42E0BEB00068030297F8907C3FE02273
:1098A000907EE9F07E1400007E040001907EE9E0E5
:1098B0009AFCAA78907EEAF07E1400007E040001F3
:1098C00074F09AFCAA78907EEBF0907EEAE00A2B86
:1098D0007C456C55907EEBE00A3B4D3222907B80BC
:1098E0001BEA00791E0002E4907B84F06D33907BCC
:1098F000851BEA307401907B87F0745C900004F063
:10990000907B80691E00020BEA002E14000569306E
:1099100000020B0A20900005793E00021BEA20900D
:109920007B80693E00020BEA200B1A309000001B7E
:10993000EA30907B80693E00020BEA200B350B1A5F
:10994000309000021BEA30E41298A0907B851BEA5D
:1099500030907B850BEA207E341324BD23681C9055
:109960007B850BEA207E341311BD23680E907B8526
:109970000BEA207E341313BD237807E4907B87F035
:109980008013907B847EEBA074012CAB7AEBA074E7
:1099900014BCAB28B2907B87E0AA9072EC1BEA0063
:1099A000791E00026D339072F01BEA306D339072B5
:1099B000F21BEA306D339072F41BEA306D33907213
:1099C000F61BEA306D339072F81BEA306D339072FB
:1099D000FA1BEA306D339072FC1BEA30E49072FEA1
:1099E000F0E49072FFF06D339073001BEA309072D8
:1099F000EC693E00020BEA202E3400060B1A309070
:109A000073021BEA309072EC693E00020BEA202ED2
:109A100034000A0B1A309073041BEA309072EC6920
:109A20003E00020BEA202E34000E0B1A3090730613
:109A30001BEA309072EC693E00020BEA202E3400E3
:109A4000120B1A309073081BEA309072EC693E00DA
:109A5000020BEA202E3400160B1A3090730A1BEA10
:109A6000309072EC693E00020BEA202E34001A0B93
:109A70001A3090730C1BEA309072EC693E00020BB6
:109A8000EA202E34001E0B1A3090730E1BEA309021
:109A900072EC693E00020BEA202E3400220B1A30D1
:109AA0009073101BEA3074FE7E34BEEF12979E74E2
:109AB0000C7E34000312979EE41298A09073001B52
:109AC000EA309073000BEA207E341324BD236835FE
:109AD0009073000BEA207E341311BD236827907326
:109AE000000BEA207E341313BD2368199072FF7EA9
:109AF000EBA074012CAB7AEBA07414BCAB40B9742E
:109B0000019072FEF002A36890730A0BEA207E3483
:109B10000078BD23382290730A0BEA303E343E347D
:109B20009072F81BEA307E2400029072F00BEA304B
:109B30004E70021BEA30804E90730A0BEA207E348E
:109B400000F0BD23382090730A0BEA303E34907247
:109B5000F81BEA307E2400019072F00BEA304E7060
:109B6000011BEA30802090730A0BEA207E3401E06A
:109B7000BD23381290730A0BEA309072F81BEA305A
:109B80009072F00BEA309073080BEA207E3400BC30
:109B9000BD2338229073080BEA303E343E34907275
:109BA000F61BEA307E2400089072F00BEA304E700B
:109BB000081BEA30804E9073080BEA207E3401784F
:109BC000BD2338209073080BEA303E349072F61BA8
:109BD000EA307E2400049072F00BEA304E70041BD1
:109BE000EA3080209073080BEA207E3402F0BD2317
:109BF00038129073080BEA309072F61BEA309072BC
:109C0000F00BEA309072F60BEA207E34034E9D3260
:109C10009000211BEA309073000BEA207E3413245D
:109C2000BD236803029DA074077E3483881297D5F4
:109C30007CAB9072FEE02CBAF09000210BEA3090E1
:109C400072F60BEA202D2390730A0BEA107E340083
:109C5000022D31AD327E0800042F017E34FCC07E1F
:109C600024019B9AFDC8C59072F21BEA309072F2F3
:109C70000BEA207E3401F4BD23280A7E3401F490DF
:109C800072F21BEA309072F20BEA209073060BEA34
:109C900030BD32280C9072F20BEA309073061BEA4A
:109CA000309073060BEA106D007E34FCC07E2401F8
:109CB0009B9AFDC8C57E0800049F109000210BEA06
:109CC000009072F60BEA102D106D009AFDC8C59039
:109CD000730A0BEA209D329000841BEA30900084C6
:109CE0000BEA207E347E20BD23180E9000840BEA00
:109CF000207E340002BD2358349000840BEA207E7D
:109D0000340002BD2358067E340002801A9000847D
:109D10000BEA207E347E20BD2308067E347E208020
:109D2000069000840BEA309000841BEA30907306A2
:109D30000BEA106D007E34FCC07E24019B9AFDC8A6
:109D4000C57E0800049F109000840BEA0090730AFF
:109D50000BEA102D106D009AFDC8C59072F60BEA43
:109D6000209D329000211BEA309000210BEA207EDA
:109D700034003DBD2358067E34003D801A900021FA
:109D80000BEA207E3403FFBD2308067E3403FF80E8
:109D9000069000210BEA309000211BEA30029F045C
:109DA0009000210BEA309072F60BEA202D2390737D
:109DB0000A0BEA107E3400042D31AD327E08000417
:109DC0002F017E34FCC07E24019B9AFDC8C5907291
:109DD000F21BEA309072F20BEA207E3401F4BD23CC
:109DE000280A7E3401F49072F21BEA309072F20B72
:109DF000EA209073060BEA30BD32280C9072F20B09
:109E0000EA309073061BEA309073060BEA106D007F
:109E10007E34FCC07E24019B9AFDC8C57E080004E8
:109E20009F109000210BEA009072F60BEA102D10A3
:109E30006D009AFDC8C590730A0BEA209D32900010
:109E4000841BEA309000840BEA207E340BB8BD23DB
:109E5000180E9000840BEA207E340004BD23583491
:109E60009000840BEA207E340004BD2358067E3423
:109E70000004801A9000840BEA207E340BB8BD23C6
:109E800008067E340BB880069000840BEA30900000
:109E9000841BEA309073060BEA106D007E34FCC020
:109EA0007E24019B9AFDC8C57E0800049F10900087
:109EB000840BEA0090730A0BEA102D106D009AFDD6
:109EC000C8C59072F60BEA209D329000211BEA3043
:109ED0009000210BEA207E34002BBD2358067E34EF
:109EE000002B801A9000210BEA207E3403FFBD2353
:109EF00008067E3403FF80069000210BEA309000B4
:109F0000211BEA309000840BEA3090730A0BEA20A0
:109F10002D237E3400029D239073040BEA30BD3262
:109F2000281A9000840BEA2090730A0BEA302D3235
:109F30007E2400029D329073041BEA309072F60B6F
:109F4000EA207E3402F09D321E349072F41BEA3017
:109F50009072F40BEA306D229D2390730C0BEA3063
:109F6000BD32580E9072F40BEA306E34FFFF0B34A2
:109F7000801E9072F40BEA2090730C0BEA30BD3215
:109F800008089072F40BEA30800690730C0BEA30EC
:109F900090730C1BEA307E2400019072F40BEA30BF
:109FA0002D321BEA3090730C0BEA306D229D23900A
:109FB00072F40BEA302D329072FA1BEA309072F88C
:109FC0000BEA207E3401E09D321E349072F41BEACD
:109FD000309072F40BEA306D229D2390730E0BEAE1
:109FE00030BD32580E9072F40BEA306E34FFFF0B26
:109FF00034801E9072F40BEA2090730E0BEA30BD91
:10A000003208089072F40BEA30800690730E0BEA67
:10A010003090730E1BEA307E2400049072F40BEA39
:10A02000302D321BEA3090730E0BEA209072F40B45
:10A03000EA302D329072FC1BEA30741B7E34000132
:10A040001297D57CAB9072FEE02CBAF0740190723E
:10A05000FA0BEA301297D57CAB9072FEE02CBAF086
:10A0600074029072FC0BEA301297D57CAB9072FEB2
:10A07000E02CBAF074039072F80BEA301297D57C9A
:10A08000AB9072FEE02CBAF074049072F60BEA30DA
:10A090001297D57CAB9072FEE02CBAF0740590005C
:10A0A000210BEA301297D57CAB9072FEE02CBAF00F
:10A0B00074069000840BEA301297D57CAB9072FE48
:10A0C000E02CBAF0740A7E3401641297D57CAB9010
:10A0D00072FEE02CBAF074087E3401BB1297D57C76
:10A0E000AB9072FEE02CBAF074097E3401D912975D
:10A0F000D57CAB9072FEE02CBAF06D229073020B0F
:10A10000EA30BD327814740B9073040BEA30129766
:10A11000D57CAB9072FEE02CBAF0740D9072F00B0F
:10A12000EA207E3403304D321297D57CAB9072FE1C
:10A13000E02CBAF074317E3400271297D57CAB90B6
:10A1400072FEE02CBAF074327E34001A1297D57C7D
:10A15000AB9072FEE02CBAF074337E340005129797
:10A16000D57CAB9072FEE02CBAF074359073100B76
:10A17000EA301297D57CAB9072FEE02CBAF0907367
:10A18000000BEA207E341324BD237864747290722D
:10A19000F00BEA207E340004BD3238067E34000124
:10A1A00080026D333E343E343E343E341297D57CCB
:10A1B000AB9072FEE02CBAF0740F7E34010112975E
:10A1C000D57CAB9072FEE02CBAF074477E340081EF
:10A1D0001297D57CAB9072FEE02CBAF074487E34B6
:10A1E00000EC1297D57CAB9072FEE02CBAF0803672
:10A1F000740F7E3400111297D57CAB9072FEE02C68
:10A20000BAF074477E3400811297D57CAB9072FE11
:10A21000E02CBAF074487E3400E71297D57CAB90FE
:10A2200072FEE02CBAF074077E3403881297D57C56
:10A23000AB9072FEE02CBAF0741C7E3403031297CC
:10A24000D57CAB9072FEE02CBAF0742C7E34000307
:10A250001297D57CAB9072FEE02CBAF06D22907311
:10A26000020BEA30BD32781374AF6D331297D57C90
:10A27000AB9072FEE02CBAF002A33974A590730281
:10A280000BEA301297D57CAB9072FEE02CBAF074DA
:10A29000A67E3400021297D57CAB9072FEE02CBAF9
:10A2A000F074A87E3400021297D57CAB9072FEE069
:10A2B0002CBAF074B0CAB890730A0BEA20907308F5
:10A2C0000BEA30AD327E0800049AFDC8C56D117EE0
:10A2D000040001BF10581890730A0BEA209073080D
:10A2E0000BEA30AD327E0800049AFDC8C580047EBA
:10A2F00018FFFFDAB81297D57CAB9072FEE02CBA4B
:10A30000F074AE7E3400141297D57CAB9072FEE0F0
:10A310002CBAF074AF7E3401011297D57CAB9072E9
:10A32000FEE02CBAF074AD9073040BEA301297D5AE
:10A330007CAB9072FEE02CBAF09073020BEA309086
:10A3400000A51BEA309073040BEA309000631BEA0F
:10A350003090730A0BEA309000421BEA3074FE7EA4
:10A3600034DEAD12979E800C9072FEE0BEB0007895
:10A3700003029B089072FEE0AA907EEC1BEA307408
:10A3800001907EEEF09000420BEA309000840BEAE0
:10A39000202D237E3400029D23907EEC0BEA30BDFD
:10A3A0003228169000420BEA209000840BEA302DF0
:10A3B000327E2400029D328006907EEC0BEA3090C3
:10A3C00000631BEA3074FE7E34BEEF12979E90004D
:10A3D000A50BEA206D33BD23680474AD8002740BB5
:10A3E0009000630BEA301297D5907EEEF074FE7EFB
:10A3F00034DEAD12979E907EEEE0AA907E641BEA5A
:10A4000030907E63F07401907E66F074FE7E34BE00
:10A41000EF12979E907E63E0907E640BEA30129775
:10A42000D5907E66F074FE7E34DEAD12979E907EEF
:10A4300066E0AAE47E34FA727E24007E7A1BB07451
:10A44000019000C6F0AAA2B3E433BEB0017820D3D5
:10A45000D2C1D3D2FBC3C2C3C3C2B7D3D2B7C3C264
:10A46000B7D3D2B7D3D2C374019000E7F080219064
:10A4700000E7E0BEB0006813C3C2C174897E34FA3D
:10A48000717E24007E7A1BB0C3C2FBE49000E7F02B
:10A49000AA9079BCF09079B81BEA20793E0002902E
:10A4A00079B41BEA00791E00027E144A667E04001D
:10A4B000FE9AFDC1D97E14FE507E04007E7E0B7094
:10A4C0007A0B70E47E34FE517E24007E7A1BB074D9
:10A4D000207E14FE517E04007E7E0B704C7B7A0B36
:10A4E000707E14FE517E04007E7E0B707A0B707EAF
:10A4F00014FE517E04007E7E0B707A0B70E47E3475
:10A50000FE537E24007E7A1BB074907E34FE527E11
:10A5100024007E7A1BB09079BCE07E34FE567E2407
:10A52000007E7A1BB09079BD7EEB303E303E307EAF
:10A5300020804C239079BE7EEB304C327E34FA7012
:10A540007E24007E7A1B30E47E34FA727E24007E04
:10A550007A1BB07E0800019079B8693E00020BEAD0
:10A56000209F107D130A127E34FA867E24007E7AA4
:10A570001B307E1800019079B8691E00020BEA00BA
:10A580009F017E34FA737E24007E7A1B309079B46A
:10A59000693E00020BEA207D130A127E34FA777EB0
:10A5A00024007E7A1B309079B4693E00020BEA20C9
:10A5B0007D137E34FA787E24007E7A1B30E47E346C
:10A5C000FA7E7E24007E7A1BB0E47E34FA7F7E24FD
:10A5D000007E7A1BB0AA907B111BEA20793E000214
:10A5E000907B0D1BEA00791E0002E4907B15F08041
:10A5F0001D907B0D693E00020BEA207E1BA00B34F0
:10A60000793E00021BEA20907B15E02CBAF0907B8B
:10A6100011693E00020BEA207E2800017F019F02A3
:10A62000791E00021BEA004D2378C6907B15E022BC
:10A630009077411BEA20907740F090773C1BEA002E
:10A64000791E000290773A1BEA309F119077457986
:10A650003E00021BEA2074AA9069B1F0740290696E
:10A66000B2F090773C693E00020BEA204D2368046B
:10A670006D3380047E3400013E343E343E343E343B
:10A6800090773A0BEA2074053E241478FB7CA54CA5
:10A69000A7907740E04CBA9069B3F074089069B421
:10A6A000F09077410BEA307C676C777E24FF005D89
:10A6B000239077410BEA300A364D329069B51BEA98
:10A6C000309077430BEA307C676C777E24FF005D27
:10A6D000239077430BEA300A364D329069B71BEA74
:10A6E000307E1469B17E0400017E180008907BD48E
:10A6F000695E00020BEA40992890773A0BEA301B1A
:10A7000035682A1B3468420B35785A9077430BEA38
:10A71000309077410BEA20AD321E341E341E346D6A
:10A7200022907745793E00021BEA208038907743DB
:10A730000BEA309077410BEA20AD326D22907745DD
:10A74000793E00021BEA20801C9077430BEA309090
:10A7500077410BEA20AD323E346D22907745793E49
:10A7600000021BEA2090773C693E00020BEA204D74
:10A7700023682090773C691E00020BEA0090774521
:10A78000693E00020BEA20907BD4695E00020BEA6E
:10A79000409928AA907A911BEA20907A8D1BEA00B2
:10A7A000791E0002907A8B1BEA3074AA9068FCF044
:10A7B00074039068FDF074089068FFF0907A8B0B3A
:10A7C000EA3090696F1BEA30907A8D693E00020B87
:10A7D000EA20906967793E00021BEA20907A910B8B
:10A7E000EA3090696B1BEA30907A930BEA309069FB
:10A7F0006D1BEA30AA9071F81BEA00791E0002E492
:10A800009071FCF0E49071FDF07E34454D7E2400A3
:10A81000FE7E1471FE7E04000174249AFDC8FB9034
:10A8200071F8693E00020BEA200B347E1BA0740F06
:10A830005CBA9071FFF0E49071FDF002A921907173
:10A84000FD7EEB707404ACB79071F8693E00020BAA
:10A85000EA202D352E3400077E1B509071FD7EEBD3
:10A86000407404ACB47E3472022D357A71827A6100
:10A87000837AEB509071FD7EEB707404ACB79071ED
:10A88000F8693E00020BEA202D352E3400067E1BAF
:10A89000309071FD7EEB207404ACB27E3472022DD8
:10A8A000357E2400010B347A1B309071FD7EEB70F5
:10A8B0007404ACB79071F8693E00020BEA202D35A4
:10A8C0002E3400057E1B309071FD7EEB207404ACAD
:10A8D000B27E3472022D357E2400010B357A1B3096
:10A8E0009071FD7EEB707404ACB79071F8693E0016
:10A8F000020BEA202D350B367E1B309071FD7EEB6E
:10A90000207404ACB27E3472022D357E2400012EF8
:10A910003400037A1B309071FD7EEBA074012CBAD9
:10A92000F09071FF7EEBA09071FDE0BCBA50030285
:10A93000A83E74AA9071FEF09071FFE00A5B7E441D
:10A9400000089D453E443E447E5400249D54907131
:10A95000FCF09071FCE0907201F07EA0109071FF0D
:10A96000E04CBAF0E4907200F07E1471FE7E0400B8
:10A97000019071FCE00A3B6D2212A5D6907200F0A6
:10A980009071FCE00A3B6D227E1471FE7E04000192
:10A99000907BD4695E00020BEA409928AA907C5F04
:10A9A0001BEA00791E00026D33907C641BEA309034
:10A9B00069000BEA30907C641BEA30907C640BEAFF
:10A9C000307C676C777E24FF005D23907C640BEA0B
:10A9D000300A364D32907C641BEA309068FEE00A03
:10A9E0003B7E2400205D236D33BD23680F7E340041
:10A9F00002907C640BEA20AD321BEA307E1468FCC6
:10AA00007E0400017E180008907BD4695E00020B72
:10AA1000EA409928E4907C63F002AADB907C637E94
:10AA2000EB707404ACB7907C5F691E00020BEA0007
:10AA30002D152E14000A693000020B0A204D2368E0
:10AA400035907C637EEB707404ACB7907C5F693E9C
:10AA500000020BEA202D352E34000A691100020B8A
:10AA60001A00907C640BEA306D22907BD4695E0002
:10AA7000020BEA409928907C637EEB707404ACB7BB
:10AA8000907C5F691E00020BEA002D152E14002A2F
:10AA9000693000020B0A204D236835907C637EEB01
:10AAA000707404ACB7907C5F693E00020BEA202D05
:10AAB000352E34002A691100020B1A00907C640BB9
:10AAC000EA306D22907BD4695E00020BEA4099283F
:10AAD000907C637EEBA074012CBAF0907C637EEBDB
:10AAE000A07408BCAB500302AA1CAA9074521BEAC3
:10AAF00000791E00029074501BEA2090744E1BEAED
:10AB000030E490746AF0E490746BF0E490746CF04C
:10AB10009074500BEA307C676C777E24FF005D23D5
:10AB20009074500BEA300A364D329069001BEA30BF
:10AB3000E4906902F0E490746AF080499F00907498
:10AB40006A7EEB707404ACB77E3469712D357A710E
:10AB5000827A6183791E00021BEA009F0090746A6A
:10AB60007EEB707404ACB77E3469912D357A7182B6
:10AB70007A6183791E00021BEA0090746A7EEBA062
:10AB800074012CBAF090746A7EEBA07403BCAB40E5
:10AB9000AB90744E0BEA301B34780302ACB31B3419
:10ABA000780302ADBA0B35680302AF68907452693E
:10ABB0003E00020BEA204D23684190746B7EEBA0AF
:10ABC00074012CBAF07EA001906902E04CBAF090BA
:10ABD0007452691E00020BEA0090746A7EEB707476
:10ABE000012CB7F07404ACB77E3469712D357A71DD
:10ABF000827A6183791E00021BEA00907456693ED6
:10AC000000020BEA204D23684190746B7EEBA07428
:10AC1000012CBAF07EA002906902E04CBAF0907468
:10AC200056691E00020BEA0090746A7EEB70740194
:10AC30002CB7F07404ACB77E3469712D357A71820B
:10AC40007A6183791E00021BEA0090745A693E0003
:10AC5000020BEA204D23684190746B7EEBA07401D7
:10AC60002CBAF07EA004906902E04CBAF090745ABD
:10AC7000691E00020BEA0090746A7EEB7074012C6E
:10AC8000B7F07404ACB77E3469712D357A71827A6D
:10AC90006183791E00021BEA0090696D0BEA207E39
:10ACA0003400FFBD32400302AF68740190746CF051
:10ACB00002AF6890745E693E00020BEA204D236883
:10ACC0004190746B7EEBA074012CBAF07EA00190D1
:10ACD0006902E04CBAF090745E691E00020BEA0053
:10ACE00090746A7EEB7074012CB7F07404ACB77E7C
:10ACF0003469912D357A71827A6183791E00021B45
:10AD0000EA00907462693E00020BEA204D2368411C
:10AD100090746B7EEBA074012CBAF07EA002906957
:10AD200002E04CBAF0907462691E00020BEA0090D7
:10AD3000746A7EEB7074012CB7F07404ACB77E3487
:10AD400069912D357A71827A6183791E00021BEA3E
:10AD500000907466693E00020BEA204D2368419022
:10AD6000746B7EEBA074012CBAF07EA00490690293
:10AD7000E04CBAF0907466691E00020BEA00907411
:10AD80006A7EEB7074012CB7F07404ACB77E346942
:10AD9000912D357A71827A6183791E00021BEA0057
:10ADA00090696B0BEA207E3400FFBD32400302AF96
:10ADB00068740190746CF002AF68907452693E0040
:10ADC000020BEA204D23687690745E693E00020B08
:10ADD000EA204D23686890746B7EEBA074012CBA56
:10ADE000F07EA001906902E04CBAF0907452691EA6
:10ADF00000020BEA0090746A7EEB707404ACB77EBC
:10AE00003469712D357A71827A6183791E00021B53
:10AE1000EA0090745E691E00020BEA0090746A7E7C
:10AE2000EB7074012CB7F07404ACB77E3469912DCB
:10AE3000357A71827A6183791E00021BEA00907470
:10AE400056693E00020BEA204D23687690746269D1
:10AE50003E00020BEA204D23686890746B7EEBA0E5
:10AE600074012CBAF07EA002906902E04CBAF09016
:10AE70007456691E00020BEA0090746A7EEB7074CF
:10AE800004ACB77E3469712D357A71827A61837929
:10AE90001E00021BEA00907462691E00020BEA00A9
:10AEA00090746A7EEB7074012CB7F07404ACB77EBA
:10AEB0003469912D357A71827A6183791E00021B83
:10AEC000EA0090745A693E00020BEA204D2368762E
:10AED000907466693E00020BEA204D236868907406
:10AEE0006B7EEBA074012CBAF07EA004906902E0A6
:10AEF0004CBAF090745A691E00020BEA0090746A12
:10AF00007EEB707404ACB77E3469712D357A718232
:10AF10007A6183791E00021BEA00907466691E0044
:10AF2000020BEA0090746A7EEB7074012CB7F07427
:10AF300004ACB77E3469912D357A71827A61837958
:10AF40001E00021BEA0090696B0BEA207E3400FFB2
:10AF5000BD32400E90696D0BEA207E3400FFBD3299
:10AF60005006740190746CF090744E0BEA307406C5
:10AF70003E341478FB7CA790746CE0C42354E04CFE
:10AF8000AB90746BE04CBA9068FEF0AAE4906BD87A
:10AF9000F09F11906BD9793E00021BEA207E3400AD
:10AFA00008906BDD1BEA307E3445717E2400FE7E06
:10AFB000146BE37E04000174809AFDC8FB9F11901E
:10AFC0006C63793E00021BEA20C3C205A2AF920562
:10AFD000C3C2AF7E146BE37E0400017E1800809034
:10AFE0007BD0695E00020BEA409928906BD9793ECC
:10AFF00000021BEA20906BD9693E00020BEA204D4B
:10B00000236828906BD9693E00020BEA209076975E
:10B01000793E00021BEA207E1469287E0400017E2E
:10B02000346BE37E2400019AFD8B4B02B2257E181F
:10B030000008906BD9793E00021BEA207E346BD960
:10B040007E24000190754D793E00021BEA207E347B
:10B0500000019075511BEA307E1469287E040001BE
:10B060007E346BE37E2400019AFD90FD7E346BE319
:10B070007E2400017E1BB0BEB05568117E18000111
:10B08000906BD9793E00021BEA2002B1F77E346B47
:10B09000E37E240001906BDF793E00021BEA2090E2
:10B0A0006BDF693E00020BEA202E3400037E1BB0EA
:10B0B000906BD8F0E4906BDF693E00020BEA202E23
:10B0C0003400037A1BB07E146BE37E0400017E180B
:10B0D000000812A5D67CAB906BD8E0BCBA6803021E
:10B0E000B1E9906BDF693E00020BEA200B367E1B54
:10B0F00030906BDF693E00020BEA200B357E1B208F
:10B100000A227E3400019D233E243E247E3469477A
:10B110002D327E2400012E3400037A1B30906BDF29
:10B12000693E00020BEA202E3400057E1B30906B36
:10B13000DF693E00020BEA200B357E1B200A227ECF
:10B140003400019D233E243E247E3469472D327E07
:10B150002400010B357A1B30906BDF693E00020B37
:10B16000EA202E3400067E1B30906BDF693E000221
:10B170000BEA200B357E1B200A227E3400019D2322
:10B180003E243E247E3469472D327E2400010B3458
:10B190007A1B30906BDF693E00020BEA202E3400F0
:10B1A000077E1B50906BDF691E00020BEA000B1537
:10B1B0007E0BB07E4004ACB47E3469432D357A7189
:10B1C000827A61837AEB507401906BDF693E0002F2
:10B1D0000BEA200B357E1BA00A2A7E34693E2D32F5
:10B1E0007A71827A6183F0800E7E180001906BD9AB
:10B1F000793E00021BEA207E346BD97E2400019048
:10B20000754D793E00021BEA206D339075511BEAA3
:10B21000307E1469287E0400017E346BE37E2400B6
:10B22000019AFD90FD7E1469287E0400019AFD8A32
:10B23000F17F01906BDD0BEA306D22BF1038030205
:10B24000B02EA20592AFAA90696D0BEA30907743B9
:10B250001BEA3090696F0BEA30906967691E000243
:10B260000BEA009068FE7EEBA0740F5CBA90696BED
:10B270000BEA209AFDA6309068FE7EEBA0740F5C6E
:10B28000BABEB000680C7E1469677E0400019AFDA6
:10B29000A99DAA7E3469B97E24000190776C793E1D
:10B2A00000021BEA207E180080907770793E000231
:10B2B0001BEA207E1469287E0400016D339AFD96F6
:10B2C000BAAA906B2EE0BEB00850707EA003A49086
:10B2D000B2D37302B2EB02B2F502B2FF02B30902BB
:10B2E000B31302B31D02B32702B3317E34483A7E52
:10B2F0002400FE804E7E3448347E2400FE80447E4E
:10B3000034482E7E2400FE803A7E3448297E240074
:10B31000FE80307E3448267E2400FE80267E34481F
:10B32000227E2400FE801C7E34481D7E2400FE8088
:10B33000127E3448187E2400FE80087E3448147E35
:10B340002400FE22907EBE7AEB50907EBD7AEB60A8
:10B35000907EBC7AEB70907EBBF0907EBBE0BEB07E
:10B3600000780A7E3448107E2400FE805B907EBC0C
:10B37000E02400681B1BB1680D0478447E34480C3F
:10B380007E2400FE80427E3448087E2400FE803801
:10B39000907EBEE0BEB000680A7E3448057E240080
:10B3A000FE8025907EBDE0BEB000680A7E34480174
:10B3B0007E2400FE80127E3447FD7E2400FE80083D
:10B3C0007E3448147E2400FE22907EFD7AEB60904D
:10B3D0007EFC7AEB70907EFBF0907EFB7EEBA0749F
:10B3E000BCBCAB5033907EFC7EEBA07478BCAB5001
:10B3F00027907EFD7EEB50907EFC7EEB3074BCACE3
:10B400003B907EFBE00A0B2D107E3400E82D317A54
:10B4100071827A61837AEB5022907AAB7AEB6090FA
:10B420007AAA7AEB70907AA9F0907AAB7EEBA0744E
:10B4300020BCAB480C907AAB7EEBA0747EBCAB0812
:10B44000067420907AABF0907AA9E00A3B7E240043
:10B45000082D237E3400BCBD23280302B54F907A0B
:10B46000AAE00A3B7E2400102D237E340078BD2301
:10B47000280302B54FE4907AACF002B540907AAB65
:10B48000E01A3B3E343E343E343E34907AACE00A1F
:10B490002B2D237E34011F2D327E2400FF7E1BB016
:10B4A000907AAEF0907AACE00A3B907AAAE00A2B50
:10B4B0002D237E3400BCAD32907AA9E00A2B2D23D7
:10B4C0007E3400E82D327E240001907AAF793E0070
:10B4D000021BEA20E4907AADF0804E907AAE7EEBCB
:10B4E0007074015C7B0A276D33BD2368057E30FFD5
:10B4F00080026C33907AAF693E00020BEA207A1B1F
:10B5000030907AAF693E00020BEA200B34907AAF9C
:10B51000793E00021BEA20907AAEE01EB0F0907AED
:10B52000AD7EEBA074012CBAF0907AAD7EEBA074E6
:10B5300008BCAB40A6907AAC7EEBA074012CBAF0AC
:10B54000907AAC7EEBA07410BCAB500302B47D22A9
:10B55000907D561BEA00791E0002907D557AEB70B3
:10B56000907D54F0802D907D54E0907D557EEB7061
:10B57000907D56691E00020BEA007E0B600B147969
:10B580001E00021BEA0012B4197EA008907D54E050
:10B590002CBAF0907D56693E00020BEA207E1BB06B
:10B5A000BEB0006814907D54E00A3B7E2400082D54
:10B5B000237E3400BCBD2328AD907D54E0229076DC
:10B5C00088E0BEB0006857E4907F67F080449076D2
:10B5D000827EEBA074029CAB907F67E02CBA9076E1
:10B5E000837EEB707E60FF12B3C9907682E0907626
:10B5F000837EEB607E70029C67907F677EEB702C91
:10B60000767E60FF12B3C9907F677EEBA074012C39
:10B61000BAF0907F677EEBA07404BCAB28B0229098
:10B620007C1B7AEB50907C1A7AEB60907C197AEB59
:10B6300070907C18F0907C18E0BEB000780302B7E0
:10B640003B907C197EEBA074BCBCAB400302B73BC3
:10B65000907C1A7EEBA074BCBCAB400302B73B905D
:10B660007C1A7EEBA0907C19E0BCBA400302B73B89
:10B67000907C1B7EEBA07478BCAB400302B73B9080
:10B680007C1B7EEBA07406BCAB280F907C1B7EEB72
:10B69000A07E70067CBA9CB78001E4907C1EF0907E
:10B6A0007C1BE00A3B7E2400062D237E340078BDFF
:10B6B00023500C907C1B7EEBA074062CBA80027485
:10B6C00077907C1FF0907C19E0907C1CF0801B90A0
:10B6D0007C1CE0907C1B7EEB707E608012B3C99076
:10B6E0007C1C7EEBA074012CBAF0907C1A7EEBA03F
:10B6F000907C1CE0BCBA28D7907C1EE0907C1DF0AA
:10B70000802B907C19E0907C1D7EEB707E60801217
:10B71000B3C9907C1AE0907C1D7EEB707E60801235
:10B72000B3C9907C1D7EEBA074012CBAF0907C1FF5
:10B730007EEBA0907C1DE0BCBA28C7227E347C7EC4
:10B740007E240001907253793E00021BEA207E3471
:10B750007C7F7E240001907257793E00021BEA2014
:10B760007E347C807E24000190725B793E00021B57
:10B77000EA207E347C817E24000190725F793E0055
:10B78000021BEA209F11907263793E00021BEA209F
:10B790009F11907267793E00021BEA207E147C7C28
:10B7A0007E0400017E347C7D7E2400019AFDD1025E
:10B7B00074027E70027E1447FA7E0400FE12B550B9
:10B7C000907C7BF012B2C27F01907C7BE07E7002A5
:10B7D00012B55074027E70127E1447F77E0400FE8C
:10B7E00012B550907C7BF0907C74E0907C807EEB76
:10B7F00070907C7C7EEB60907C817EEB5012B34439
:10B800007F01907C7BE07E701212B550907C7CE0D2
:10B81000907C7D7EEB70907C7E7EEB60907C7F7E6A
:10B82000EB5012B61F12B5BE2212B73C9AFDB247BA
:10B83000229079801BEA00791E000290797C1BEA35
:10B8400020793E0002907980691E00020BEA009088
:10B85000797C693E00020BEA209AFDC10B500C90E6
:10B860007980693E00020BEA208030907984691E5D
:10B8700000020BEA0090797C693E00020BEA209AF4
:10B88000FDC10B280C907984693E00020BEA2080F0
:10B890000A90797C693E00020BEA2022907EBF1B51
:10B8A000EA20793E0002907EBF693E00020BEA204A
:10B8B0009AFDC19C22907DF2F0907DEE1BEA00790A
:10B8C0001E0002907DF27EEBA07401BCAB380474C4
:10B8D00001803D907DEE691E00020BEA007E0B6048
:10B8E0007E70012C767A0B70907DEE693E00020B23
:10B8F000EA207E1BA0907DF2E0BCAB4012E4907D7C
:10B90000EE693E00020BEA207A1BB074018001E46C
:10B91000227E147EC37E0400017E347EC57E240018
:10B92000019AFDD44E906C67693E00020BEA207CC0
:10B93000B49AFDC15F906947793E00021BEA2090EE
:10B940006C6F693E00020BEA207CB49AFDC15F90E7
:10B95000694B793E00021BEA209AFDF05E7D237C54
:10B96000B49AFDC16490694F793E00021BEA2090B1
:10B970006C8D693E00020BEA207CB49AFDC15F9099
:10B980006953793E00021BEA206D337E243F80908C
:10B990006957793E00021BEA20907EC30BEA207CA7
:10B9A000B49AFDC16490695B793E00021BEA209065
:10B9B0007EC50BEA207CB49AFDC16490695F793E34
:10B9C00000021BEA209066500BEA20E49AFDC16455
:10B9D000906963793E00021BEA202290774A1BEAB5
:10B9E00020793E0002907749F0907749E014BEB08C
:10B9F00008400302BDC97EA003A490B9FE7302BA39
:10BA00001602BA3002BA4A02BAFA02BB3C02BBBB07
:10BA100002BC8902BD5690774A693E00020BEA20BB
:10BA200012B89C906C67793E00021BEA2002BDC9E7
:10BA300090774A693E00020BEA2012B89C906C6F26
:10BA4000793E00021BEA2002BDC97E3480007E24BC
:10BA5000453B907984793E00021BEA2090774A6941
:10BA60003E00020BEA207E1480007E04C53B12B823
:10BA70003190774A793E00021BEA209F0090774A76
:10BA8000693E00020BEA209AFDC10B40246D117E35
:10BA9000043F0090774A693E00020BEA209AFDBFFE
:10BAA000329AFDC19C90774E793E00021BEA2080BD
:10BAB000226D117E043F0090774A693E00020BEA36
:10BAC000209AFDBF2F9AFDC19C90774E793E0002CF
:10BAD0001BEA2090774E693E00020BEA209AFDF0A7
:10BAE000389AFDF05E7D237CB49AFDC16490694F65
:10BAF000793E00021BEA2002BDC990774A693E00E8
:10BB0000020BEA2012B89C90774E793E00021BEAA5
:10BB10002090774E693E00020BEA20906C8D793EB2
:10BB200000021BEA2090774E693E00020BEA20904B
:10BB30006CB1793E00021BEA2002BDC96D117E0482
:10BB40003F0090774A693E00020BEA209AFDBF321F
:10BB500012B89C90774E793E00021BEA2090774EF7
:10BB6000693E00020BEA20BE1800027828A2AF92BC
:10BB700015C3C2AF7E3400026D229AFDD301A21517
:10BB800092AF6D337E244000906957793E00021BCE
:10BB9000EA2002BDC9A2AF9215C3C2AF6D336D22B8
:10BBA0009AFDD301A21592AF6D337E243F80906938
:10BBB00057793E00021BEA2002BDC96D337E244442
:10BBC0002F907984793E00021BEA2090774A693EE3
:10BBD00000020BEA206D117E04432512B8319077E4
:10BBE0004A793E00021BEA207E1477547E0400014D
:10BBF0007E3477567E2400019AFDD44E6D117E046A
:10BC00003F0090774A693E00020BEA209AFDBF325E
:10BC10009AFDC19C9077541BEA309077540BEA2030
:10BC20009077560BEA30BD32580C9077540BEA30BF
:10BC30009077561BEA309077540BEA309077560B8A
:10BC4000EA209AFDD3E47E1477547E0400017E340A
:10BC500077567E2400019AFDD44E9077540BEA204B
:10BC60007CB49AFDC16490695B793E00021BEA20B6
:10BC70009077560BEA207CB49AFDC16490695F7995
:10BC80003E00021BEA2002BDC96D337E24442F9082
:10BC90007984793E00021BEA2090774A693E0002CF
:10BCA0000BEA206D117E04432512B83190774A7952
:10BCB0003E00021BEA207E1477547E0400017E348D
:10BCC00077567E2400019AFDD44E6D117E043F000C
:10BCD00090774A693E00020BEA209AFDBF329AFD36
:10BCE000C19C9077561BEA309077560BEA209077EC
:10BCF000540BEA30BD32080C9077560BEA3090773F
:10BD0000541BEA309077540BEA309077560BEA20B8
:10BD10009AFDD3E47E1477547E0400017E34775676
:10BD20007E2400019AFDD44E9077540BEA207CB417
:10BD30009AFDC16490695B793E00021BEA2090770E
:10BD4000560BEA207CB49AFDC16490695F793E008D
:10BD5000021BEA2080737E34F0007E24457F9079B8
:10BD600084793E00021BEA2090774A693E00020B6C
:10BD7000EA206D117E043F8012B83190774A793EF7
:10BD800000021BEA206D117E043F0090774A693E55
:10BD900000020BEA209AFDBF329AFDC19C907752B7
:10BDA0001BEA309066500BEA209077520BEA30BDC8
:10BDB0003268169077520BEA309066501BEA30904A
:10BDC00066500BEA309AFE26B5227401907F68F027
:10BDD000805F907F68E00A2B7E34693E2D327A7155
:10BDE000827A6183E0BEB000683C6CAA907F68E014
:10BDF0000A2B7E34693E2D327A71827A61837AEB26
:10BE0000A0907F68E0907F687EEB107E0004AC100D
:10BE10007E1469432D107A31827A2183693E0002B3
:10BE20000BEA2012B9DB907F687EEBA074012CBA7C
:10BE3000F0907F687EEBA07408BCAB2895227E341E
:10BE400000049AFE331D9AFDB2937E340078907AF6
:10BE5000931BEA307E3400027E1400E87E04000169
:10BE60007E2400BC9AFDA7947E3465D37E24000115
:10BE7000907456793E00021BEA207E346A3C7E2490
:10BE8000000190745A793E00021BEA209F119074C1
:10BE90005E793E00021BEA209F11907462793E0099
:10BEA000021BEA209F11907466793E00021BEA2073
:10BEB0006D337E2400787E146AB67E0400019AFDFC
:10BEC000AAEB12B911AA9AFDAF8C12BDCAAA907F33
:10BED00069F0907F69E0BEB000680474018001E4FD
:10BEE000907C74F09AFDBEC67E147C7A7E040001BC
:10BEF000740212B8B5BEB000680312B829AA12B80D
:10BF000029AA907C780BEA207E3400012D321BEAAE
:10BF100030AA907C780BEA30AA907F4C1BEA3090D4
:10BF20007F4C0BEA30907C761BEA30AA02C2636E2B
:10BF300000807CB1337CB033680D0468EF7CB5338E
:10BF40007CB43378037F10AA0468E17D5092F77DBA
:10BF5000457D51BF2140067C807F017F1212C226A1
:10BF60007EA1D05CB004780320D5C17CB0047807F2
:10BF70005002B2D502C26B92D5BE80FF68F67CB883
:10BF80009CB06C00602AB418057C4102C23F50FB93
:10BF900080032F00047C9B5E900778F630E4067CDB
:10BFA000437D106D0030E3087C437C327C210A0025
:10BFB00030F5199F10780EAA02C2681B8068F92F0D
:10BFC0001150020B707CB530E7F1801B2D317CB530
:10BFD000A5397C5B50110B80780302C26B1E3413B1
:10BFE00050034E60801A2B02C23F5D22680D5D0037
:10BFF00078122D220B4068099F11AA2D000B0078A2
:10C00000F902C26312C2265C800B8068082481504A
:10C01000072CB0500A02C26B2CB0400302C2687CED
:10C020008B5D1178267CB17CA5BE1080680A5D33DB
:10C03000780DA5BD80057F1002C2556D0080307F50
:10C04000017C5B7CB17CA5AD1280245D337806A5B4
:10C05000BD80F080E1CA887D41AD437CB17CA5AD57
:10C06000122D1450020B047C5BAD232F01DA88A43F
:10C070002D05BE008040060B80780480982F007C40
:10C08000437C507C617C7202C23FBE24FFFF680685
:10C09000BE04FFFF780302C26312C2265CB00468CC
:10C0A000F57CB8A54868EF7CB870039F11AAA5B8C5
:10C0B000000302C26B2E008150079C80380702C229
:10C0C000689C8050ED0A51C2E74D51780302C25579
:10C0D0007E5400807E901A6C0080061B9068142F9E
:10C0E00011BF1040049F104CAB0330E7EECAA86CA0
:10C0F000AA80E8DA39DA587C4ABE5080500A1B80A0
:10C1000068BC2F1150020B7002C23F74F86CAA6E0B
:10C1100040806E0080BEB0FF68277C837C975C3BCC
:10C120005C7BBF10682AF4400D7C382D15F45C3B15
:10C13000500F0B04800B7C792D35F45C7B50020B87
:10C1400024BF10680B7CB020E7067CB420E701B365
:10C15000AA5D226809BE24FFFF68036E4080AA7EA4
:10C16000A020800C7EA01080057EA0086C556D3349
:10C170003392D5500A6E34FFFF6E24FFFF0B1CA5CF
:10C18000EC3340062F11D5F0F6AA7CBA247EA2D556
:10C19000137C767C65A5CC92E77C5BAA7CB5337C6E
:10C1A000B43392D54E5080248140039F11AA7C4520
:10C1B0007C567C676C7724E0500E7E1CFFFFAA1E25
:10C1C000341E2450034E60800478F430D50A6E3457
:10C1D000FFFF6E24FFFF0B1CAA7F507EC400017E70
:10C1E000D472C47E94C1EA02C2A44001AA7CEACA05
:10C1F00089CA5BCA6B9AFE25D3DA6BDA5BDA897E71
:10C2000094C1EA7CAE227F707F517EC400017ED44F
:10C2100072EC7E94C21902C2A44005E47A7BB0AAF3
:10C220007A7BB00B7C222D0092D50E104E10807DB3
:10C23000422D445002B2D54E50806C447CB8222C22
:10C240004450120B1C7E40005E507FBE18000078E8
:10C25000040B806816A2D57CB8137C4B7CB592E7A2
:10C260007C5BAA7E1CFFFFAA9F11AA7E24FF802070
:10C27000D5026C456D33AA540F2490D43440D43089
:10C28000F30CBEB0414007BEB05B500224204CCC42
:10C2900068021BC00B84D389944CCC680B742012A9
:10C2A000C28E80F5CA3B6D889F337CAE7E5BB00B3F
:10C2B0005C7007C37D38DA3B8994B42569C2F37E8C
:10C2C0005BB00B5CA5F824D0BEB00A501B7E500AB0
:10C2D00020F60DAC5CA52D7CCB70034EF00180DD0B
:10C2E000AC5DA52D7CDB80D524CFBEB01AA5E8506F
:10C2F000055E00DFD2F390C679A3E4936011BCB071
:10C3000078F77417934CAB30F6B34EF08080AEA341
:10C31000E4936010BCB078F77416937C3B7423935D
:10C320007C2B89147CB08013742012C28E20F205FD
:10C33000BEC00250F31B6D29B6000112C28E02C2AC
:10C34000991B6E691600020B6A00BE08000078088F
:10C350007E0400FD7E14FFFC20F21E4CCC681A7F88
:10C3600010E47E1B804C8868070B1C04BCBD78F26F
:10C37000C2F6CA0B12C478DA0B7E0BB060C0CA0BCF
:10C3800012C28EDA0B0B0C4CDD68EE1BD078EA8003
:10C39000ADD2F07E101080037E10085EB05F800A80
:10C3A000D2F67E100A80057E100AC2F66D119F112A
:10C3B0007E00201B6C7E6B7030F6021A3720F10570
:10C3C0001B6C7E6B6030F6041A261A2430F0051BB5
:10C3D0006D0B6A20A5EC3382F692F6500A7CEA9F38
:10C3E000229F217F127CAE4C44780F7C457C567C8A
:10C3F000676C772E00F878EF80122F117CB3337CB6
:10C400003B9CB140047C3B0B70A5D8EE7CB230E085
:10C4100005DAB8C44C3BCA380B207E00207E3000C1
:10C42000BE18000078C1BE1008780730F404C2F4CA
:10C4300080B5CA287CB2BCBD38027CBD12C478DA93
:10C4400028BC2D500A1BD0E4CA2812C27780F07C89
:10C45000B213DAB84004C4CAB8C4CA28BEF08040D7
:10C46000095CDD7805A5DA0260065EF07F12C2770E
:10C47000DA28A5DADA02C299BEF001680F30F402B8
:10C48000240220F50620F70330F6010420F229BC2F
:10C49000BC5025CAB87CBF13B0E67420501174306C
:10C4A0007C8A5E80F0680812C4B85EA00F80031218
:10C4B000C28EDAB8BCBC78DB30F40F743012C28E96
:10C4C000745830F302747812C28E30F605742D025F
:10C4D000C28E742B20F5F8742020F7F3221B6C7E9B
:10C4E0006BB010F1021B6C20F60B30E704F404D2A1
:10C4F000F27CCB800520E7057CDB02C2BD5EF07FCD
:10C5000080F81B6E691600020B6A0030F0076D227E
:10C510001B0A200B0D1B0A8002C2A8E46C22BE304D
:10C5200007500B7F1F2D312E34FFF77E39B0227C50
:10C53000BF20E7A8742E4EF08002C28E12C6624061
:10C540003D7CBD7003047CDB12C77B7C3D4C3368B3
:10C55000101B307CBE20E40912C51B70044C3378DC
:10C56000F07CBD7CD3BEA0FD481CBCAB5818E49C3D
:10C57000BA2CB31801E47CDB02C60312C662406E1B
:10C580007CBD0412C77B7AFBA07CAE7CBDA2F4927A
:10C59000F0C2F44002600104240512C4787E30FF2A
:10C5A0000B3012C51BCA3812C27720F0044CDD686C
:10C5B0000312C52FDA38BC3D78E6740E12C27774C8
:10C5C0002B7EFBA030F707742D6EA0FF0BA07AFB2B
:10C5D000A012C28E7EA00A7EFBB0847AFBA012C29B
:10C5E000777EFBB012C2779EF8000802C299D2F2A1
:10C5F0007ED00002C35812C66240F37CBA2CBD0440
:10C6000012C77B7AFBA07CBA7CAE30E701E4042041
:10C61000F4044CDD6805D2F0C2F4042CBD12C478D9
:10C620006C337EFBB0601B20E712147AFBB012C59E
:10C630001BCA3812C277DA380B3080E6047AFBB0B6
:10C640001B3012C51BCA3812C2774CDD680712C5F1
:10C650002F1BD080E19EF8000930F00312C52F0295
:10C66000C2997CEA7CAF10F7037ED0067CFA1B6E81
:10C67000693600020B6A2002C6C12D2B204C4248AD
:10C68000232E0053584F44494355502A4E464547A0
:10C69000000420800102001040419398A0A02DA723
:10C6A00091DD02F67B3CC3C3C3C3C3C3C3C3C4C5CC
:10C6B000C5C5C54E614E002B494E46002D494E461C
:10C6C000007D522D557CBE92E67CEB7CBA601F0447
:10C6D00070287CB5C2E77E0400FD60067E14C6B3F8
:10C6E000D3227E14C6BC40047E14C6B7D322DA0916
:10C6F0009F22CA2BCA2BC3CA09220A0A7E144D10D4
:10C70000AD109E083AF09E10267CB5C2E77EA0567A
:10C710007C9BA46E54FFFF2E54C511ACA92D15E4CB
:10C72000A539CAB8CA1B20E70B12C7EEDA1B9AFD5F
:10C73000C08A800BF40412C7EEDA1B9AFDBFEADA56
:10C74000A87CB5337CB4334E50806C4424822F11C6
:10C750001478FBDA497407BE400A40099E400ACAB1
:10C760000201140BA0CA486C442F117F012F112F16
:10C77000112F101478EFCA48CA49227F0F20E73AD8
:10C78000BEB007400274070A0B2D109E1400097EEC
:10C7900019B02EB0FB501F4C116817E47A19B01B6A
:10C7A000147E19B0047A19B0B40A0BE47A19B0A552
:10C7B000D9ED0BA074017A19B0225EE0BF223F8050
:10C7C00000004120000042C80000447A0000461CDE
:10C7D000400047C35000497424004B1896804CBE5B
:10C7E000BC205A0E1BCA6753C21C749DC5AE7C7B0D
:10C7F000600654076817232312C8147CB75438689E
:10C800000B7F1012C8119AFDBFEA7F01227CB7543A
:10C810003803241C6CAA2E54C7BE7E4400FD0B2A8C
:10C82000006912000222C2D57CB430E708B2D56E8E
:10C8300024FFFF0B247CB630E712B2D56E34FFFF25
:10C840000B348D326E24FFFF0B2480028D3230D5E5
:10C85000066E34FFFF0B34AA7D51AD037D027D21AE
:10C86000AD052D12AD352D21AA7D02AD31AD102DB6
:10C8700021AA6D0074104D00780B4D2278278D3160
:10C880007D126D22AA7D437D326D222F112D4450E1
:10C8900002A50FBF1040049F100B901478ED7F018C
:10C8A0006D227D34AA7D417D138D247D022F0040B1
:10C8B00004BD0440049D040B141478F17D237D31E4
:10C8C0007D106D00AAC2D57CB030E708B2D59F229A
:10C8D0009F207F027CB430E714B2D59F229F217F36
:10C8E000129AFDC8749F229F207F0280049AFDC87F
:10C8F0007430D5069F229F217F12AA6CAABE080021
:10C900000068201E540B5450167E1B807A0B800B3F
:10C910001C0B0C800A0B1A401B0A400B1D0B0D1B35
:10C920005478F2AA907F477AEB70907F46F0907F20
:10C93000477EEBA0907F46E0BCBA400E907F477EDA
:10C94000EBA0907F46E09CBA800C907F467EEBA0E7
:10C95000907F47E09CBA22907F48F0E4907F49F0B6
:10C96000907F48E030E00B907F497EEBA074012C73
:10C97000BAF0907F48E030E10B907F497EEBA074E5
:10C98000012CBAF0907F48E030E20B907F497EEBBB
:10C99000A074012CBAF0907F49E022907F4A1BEAF4
:10C9A000306D22907F4A0BEA30BD32580E907F4A9C
:10C9B0000BEA306E34FFFF0B348006907F4A0BEA9F
:10C9C0003022907EB71BEA00791E0002907EB76984
:10C9D0003E00020BEA204D236812907EB7693E00AC
:10C9E000020BEA207E1BB0BEB0007803E4805390B7
:10C9F0007EB7693E00020BEA200B357E1B60907EFD
:10CA0000B7691E00020BEA000B147E0B70BC765057
:10CA10002C907EB7693E00020BEA200B357E1BA0EE
:10CA200074BCBCAB5017907EB7693E00020BEA2085
:10CA30002E3400037E1BA07478BCAB4003E480025C
:10CA400074012290770E1BEA20793E000290770A4B
:10CA50001BEA00791E000290770A691E00020BEAA9
:10CA60000012C9C2BEB0007804E402CBE190770A9C
:10CA7000693E00020BEA202E3400037E1BA07406E0
:10CA80002CBA907716F09077167EEBA0746EBCAB44
:10CA90002806746E907716F090664B7EEBA0907728
:10CAA00016E0BCBA280E9065D27EEBA0907716E017
:10CAB000BCBA3804E402CBE1907716E00A2B7E344E
:10CAC00065592D327A71827A6183E0BEB0006818B0
:10CAD000907716E00A2B7E3464DF2D327A71827AE9
:10CAE0006183E0BEB0BB7804E402CBE1907716E04E
:10CAF0000A2B7E3465592D327A71827A6183E00A7D
:10CB00002B7E3400082D329077171BEA3090771671
:10CB1000E00A2B7E3464DF2D327A71827A6183E001
:10CB20000A3B7E2400089D329077191BEA309077EB
:10CB3000190BEA209077170BEA30BD325836907700
:10CB40000A693E00020BEA200B347E1B700A279014
:10CB500077170BEA30BD23481B90770A693E000225
:10CB60000BEA200B357E1B700A279077190BEA30F1
:10CB7000BD230803E4806A90770E693E00020BEA49
:10CB8000204D23682690770A693E00020BEA200BAD
:10CB9000347E1B700A179077170BEA009D10907770
:10CBA0000E693E00020BEA201B1A10907712693EB4
:10CBB00000020BEA204D23682690770A693E0002A6
:10CBC0000BEA200B357E1B700A079077190BEA10D1
:10CBD0009D10907712693E00020BEA201B1A107418
:10CBE0000122907F66F0A2AF9212C3C2AF907F661F
:10CBF000E01A3B9AFE22547E3400019AFE21EE7E1A
:10CC00003400017E2400A59AFDD3016D3390771B7B
:10CC10001BEA30E4907725F0E4907724F0907F666B
:10CC2000E090771FF0E4907721F0E4907726F0E42D
:10CC3000907723F07403907727F07401907720F0B9
:10CC4000A21292AF22A2AF9213C3C2AF6D339AFE6B
:10CC500022546D339AFE21EE6D336D229AFDD3017D
:10CC6000E4907720F06D3390771B1BEA30E49077E7
:10CC700025F0E4907724F0E490771FF0E49077219A
:10CC8000F0E4907723F07403907727F0E490771E18
:10CC9000F0E4907722F0E4907726F0E4907728F0A3
:10CCA000E490771DF0E490772AF0E4907729F0A2E1
:10CCB0001392AFAA90784F1BEA00791E0002E4900D
:10CCC0007856F06D339078571BEA306D3390785971
:10CCD0001BEA3090784F691E00020BEA0012C9C2AD
:10CCE000907854F0907854E0907728F0907854E061
:10CCF000BEB000686590784F693E00020BEA200BD9
:10CD0000347E1BB090771DF090784F693E00020B87
:10CD1000EA200B357E1BB090772AF090784F693E61
:10CD200000020BEA202E3400037E1BB0907729F01E
:10CD300090784F693E00020BEA200B357E1B700A8B
:10CD40004790784F693E00020BEA200B347E1B703F
:10CD50000A572D541E54907856F0907720E0907822
:10CD600053F0907853E0BEB0027855907854E0BE0E
:10CD7000B0006807E4907726F080179077267EEB66
:10CD8000A07402BCAB500B9077267EEBA074012CF4
:10CD9000BAF0907724E0BEB000780302CF499077D4
:10CDA000267EEBA07402BCAB500302CF49E490771F
:10CDB00023F07403907727F0E4907720F002CF49B6
:10CDC000907853E0BEB001780302CF49907854E0E8
:10CDD000BEB000681C90784F693E00020BEA202E1E
:10CDE0003400037E1BA0745ABCAB5005E490785409
:10CDF000F0906B2EE0BEB000680EE4907723F074E4
:10CE000003907727F002CF49907854E0BEB00078C5
:10CE10002D9077237EEBA03EA074075CBA90772319
:10CE2000F09077277EEBA07403BCAB400302CF49A0
:10CE30009077277EEBA074012CBAF002CF4990774F
:10CE400023E0BEB00068489077277EEBA07403BC57
:10CE5000AB503C907856E090771E7EEB7012C92460
:10CE60007CAB740CBCAB382290784F693E00020B4F
:10CE7000EA202E3400037E1BB09077227EEB7012E6
:10CE8000C9247CAB740CBCAB2805E4907723F090EC
:10CE90007723E03EB07EA0014CAB74075CBA90777C
:10CEA00023F0907856E090771EF090784F693E001E
:10CEB000020BEA202E3400037E1BB0907722F0E4B0
:10CEC000907727F0907723E012C9577CAB7402BCAF
:10CED000AB40767E3478597E240001907712793EFB
:10CEE00000021BEA2090784F691E00020BEA007EC8
:10CEF0003478577E24000112CA43907855F0907818
:10CF000055E0BEB000681C9078570BEA2090785925
:10CF10000BEA30BD32400474E28002741E90785BEC
:10CF2000F080169078567EEBA0745EBCAB3804742B
:10CF3000E28002741E90785BF09AFDD36FBEB00061
:10CF4000780790785BE012CBE2AA907AA11BEA20E6
:10CF5000907A9F1BEA30907720E0BEB00078030201
:10CF6000D0D99AFDD36FBEB000682A907720E0BE7A
:10CF7000B0016818907720E0BEB002680302D0D9F3
:10CF8000907724E0BEB000680302D0D97401907796
:10CF900021F002D0D9907721E0BEB000682C9077C4
:10CFA00020E0BEB0016812907720E0BEB002781594
:10CFB000907724E0BEB000780C7E3400017E24001F
:10CFC000A59AFDD301E4907721F0907720E0BEB0E0
:10CFD00001680302D090907A9F0BEA3012C99B90AF
:10CFE0007AA31BEA30907AA10BEA3012C99B907A9F
:10CFF000A51BEA30907AA50BEA207E3400015D3251
:10D00000907AA30BEA107E2400015D212D231E24BB
:10D01000907AA50BEA101E14907AA30BEA301E3406
:10D020002D312D32907AA71BEA3090771B0BEA3016
:10D030007E2419649D23907AA70BEA30BD32400C00
:10D040007E34196490771B1BEA308014907AA70B0A
:10D05000EA2090771B0BEA302D3290771B1BEA30C9
:10D0600090771B0BEA207E341964BD23406B6D332F
:10D070009AFE2254E490771FF0E4907725F0E49034
:10D080007724F0E4907726F07402907720F08049BE
:10D09000907720E0BEB0027840907724E0BEB000E8
:10D0A00078379077257EEBA0740ABCAB500B907755
:10D0B000257EEBA074012CBAF09077257EEBA0744E
:10D0C0000ABCAB40146D339AFE21EE6D336D229A8B
:10D0D000FDD3017401907724F0AA907720E0BEB0D0
:10D0E0000068047401801A906B2EE0BEB0006803E3
:10D0F000E4800E907723E0BEB000680474018001E4
:10D10000E4AA90724F1BEA20793E000290724B1BFA
:10D11000EA00791E0002A2AF9214C3C2AF90772832
:10D12000E090726BF090771DE090726CF090772A2F
:10D13000E090726DF0907729E090726EF090772019
:10D14000E090726FF0907723E0BEB0006804740145
:10D150008001E4907270F090771FE0907271F0900F
:10D16000771B0BEA309072721BEA30A21492AF90D8
:10D17000724B693E00020BEA204D23681190726BDE
:10D18000E090724B693E00020BEA207A1BB090726D
:10D190004F693E00020BEA204D23681190726CE04B
:10D1A00090724F693E00020BEA207A1BB0907253D6
:10D1B000693E00020BEA204D23681190726DE090E9
:10D1C0007253693E00020BEA207A1BB090725769D5
:10D1D0003E00020BEA204D23681190726EE09072BF
:10D1E00057693E00020BEA207A1BB090725B693EE1
:10D1F00000020BEA204D23681190726FE090725B81
:10D20000693E00020BEA207A1BB090725F693E0013
:10D21000020BEA204D236811907270E090725F69F2
:10D220003E00020BEA207A1BB0907263693E000256
:10D230000BEA204D236811907271E0907263693E91
:10D2400000020BEA207A1BB0907267693E00020B65
:10D25000EA204D2368139072720BEA10907267698E
:10D260003E00020BEA201B1A10AA907F2C1BEA300A
:10D27000907F2C0BEA207E3400A5BD2358067E3417
:10D2800000A5801A907F2C0BEA207E3402BCBD23BF
:10D2900008067E3402BC8006907F2C0BEA30229078
:10D2A0007BE41BEA20793E0002907BE01BEA0079D8
:10D2B0001E0002A2AF9206C3C2AF907BE0693E009F
:10D2C000020BEA204D23681390755E0BEA10907BE9
:10D2D000E0693E00020BEA201B1A10907BE4693ED5
:10D2E00000020BEA204D2368139075680BEA10903A
:10D2F0007BE4693E00020BEA201B1A10A20692AFE3
:10D3000022907E811BEA20907E7F1BEA30907E7FF8
:10D310000BEA207E340002BD2378069AFDD3748088
:10D320004D907E7F0BEA207E340001BD2368086D9E
:10D3300033907E7F1BEA30907E810BEA3012D26AF6
:10D34000907E811BEA30A2AF9207C3C2AF907E816C
:10D350000BEA309075681BEA30907E7F0BEA3090C4
:10D36000755E1BEA30E490755DF0A20792AFAA905B
:10D37000755DE0AAA2AF9208C3C2AF7E34000290EE
:10D38000755E1BEA30740190755DF06D3390756EBB
:10D390001BEA306D339075701BEA306D33907572F7
:10D3A0001BEA306D339075641BEA306D3390756CF9
:10D3B0001BEA307E146C8D7E0400019AFDF0947E91
:10D3C000146CB17E0400019AFDF0947E3462606DAD
:10D3D000229AFDD7817E346A616D229AFDD781A29F
:10D3E0000892AFAA907E851BEA20907E831BEA30CC
:10D3F000907E830BEA3012D26A907E831BEA3090D3
:10D400007E850BEA3012D26A907E851BEA30907ED0
:10D41000850BEA20907E830BEA30BD32080C907EAB
:10D42000850BEA30907E831BEA30A2AF9209C3C21B
:10D43000AF907E830BEA309075661BEA30907E8554
:10D440000BEA3090756A1BEA30A20992AFAA907B72
:10D45000EC1BEA20793E0002907BE81BEA00791E73
:10D460000002907BE8693E00020BEA204D23683FF2
:10D47000907BEC693E00020BEA204D236831A2AF9D
:10D48000920AC3C2AF9075660BEA10907BE8693EC2
:10D4900000020BEA201B1A1090756A0BEA10907BB1
:10D4A000EC693E00020BEA201B1A10A20A92AFAAF6
:10D4B000907F2E1BEA30907F2E0BEA207E341D4C8D
:10D4C000BD2308067E341D4C801A907F2E0BEA2067
:10D4D0007E34E2B4BD2358067E34E2B48006907FE9
:10D4E0002E0BEA3022907E891BEA20907E871BEA71
:10D4F00030907E890BEA20907E870BEA30BD32089F
:10D5000008907E890BEA30801A907E870BEA207E95
:10D510003400A5BD2358067E3400A58006907E8782
:10D520000BEA302290765B1BEA209076571BEA00CC
:10D53000791E00029076551BEA30907657693E00BE
:10D54000020BEA2090765D793E00021BEA206D22F4
:10D550009076550BEA30BD32081E90765D693E002C
:10D56000020BEA20BE1809C4580E7E1809C4907632
:10D570005D793E00021BEA2090765D693E00020B59
:10D58000EA20BE181D4C08107E181D4C90765D795F
:10D590003E00021BEA20801E90765D693E00020B71
:10D5A000EA20BE1CE2B4580E7E1CE2B490765D798F
:10D5B0003E00021BEA2090765B0BEA101A021A006A
:10D5C0007E1800FA2F10907661793E00021BEA2047
:10D5D00090765B0BEA301A261A247E0801909F1081
:10D5E000907665793E00021BEA20907661691E0004
:10D5F000020BEA0090765D693E00020BEA20BF1044
:10D600000816907661693E00020BEA2090765D79FB
:10D610003E00021BEA20802C907665691E00020BFA
:10D62000EA0090765D693E00020BEA20BF105814B4
:10D63000907665693E00020BEA2090765D793E00A7
:10D64000021BEA2090765D693E00020BEA2012D4AC
:10D65000B0226D337E2402707E140A729AFD72BD70
:10D660007E3400027E2442507E144A529AFD72BDDE
:10D67000AA9F119076A7793E00021BEA207E3462B1
:10D68000607E0842689AFCFA4F9F119076A7793E17
:10D6900000021BEA207E346A617E0842689AFCFA26
:10D6A0004F7E3400627E240001E47E1400109AFD57
:10D6B00029C77E3400637E240001E47E1400109AA2
:10D6C000FD29C7AA7E3462607E2409C49AFDD781F1
:10D6D0007E1403E8907DF3693E00020BEA209AFD78
:10D6E000C8727E1403E89AFDC8699AFE301A7E3427
:10D6F00062607E24F63C9AFDD7817E1403E8907D1B
:10D70000F3693E00020BEA209AFDC8727E1403E81A
:10D710009AFDC8699AFE301A7E3462606D229AFDC5
:10D72000D7817E346A617E2409C49AFDD7817E1434
:10D7300003E8907DF3693E00020BEA209AFDC8726F
:10D740007E1403E89AFDC8699AFE301A7E346A6135
:10D750007E24F63C9AFDD7817E1403E8907DF36920
:10D760003E00020BEA209AFDC8727E1403E89AFD7F
:10D77000C8699AFE301A7E346A616D229AFDD7819B
:10D78000AA907E8D1BEA20907E8B1BEA30907E8DC6
:10D790000BEA3012D4B0907E8D1BEA30907E8B0B5A
:10D7A000EA207E346260BD23784B6D22907E8D0B23
:10D7B000EA30BD32481E7E34006274019AFD262193
:10D7C0007E346260907E8D0BEA101A021A009AFC79
:10D7D000F871806A7E340062E49AFD26217E34620C
:10D7E00060907E8D0BEA206D119D121A021A009A2C
:10D7F000FCF87180496D22907E8D0BEA30BD324875
:10D800001E7E34006374019AFD26217E346A619085
:10D810007E8D0BEA101A021A009AFCF871801F7EA6
:10D82000340063E49AFD26217E346A61907E8D0B7C
:10D83000EA206D119D121A021A009AFCF871AA7E54
:10D840003400029AFD65829075601BEA307E3400D8
:10D85000029AFD69616D339AFD65826E34FFFF0B9C
:10D86000349075621BEA306D339AFD6961AA906C41
:10D870008B0BEA207E340352BD23281E906C8B0B49
:10D88000EA307E2403529D329074DF1BEA307E34EE
:10D8900000BE9074E11BEA30801C906C8B0BEA2078
:10D8A0007E3403529D329074DF1BEA307E3400A038
:10D8B0009074E11BEA309074E10BEA207E3400AFF3
:10D8C000BD23280A7E3400AF9074E11BEA309074C7
:10D8D000E10BEA209074DF0BEA30BD32280C907423
:10D8E000E10BEA309074DF1BEA307E1474EB7E04A7
:10D8F00000017E3474ED7E2400019AFDD44E7E1426
:10D9000074F77E0400017E3474F57E24000112D287
:10D910009F9074F70BEA207E340001BD23781C90A1
:10D9200074ED0BEA209074F50BEA30BD32580C9080
:10D9300074F50BEA309074ED1BEA309074ED0BEA4D
:10D94000207E3400A5BD23580C7E3400A59074EDD4
:10D950001BEA3080189074ED0BEA207E3402BCBDC7
:10D9600023080A7E3402BC9074ED1BEA309074EBFD
:10D970000BEA207E3400A5BD23580C7E3400A59010
:10D9800074EB1BEA30801C9074ED0BEA209074EB72
:10D990000BEA30BD32080C9074ED0BEA309074EB5A
:10D9A0001BEA309074DF0BEA209074DF0BEA30AD95
:10D9B000329074E3793E00021BEA209074E10BEA96
:10D9C000209074E10BEA30AD329074E7793E0002AA
:10D9D0001BEA209074EB0BEA209074ED0BEA309D6B
:10D9E000321A261A249074E3691E00020BEA009A88
:10D9F000FDC8589074E7691E00020BEA009AFDC842
:10DA0000747D239074ED0BEA309D3290756E1BEAA5
:10DA1000309074DF0BEA306D222F112F112F1190EF
:10DA200074E10BEA109AFDC8729074EF1BEA309013
:10DA3000756E0BEA309074F11BEA3090756E0BEA4C
:10DA4000309074F31BEA30906C8B0BEA207E340329
:10DA500052BD2328249074EF0BEA209074F10BEA56
:10DA6000302D321BEA309074EF0BEA209074F30BE8
:10DA7000EA309D321BEA308030906C8B0BEA207EBE
:10DA8000340352BD2350229074EF0BEA209074F1BE
:10DA90000BEA309D321BEA309074EF0BEA20907451
:10DAA000F30BEA302D321BEA309074F10BEA309020
:10DAB00074ED0BEA2012D4E59075701BEA30907477
:10DAC000F30BEA309074ED0BEA2012D4E5907572F6
:10DAD0001BEA30AA7E147F307E0400019F1112D20F
:10DAE0009F907F300BEA207E340002BD2378079A96
:10DAF000FDD37402DBAC9AFDD86E7E146C8D7E046F
:10DB000000019075700BEA309075600BEA209AFD69
:10DB1000EB467E146CB17E0400019075720BEA3006
:10DB20009075620BEA209AFDEB469075700BEA3017
:10DB3000906CAD691E00020BEA009075640BEA2040
:10DB400012D5249075641BEA309075720BEA309000
:10DB50006CD1691E00020BEA0090756C0BEA201272
:10DB6000D52490756C1BEA309075640BEA301A2648
:10DB70001A24906CAD793E00021BEA2090756C0B64
:10DB8000EA301A261A24906CD1793E00021BEA2052
:10DB90007E3462609075640BEA209AFDD7817E34F2
:10DBA0006A6190756C0BEA209AFDD781AA90772D57
:10DBB0001BEA00791E000290772B1BEA30E4907775
:10DBC00035F06D339077361BEA306D339077381B24
:10DBD000EA3090772B0BEA307E2400029AFE329CCA
:10DBE0007E144A3C7E0400FE7E3400409AFE25E40A
:10DBF0007E14FF017E0400FE90772D693E00020B2B
:10DC0000EA20BF10380302DD3E7E14000C90772D11
:10DC1000693E00020BEA209AFDC872793E00021BA1
:10DC2000EA2090772B0BEA50BE54000E400302DE30
:10DC3000517EA003A490DC397302DC6302DC69022C
:10DC4000DC6F02DC7502DC7B02DC8102DC9602DC2C
:10DC5000AB02DCC002DCD502DCEA02DCFF02DD1430
:10DC600002DD29538E7F02DE51538EBF02DE5153F7
:10DC70008EFB02DE5153DDFD02DE5153DDDF02DE9D
:10DC80005174FD7E14FBB37E04007E7E0B705C7BC2
:10DC90007A0B7002DE5174DF7E14FBB37E04007ECB
:10DCA0007E0B705C7B7A0B7002DE5174FD7E14FB80
:10DCB000BB7E04007E7E0B705C7B7A0B7002DE51B3
:10DCC00074DF7E14FBBB7E04007E7E0B705C7B7A6F
:10DCD0000B7002DE5174FD7E14FBC37E04007E7E59
:10DCE0000B705C7B7A0B7002DE5174DF7E14FBC319
:10DCF0007E04007E7E0B705C7B7A0B7002DE5174BA
:10DD0000EF7E14FE787E04007E7E0B705C7B7A0BC7
:10DD10007002DE5174FD7E14FBCB7E04007E7E0B10
:10DD2000705C7B7A0B7002DE5174DF7E14FBCB7E5D
:10DD300004007E7E0B705C7B7A0B7002DE51907764
:10DD40002B0BEA50BE54000E400302DE517EA003AE
:10DD5000A490DD557302DD7F02DD8502DD8B02DDDF
:10DD60009102DD9702DD9D02DDB202DDC702DDDB3F
:10DD700002DDEF02DE0302DE1702DE2B02DE3F438E
:10DD80008E8002DE51438E4002DE51438E0402DE5D
:10DD90005143DD0202DE5143DD2002DE5174027E7A
:10DDA00014FBB37E04007E7E0B704C7B7A0B7002FA
:10DDB000DE5174207E14FBB37E04007E7E0B704C1B
:10DDC0007B7A0B7002DE5174027E14FBBB7E040072
:10DDD0007E7E0B704C7B7A0B70807674207E14FBF9
:10DDE000BB7E04007E7E0B704C7B7A0B708062746D
:10DDF000027E14FBC37E04007E7E0B704C7B7A0B8C
:10DE000070804E74207E14FBC37E04007E7E0B70F7
:10DE10004C7B7A0B70803A74107E14FE787E04007E
:10DE20007E7E0B704C7B7A0B70802674027E14FB16
:10DE3000CB7E04007E7E0B704C7B7A0B708012745C
:10DE4000207E14FBCB7E04007E7E0B704C7B7A0B15
:10DE50007090772D693E00020BEA207CB5907735F3
:10DE6000F0907735E00A3B6D227E0800012F01908B
:10DE7000772D693E00020BEA209AFDC87490773630
:10DE80001BEA309077360BEA306E34FFFF0B34908C
:10DE900077381BEA3090772B0BEA50BE54000E40C7
:10DEA0000302E2E17EA003A490DEAC7302DED602A0
:10DEB000DF0502DF3402DF6002DF8C02DFBB02E03D
:10DEC0001702E07302E0CF02E12B02E18702E1E3F7
:10DED00002E22D02E288907735E07E34FEA07E24B7
:10DEE000007E7A1BB05389F09077380BEA50F58AA0
:10DEF0009077380BEA307D530A5AF58CD3D28CD305
:10DF0000D2A902E2E1907735E07E34FEA17E2400C2
:10DF10007E7A1BB053890F9077380BEA50F58B90BF
:10DF200077380BEA307D530A5AF58DD3D28ED3D28F
:10DF3000AB02E2E1907735E07E34FEA27E24007EE3
:10DF40007A1BB09077380BEA50F5D79077380BEA08
:10DF5000307D530A5AF5D6438E1043AF0402E2E1F6
:10DF6000907735E07E34FEA37E24007E7A1BB0904D
:10DF700077380BEA50F5D59077380BEA307D530AA5
:10DF80005AF5D443DD0843AF2002E2E1907735E053
:10DF90007E34FEA47E24007E7A1BB09077380BEA94
:10DFA00050F5D39077380BEA307D530A5AF5D243B7
:10DFB000DD9053DDFB43AF4002E2E1907735E07E38
:10DFC00034FBB07E24007E7A1BB09077380BEA10C9
:10DFD0007E34FBB77E24007E7A1B309077380BEAC4
:10DFE000307D130A127E34FBB67E24007E7A1B300D
:10DFF00074087E14FBB37E04007E7E0B704C7B7A2B
:10E000000B7074017E14FBB27E04007E7E0B704C9C
:10E010007B7A0B7002E2E1907735E07E34FBB17ED3
:10E0200024007E7A1BB09077380BEA107E34FBB563
:10E030007E24007E7A1B309077380BEA307D130AFD
:10E04000127E34FBB47E24007E7A1B3074807E14F2
:10E05000FBB37E04007E7E0B704C7B7A0B707410D9
:10E060007E14FBB27E04007E7E0B704C7B7A0B70BC
:10E0700002E2E1907735E07E34FBB87E24007E7AC0
:10E080001BB09077380BEA107E34FBBF7E24007EF5
:10E090007A1B309077380BEA307D130A127E34FBFE
:10E0A000BE7E24007E7A1B3074087E14FBBB7E0487
:10E0B000007E7E0B704C7B7A0B7074017E14FBBA71
:10E0C0007E04007E7E0B704C7B7A0B7002E2E19046
:10E0D0007735E07E34FBB97E24007E7A1BB09077E2
:10E0E000380BEA107E34FBBD7E24007E7A1B309014
:10E0F00077380BEA307D130A127E34FBBC7E240095
:10E100007E7A1B3074807E14FBBB7E04007E7E0B07
:10E11000704C7B7A0B7074107E14FBBA7E04007E08
:10E120007E0B704C7B7A0B7002E2E1907735E07EDB
:10E1300034FBC07E24007E7A1BB09077380BEA1047
:10E140007E34FBC77E24007E7A1B309077380BEA42
:10E15000307D130A127E34FBC67E24007E7A1B308B
:10E1600074087E14FBC37E04007E7E0B704C7B7AA9
:10E170000B7074017E14FBC27E04007E7E0B704C1B
:10E180007B7A0B7002E2E1907735E07E34FBC17E52
:10E1900024007E7A1BB09077380BEA107E34FBC5E2
:10E1A0007E24007E7A1B309077380BEA307D130A8C
:10E1B000127E34FBC47E24007E7A1B3074807E1471
:10E1C000FBC37E04007E7E0B704C7B7A0B70741058
:10E1D0007E14FBC27E04007E7E0B704C7B7A0B703B
:10E1E00002E2E1907735E07E34FE797E24007E7A8B
:10E1F0001BB09077380BEA107E34FE7B7E24007EC5
:10E200007A1B309077380BEA307D130A127E34FE89
:10E210007A7E24007E7A1B3074827E14FE787E041F
:10E22000007E7E0B704C7B7A0B7002E2E1907735BA
:10E23000E07E34FBC87E24007E7A1BB09077380BDA
:10E24000EA107E34FBCF7E24007E7A1B3090773834
:10E250000BEA307D130A127E34FBCE7E24007E7AD8
:10E260001B3074087E14FBCB7E04007E7E0B704C4A
:10E270007B7A0B7074017E14FBCA7E04007E7E0BD9
:10E28000704C7B7A0B708059907735E07E34FBC9F7
:10E290007E24007E7A1BB09077380BEA107E34FB28
:10E2A000CD7E24007E7A1B309077380BEA307D13C8
:10E2B0000A127E34FBCC7E24007E7A1B3074807E72
:10E2C00014FBCB7E04007E7E0B704C7B7A0B70744B
:10E2D000107E14FBCA7E04007E7E0B704C7B7A0B92
:10E2E00070907731691E00020BEA0090772B0BEAE1
:10E2F000203E243E247E34701F2D327A71827A6152
:10E3000083791E00021BEA00AA9076B4E0BEB00D2D
:10E3100050717EA003A490E31A7302E34102E34725
:10E3200002E38302E34D02E38302E35302E3590273
:10E33000E35F02E36502E36B02E37102E37702E36A
:10E340007D9AFDE38880409AFDE54D803A9AFDE68E
:10E350002C80349AFDE701802E9AFDE77280289A7E
:10E36000FDE86C80229AFDE871801C9AFDE8FA8035
:10E37000169AFDE9C480109AFDEA1D800A9AFDEA0A
:10E380005880049AFE0866AA9076B37EEBA074804B
:10E390005CBABEB08078209076B6E0BEB000781748
:10E3A0009076B5E0BEB000780E9076B90BEA207E8C
:10E3B000340002BD2368079AFE086602E54C907699
:10E3C000B37EEBA0740F5CBA14684514780302E4C2
:10E3D000510BB1680302E5429076B8E0BEB0007818
:10E3E000099076B7E0BEB00068079AFE086602E5BD
:10E3F0004C7E340A3E7E2400FF9076BF793E0002B8
:10E400001BEA207E3400029076BD1BEA3002E5480C
:10E410009076BBE0BEB00478129076B8E0BEB00053
:10E4200078099076B7E0BEB00068079AFE086602E9
:10E43000E54C7E340A3E7E2400FF9076BF793E0094
:10E44000021BEA207E3400029076BD1BEA3002E512
:10E45000489076BBE0BEB00478099076B8E0BEB0D4
:10E460000068079AFE086602E54C9076B77EEBA03E
:10E47000740F5CBA907F5FF09076B7E01468642404
:10E480007F680604680302E53C907F5FE07E34000D
:10E490000160053E341478FB9076C3E00A2B5D23BF
:10E4A0006D33BD23681F7E340A407E2400FF9076C2
:10E4B000BF793E00021BEA207E3400029076BD1B2D
:10E4C000EA3002E5487E340A3E7E2400FF9076BFA3
:10E4D000793E00021BEA207E3400029076BD1BEAE2
:10E4E000308065907F5FE07E34000160053E34142B
:10E4F00078FB9076C4E00A2B5D236D33BD23681E44
:10E500007E340A407E2400FF9076BF793E00021BD5
:10E51000EA207E3400029076BD1BEA30802A7E34E9
:10E520000A3E7E2400FF9076BF793E00021BEA205F
:10E530007E3400029076BD1BEA30800C9AFE08669D
:10E54000800A9AFE086680049AFE0876AA9076BB36
:10E55000E0BEB00478309076B3E0BEB00278279089
:10E5600076B8E0BEB000781E9076B6E0BEB0007817
:10E57000159076B5E0BEB000780C6D229076B90BA0
:10E58000EA30BD3268079AFE086602E62B9076B73D
:10E590007EEBA0740F5CBA907F60F09076B7E014C9
:10E5A0006843247F6803047878907F60E07E3400BD
:10E5B0000160053E341478FB7CB77CAB6EA0FF9005
:10E5C00076C3E05CBAF0740E907F607EEB709AFECA
:10E5D00005F474117E70409AFE05F4740E6C779AFF
:10E5E000FE05F48042907F60E07E34000160053ECD
:10E5F000341478FB7CB77CAB6EA0FF9076C4E05CF3
:10E60000BAF0740E907F607EEB709AFE05F474147D
:10E610007E70809AFE05F4740E6C779AFE05F48085
:10E62000069AFE086680049AFE089AAA9076BBE0D5
:10E63000BEB00478309076B3E0BEB0027827907612
:10E64000B8E0BEB000781E9076B6E0BEB000781597
:10E650009076B5E0BEB000780C6D229076B90BEAEA
:10E6600030BD3268079AFE086602E7009076B77EF2
:10E67000EBA0740F5CBA907F61F09076B7E01468FD
:10E680003E247F680304786E907F61E07E34000151
:10E6900060053E341478FB7CA79076C3E04CBAF05A
:10E6A000740E907F617EEB709AFE05F474117E709B
:10E6B000109AFE05F4740E6C779AFE05F4803D9076
:10E6C0007F61E07E34000160053E341478FB7CA756
:10E6D0009076C4E04CBAF0740E907F617EEB709A35
:10E6E000FE05F474147E70209AFE05F4740E6C77A7
:10E6F0009AFE05F480069AFE086680049AFE089A3F
:10E70000AA9076B3E0BEB00078339076B8E0BEB0A1
:10E7100000782A9076B7E0BEB00078219076B6E017
:10E72000BEB00078189076B57EEBA07480BCAB507C
:10E730000C6D229076B90BEA30BD3268069AFE085D
:10E7400066802E9076B5E0907F62F0E4907F627EE6
:10E75000EB709AFE05F4907F62E0BEB0006808742A
:10E76000039076BBF0800674029076BBF09AFE08A8
:10E770009AAA9076B37EEBA074805CBABEB0806833
:10E78000079AFE086602E86B9076B6E01BB168292E
:10E790001468440BB1680302E8457E3409E97E241D
:10E7A00000FF9076BF793E00021BEA207E34001203
:10E7B0009076BD1BEA3002E84B7E3409FB7E2400D4
:10E7C000FF9076BF793E00021BEA207E3400439022
:10E7D00076BD1BEA3080749076B5E0146825146825
:10E7E000400BB1785A7E3409E57E2400FF9076BF55
:10E7F000793E00021BEA207E3400049076BD1BEABD
:10E800003080487E340A427E2400FF9076BF793EF5
:10E8100000021BEA207E3400089076BD1BEA30809F
:10E820002A7E3409C77E2400FF9076BF793E00021D
:10E830001BEA207E34001E9076BD1BEA30800C9AC5
:10E84000FE086680269AFE086680209076B90BEA5C
:10E85000209076BD0BEA30BD32280C9076B90BEAD9
:10E86000309076BD1BEA309AFE0876AA9AFE0866BA
:10E87000AA9076B3E0BEB08078329076B6E0BEB0B3
:10E880000078299076B5E0BEB00078209076B8E0A8
:10E89000BEB00078179076B7E0BEB000780E9076E4
:10E8A000B90BEA207E340001BD2368069AFE086693
:10E8B00080479076BBE0BEB004781E7E340A407E6E
:10E8C0002400FF9076BF793E00021BEA207E3400D0
:10E8D000019076BD1BEA30801C7E340A3E7E240007
:10E8E000FF9076BF793E00021BEA207E3400019043
:10E8F00076BD1BEA309AFE0876AA9076BBE0BEB0E1
:10E900000268309076B3E0BEB00078279076B6E02B
:10E91000BEB000781E9076B8E0BEB0007815907654
:10E92000B7E0BEB000780C6D229076B90BEA30BD2E
:10E930003268079AFE086602E9C39076B5E0BEB079
:10E9400001786A74049076BBF0E49076C3F0E490AA
:10E9500076C4F0740E7E70019AFE05F474127E7017
:10E96000209AFE05F474107E70089AFE05F4740E69
:10E970007E70029AFE05F474127E70209AFE05F4F1
:10E9800074107E70089AFE05F4740E7E70019AFE73
:10E9900005F474126C779AFE05F474137E70089A6D
:10E9A000FE05F4740E6C779AFE05F48012740390E1
:10E9B00076BBF074FF9076C3F074FF9076C4F09A43
:10E9C000FE089AAA9076BBE0BEB00478299076B390
:10E9D000E0BEB08178209076B6E0BEB000781790A7
:10E9E00076B8E0BEB000780E9076B90BEA207E349F
:10E9F0000001BD2368069AFE086680207E340A3E28
:10EA00007E2400FF9076BF793E00021BEA207E3410
:10EA100000019076BD1BEA309AFE0876AA9076BB7C
:10EA2000E0BEB00478279076B3E0BEB001781E90C7
:10EA300076B6E0BEB00078159076B8E0BEB000784B
:10EA40000C6D229076B90BEA30BD3268069AFE084A
:10EA50006680049AFE089AAA9AFE0866AA907F32F7
:10EA60001BEA306D22907F320BEA30BD32580E9097
:10EA70007F320BEA306E34FFFF0B348006907F321A
:10EA80000BEA3022907E8F1BEA20793E0002907EB6
:10EA90008F693E00020BEA20BE180000481A907EE3
:10EAA0008F693E00020BEA20740A1E340E245003C4
:10EAB0004E60801478F4802C907E8F693E00020BAB
:10EAC000EA206E34FFFF6E24FFFF0B1C740A1E3415
:10EAD0001E2450034E60801478F46E34FFFF6E24C1
:10EAE000FFFF0B1C22907BF61BEA00907BF41BEAD5
:10EAF00010907BF01BEA20793E0002907BF60BEA37
:10EB0000101A021A00907BF0693E00020BEA20BF47
:10EB1000100808907BF60BEA30802A907BF40BEA11
:10EB2000101A021A00907BF0693E00020BEA20BF27
:10EB3000105808907BF40BEA30800A907BF0693E15
:10EB400000020BEA20AA9076CB1BEA209076C91B24
:10EB5000EA309076C51BEA00791E00029076CB0B56
:10EB6000EA209076C90BEA309D329076CD1BEA30D0
:10EB70009076C5693E00020BEA202E3400180B1A6D
:10EB8000209076CD0BEA309D329076CF1BEA309004
:10EB900076C5693E00020BEA202E3400180B1A30AD
:10EBA0003E349076CD0BEA209D239076C5691E00F9
:10EBB000020BEA002E14001A0B0A302D329076D187
:10EBC0001BEA309076C5691E00020BEA000B16693D
:10EBD0003000020B0A209076CD0BEA101A021A00C0
:10EBE0009AFDC8587F719076C5691E00020BEA0035
:10EBF000693000020B0A209076CF0BEA101A021A35
:10EC0000009AFDC8582F719076C5691E00020BEA64
:10EC1000002E140008693000020B0A209076D10BF8
:10EC2000EA101A021A009AFDC8582F17740A1E34E7
:10EC30000E2450034E60801478F49076D3793E0011
:10EC4000021BEA209076D3695E00020BEA409076C0
:10EC5000C5691E00020BEA002E1400206930000274
:10EC60000B0A202F12793000021B0A209076C5690A
:10EC70001E00020BEA002E140020693000020B0A6D
:10EC800020BE181D4C08197E081D4C9076C5693EA3
:10EC900000020BEA202E340020791100021B1A001A
:10ECA0009076C5691E00020BEA002E140020693020
:10ECB00000020B0A20BE1CE2B458197E0CE2B4908C
:10ECC00076C5693E00020BEA202E3400207911003F
:10ECD000021B1A009076C5693E00020BEA202E3412
:10ECE00000180B1A109076C5693E00020BEA202E20
:10ECF00034001A1B1A109076CD0BEA109076C56975
:10ED00003E00020BEA202E3400181B1A10AA907441
:10ED1000FD1BEA309074F91BEA00791E0002745062
:10ED20009074FFF09074FF7EEBA07478BCAB40064B
:10ED300074779074FFF09074FF7EEBA074142CBA7B
:10ED4000907500F09075007EEBA07478BCAB400627
:10ED50007477907500F09074FD0BEA301A261A242F
:10ED60006D117E0400BB9AFDEAE59074FD1BEA304C
:10ED70009074FFE00A2B7E3465D32D327A71827A4B
:10ED80006183E00A3B9074FD0BEA209D329075018F
:10ED90001BEA30907500E00A2B7E3465D32D327A61
:10EDA00071827A6183E00A2B9074FFE00A1B7E3443
:10EDB00065D32D317A71827A6183E00A3B9D32906E
:10EDC00075051BEA309074F9693E00020BEA202EAB
:10EDD0003400180B1A209075010BEA309D329075A3
:10EDE000031BEA309075010BEA3012EA5D9075075B
:10EDF0001BEA309074F9691E00020BEA00693000CA
:10EE0000020B0A209075010BEA101A021A009AFDF3
:10EE1000C85890750B793E00021BEA209074F9697E
:10EE20001E00020BEA002E140008693000020B0AD3
:10EE3000209075030BEA101A021A009AFDC8587F39
:10EE40000190750B693E00020BEA202F10793E00FD
:10EE5000021BEA209074F9691E00020BEA002E14CE
:10EE60000010693000020B0A209075050BEA101A99
:10EE7000021A009AFDC8587F0190750B693E000286
:10EE80000BEA202F10793E00021BEA209074F969EA
:10EE90001E00020BEA002E140014693000020B0A57
:10EEA000209075010BEA101A021A009AFDC85890BA
:10EEB00075070BEA101A021A009AFDC8587F0190D4
:10EEC000750B693E00020BEA202F10793E00021BF1
:10EED000EA20740A90750B693E00020BEA201E348A
:10EEE0000E2450034E60801478F4793E00021BEA31
:10EEF000209074F9691E00020BEA002E14000C69C0
:10EF00003000020B0A209079E20BEA101A021A0074
:10EF10009AFDC85812EA847E14FFD87E0400289A0D
:10EF2000FDEAE59075091BEA309075090BEA309A05
:10EF3000FE21409075090BEA101A021A0090750B19
:10EF4000693E00020BEA209F10793E00021BEA2076
:10EF500090750B693E00020BEA207E14FF517E047F
:10EF600000AF9AFDEAE51A261A2490750B793E0047
:10EF7000021BEA2090750B691E00020BEA007E1846
:10EF800003529F1090750F793E00021BEA20907586
:10EF90000F693E00020BEA207E1402B27E040410C8
:10EFA0009AFDEAE51A261A2490750F793E00021B95
:10EFB000EA2090750F693E00020BEA20906C8B1BD3
:10EFC000EA309074F9693E00020BEA202E340018F2
:10EFD0000B1A109074F9693E00020BEA202E3400DF
:10EFE0001A1B1A109075010BEA109074F9693E0013
:10EFF000020BEA202E3400181B1A1090750B691EA4
:10F0000000020BEA009074F9693E00020BEA202E20
:10F01000340020791100021B1A00AA907E931BEA8B
:10F0200000791E0002907E93691E00020BEA007EAA
:10F0300034005E9AFDED0EAA907F341BEA30A2AF39
:10F04000920BC3C2AF907F340BEA301A261A249079
:10F050006C73793E00021BEA20A20B92AFAAA2AF0A
:10F06000920CC3C2AF906C73693E00020BEA209011
:10F070007E97793E00021BEA20A20C92AF907E9709
:10F08000693E00020BEA207E1480007E047FFF9A16
:10F09000FDEAE5AA907E9B1BEA00791E0002907EA5
:10F0A0009B693E00020BEA204D23685FA2AF920DE0
:10F0B000C3C2AF6D11907E9B693E00020BEA202E09
:10F0C0003400181B1A106D11907E9B693E00020BD4
:10F0D000EA202E34001A1B1A109F00907E9B693E76
:10F0E00000020BEA202E34001C791100021B1A00CA
:10F0F0009F00907E9B693E00020BEA202E34002088
:10F10000791100021B1A00A20D92AFAA907F2A1B50
:10F11000EA306D22907F2A0BEA30BD32580E907F84
:10F120002A0BEA306E34FFFF0B348006907F2A0BE7
:10F13000EA3022907D341BEA10907D321BEA209049
:10F140007D301BEA30907D320BEA20907D300BEA57
:10F1500030BD325808907D320BEA30801E907D34ED
:10F160000BEA20907D300BEA30BD320808907D34E8
:10F170000BEA308006907D300BEA3022E490768CEA
:10F18000F0E490768AF0E490767EF07E3400777E2C
:10F19000240001E47E1400109AFD29C7AA7E3400E1
:10F1A0007774019AFD2621AA7E340077E49AFD2621
:10F1B00021AA907F64F0907F64E0BEB00068047480
:10F1C000018001E490768CF090768CE0BEB000680F
:10F1D00018E4907684F0E4907688F0E490768AF0F3
:10F1E000E490767EF09AFDF1A8AA90768CE0BEB00D
:10F1F000006811E490768AF0E490767EF09AFDF152
:10F20000A802F28B90767EE0BEB000681990767E00
:10F210007EEBA07E70017CBA9CB7F0E490768AF019
:10F220009AFDF1A8806590768AE0BEB000780F90D4
:10F230007684E0BEB0006806740290768AF090761C
:10F240008AE0BEB000682C907684E0BEB0006823EF
:10F250009AFDF19D90768A7EEBA07E70017CBA9C2F
:10F26000B7F090768AE0BEB0007820742290767E67
:10F27000F080189AFDF1A890768AE0BEB000680B85
:10F28000E490768AF0742290767EF0AAE4907B195E
:10F29000F0E4907B1AF0E4907689F09065BDE00A86
:10F2A0002B7E3400042D32907B1B1BEA309065438B
:10F2B000E00A3B7E2400049D32907B1D1BEA3090C7
:10F2C0007B1B0BEA306D227E1400BB12F133907B66
:10F2D0001B1BEA30907B1D0BEA306D227E1400BBB5
:10F2E00012F133907B1D1BEA30907B1B0BEA307EC2
:10F2F0002400082D23907B1D0BEA30BD321808E452
:10F30000907687F002F428907B1B0BEA30907B16F6
:10F310001BEA308040907B160BEA207E344A582D41
:10F32000327A71827A6183E0907B18F090767D7EEC
:10F33000EBA0907B18E0BCBA500C907B160BEA5007
:10F34000907B19F0801F7E240002907B160BEA3020
:10F350002D321BEA30907B1D0BEA20907B160BEAC6
:10F3600030BD3248B0907B1D0BEA30907B161BEA13
:10F37000308040907B160BEA207E344A582D327A3A
:10F3800071827A6183E0907B18F090767D7EEBA0AD
:10F39000907B18E0BCBA500C907B160BEA50907B27
:10F3A0001AF0801F7E240002907B160BEA309D32FB
:10F3B0001BEA30907B1B0BEA20907B160BEA30BDDA
:10F3C0003218B0907B197EEBA0907B1AE0BCBA2873
:10F3D00028907B19E0BEB000681F907B1AE0BEB099
:10F3E000006816907B19E00A3B907B1AE00A2B9D7F
:10F3F000237E340008BD235807E4907687F08028E8
:10F40000907B1AE00A2B907B19E00A3B2D327E2478
:10F4100000029AFDC8267E24005E7D539D529076A0
:10F4200087F07401907689F0AA907800F0E49076E5
:10F4300088F06D3390768D1BEA30E4907684F0E4AA
:10F4400090767CF0E4907681F0E490768BF0E49016
:10F450007685F0E4907686F0907800E01A2B7E3482
:10F46000005E2D329078051BEA309078050BEA306B
:10F470007E2400027E1400B912F1339078051BEA55
:10F48000307E3400199078011BEA30804C9078016E
:10F490000BEA207E3400BCAD329078050BEA202DBB
:10F4A000237E3400E82D327A71827A61837EEBA06C
:10F4B00090767DE0BCAB50129078010BEA509076CC
:10F4C00081F0740190767CF0801D7E240004907899
:10F4D000010BEA302D321BEA309078010BEA207ED6
:10F4E00034006EBD2348A6907681E0BEB00078035C
:10F4F00002F7A57E34006E9078011BEA30804C90B4
:10F5000078010BEA207E3400BCAD329078050BEA1E
:10F51000202D237E3400E82D327A71827A61837E39
:10F52000EBA090767DE0BCAB50129078010BEA50D6
:10F5300090768BF0740290767CF0801D7E2400041F
:10F540009078010BEA309D321BEA309078010BEA8B
:10F55000207E340019BD2318A690768BE0BEB00043
:10F56000780302F7A59076817EEBA090768BE0BCC5
:10F57000BA380302F7A5907681E00A3B90768BE0DB
:10F580000A2B9D237E34000ABD23580302F7A59061
:10F59000768BE00A4B907681E00A5B2D540E5490F6
:10F5A0007809F0740390767CF09078097EEB7074A3
:10F5B000BCACB77E3400E82D357E24000190780A7B
:10F5C000793E00021BEA209078050BEA3090780320
:10F5D0001BEA3080449078030BEA1090780A693E69
:10F5E00000020BEA202D317E1BA090767DE0BCABA3
:10F5F00040189078030BEA407E5400012D54907619
:10F6000085F0740490767CF0801D9078030BEA30CE
:10F610007E2400019D321BEA309078030BEA207EA5
:10F62000340001BD2318AE907685E0BEB0007803AB
:10F6300002F7A59078050BEA309078031BEA30803A
:10F64000449078030BEA1090780A693E00020BEAB6
:10F65000202D317E1BA090767DE0BCAB40189078C9
:10F66000030BEA507E4400019D54907686F07405A9
:10F6700090767CF0801D9078030BEA207E340001A8
:10F680002D321BEA309078030BEA207E3400BABD9D
:10F690002348AE907686E0BEB000780302F7A590CE
:10F6A00076857EEBA0907686E0BCBA380302F7A59B
:10F6B000907685E00A4B907686E00A5B9D549078C0
:10F6C00007F0907681E00A4B90768BE00A5B9D54C0
:10F6D000907808F09078077EEBA0740ABCAB5003DA
:10F6E00002F7A59078077EEBA0742CBCAB28030230
:10F6F000F7A59078087EEBA0740ABCAB500302F724
:10F70000A59078087EEBA0742CBCAB280302F7A56B
:10F710009078087EEB607E7003AC76907807E0BC52
:10F72000B7280302F7A59078077EEB607E7003ACE4
:10F7300076907808E0BCB7386C9076857EEBA07444
:10F7400001BCAB28609076867EEBA074BABCAB504F
:10F7500054907686E00A4B907685E00A5B2D540E35
:10F7600054907682F0907809E0907683F0907682DB
:10F77000E00A3B7E24005E9D3290768D1BEA30903D
:10F78000768D0BEA3012F10C7E240005BD32580450
:10F7900074018001E4907684F07401907688F074AE
:10F7A0000690767CF0AA907ECDF0907ECB1BEA305E
:10F7B0006D22907ECB0BEA300E340E340E340E34B4
:10F7C000BD32784E907ECB0BEA307C677E700F5C4A
:10F7D00076907ECD7EEBA074015CAB7CB760053E7D
:10F7E000A01478FB7CBA42B8907ECB0BEA307C67E1
:10F7F0007E700F5C76907ECD7EEB601E607EA001F9
:10F800005CA67CB760053EA01478FB7CBA42B702C8
:10F81000FDD5907ECB0BEA200E240E240E240E2460
:10F820007E340001BD23784E907ECB0BEA307C679E
:10F830007E700F5C76907ECD7EEBA074015CAB7C1D
:10F84000B760053EA01478FB7CBA42B5907ECB0B26
:10F85000EA307C677E700F5C76907ECD7EEB601E1A
:10F86000607EA0015CA67CB760053EA01478FB7C9E
:10F87000BA42B602FDD5907ECB0BEA200E240E24B0
:10F880000E240E247E340002BD23780302FDD590A1
:10F890007ECB0BEA509E540030BE54002C40030235
:10F8A000FDD57EA003A490F8AA7302F92E02F95B9D
:10F8B00002F98802F9B502F9E202FA0F02FA3C02F3
:10F8C000FA6902FA9602FAC502FAF402FB2302FB75
:10F8D0005202FB8102FBB002FBDF02FC0E02FDD5EF
:10F8E00002FDD502FDD502FDD502FDD502FDD502F2
:10F8F000FDD502FDD502FDD502FDD502FDD502FDE7
:10F90000D502FDD502FDD502FDD502FC3D02FC3D30
:10F9100002FC3D02FC3D02FC3D02FC3D02FC3D02BE
:10F92000FC3D02FD0B02FD0B02FD0B02FD0B74F909
:10F930007E14FBB27E04007E7E0B705C7B7A0B70C3
:10F94000907ECD7EEB603E607E14FBB27E04007E36
:10F950007E0B704C767A0B7002FDD5743F7E14FBE3
:10F96000B27E04007E7E0B705C7B7A0B70907ECD45
:10F97000E0030354C07E14FBB27E04007E7E0B7055
:10F980004C7B7A0B7002FDD574F97E14FBBA7E04B1
:10F99000007E7E0B705C7B7A0B70907ECD7EEB6080
:10F9A0003E607E14FBBA7E04007E7E0B704C767A3D
:10F9B0000B7002FDD5743F7E14FBBA7E04007E7E80
:10F9C0000B705C7B7A0B70907ECDE0030354C07E9D
:10F9D00014FBBA7E04007E7E0B704C7B7A0B7002A7
:10F9E000FDD574F97E14FBC27E04007E7E0B705C34
:10F9F0007B7A0B70907ECD7EEB603E607E14FBC206
:10FA00007E04007E7E0B704C767A0B7002FDD574FE
:10FA10003F7E14FBC27E04007E7E0B705C7B7A0B03
:10FA200070907ECDE0030354C07E14FBC27E0400C0
:10FA30007E7E0B704C7B7A0B7002FDD574F97E14C0
:10FA4000FBCA7E04007E7E0B705C7B7A0B70907E1E
:10FA5000CD7EEB603E607E14FBCA7E04007E7E0B92
:10FA6000704C767A0B7002FDD5743F7E14FBCA7E13
:10FA700004007E7E0B705C7B7A0B70907ECDE00381
:10FA80000354C07E14FBCA7E04007E7E0B704C7B48
:10FA90007A0B7002FDD574F37E14FA387E04007E72
:10FAA0007E0B705C7B7A0B70907ECD7EEB603E604F
:10FAB0003E607E14FA387E04007E7E0B704C767AAF
:10FAC0000B7002FDD574F37E14FA487E04007E7E2E
:10FAD0000B705C7B7A0B70907ECD7EEB603E603E5F
:10FAE000607E14FA487E04007E7E0B704C767A0BA2
:10FAF0007002FDD574F37E14FA587E04007E7E0BEE
:10FB0000705C7B7A0B70907ECD7EEB603E603E60D9
:10FB10007E14FA587E04007E7E0B704C767A0B7051
:10FB200002FDD574F37E14FA687E04007E7E0B70AD
:10FB30005C7B7A0B70907ECD7EEB603E603E607E9B
:10FB400014FA687E04007E7E0B704C767A0B70028D
:10FB5000FDD574F37E14F7607E04007E7E0B705C2E
:10FB60007B7A0B70907ECD7EEB603E603E607E14B3
:10FB7000F7607E04007E7E0B704C767A0B7002FD7F
:10FB8000D574F37E14F7907E04007E7E0B705C7B50
:10FB90007A0B70907ECD7EEB603E603E607E14F707
:10FBA000907E04007E7E0B704C767A0B7002FDD541
:10FBB00074F37E14F7C07E04007E7E0B705C7B7A4B
:10FBC0000B70907ECD7EEB603E603E607E14F7C091
:10FBD0007E04007E7E0B704C767A0B7002FDD5742D
:10FBE000F37E14F7F07E04007E7E0B705C7B7A0B54
:10FBF00070907ECD7EEB603E603E607E14F7F07EBE
:10FC000004007E7E0B704C767A0B7002FDD574F387
:10FC10007E14FA707E04007E7E0B705C7B7A0B7023
:10FC2000907ECD7EEB603E603E607E14FA707E0476
:10FC3000007E7E0B704C767A0B7002FDD5907ECDE7
:10FC4000E00A2B1E246D33BD23682B907ECB0BEA7C
:10FC5000507CAB740F5CBA7E34000160053E3414F6
:10FC600078FB7C677E14FD617E04007E7E0B704C09
:10FC7000767A0B70802B907ECB0BEA507CAB740FA6
:10FC80005CBA7E34000160053E341478FB7CB764B6
:10FC9000FF7E14FD617E04007E7E0B705C7B7A0B20
:10FCA00070907ECDE00A3B7E2400015D236D33BD64
:10FCB00023682C907ECB0BEA507CAB740F5CBA7E31
:10FCC00034000160053E341478FB7C677E14FD60CF
:10FCD0007E04007E7E0B704C767A0B7002FDD59010
:10FCE0007ECB0BEA507CAB740F5CBA7E34000160B3
:10FCF000053E341478FB7C677E14FD607E04007E34
:10FD00007E0B704C767A0B7002FDD5907ECDE00AAA
:10FD10002B1E246D33BD23682B907ECB0BEA507CC9
:10FD2000AB740F5CBA7E34000160053E341478FB7E
:10FD30007C677E14FD637E04007E7E0B704C767AB9
:10FD40000B70802B907ECB0BEA507CAB740F5CBAAF
:10FD50007E34000160053E341478FB7CB764FF7E7E
:10FD600014FD637E04007E7E0B705C7B7A0B7090CA
:10FD70007ECDE00A3B7E2400015D236D33BD236808
:10FD80002B907ECB0BEA507CAB740F5CBA7E3400B8
:10FD90000160053E341478FB7C677E14FD627E04AE
:10FDA000007E7E0B704C767A0B708029907ECB0B98
:10FDB000EA507CAB740F5CBA7E34000160053E34BF
:10FDC0001478FB7C677E14FD627E04007E7E0B70DF
:10FDD0004C767A0B70AAC3C2AFAAD3D2AFAA9AFD4F
:10FDE000D83F9AFE2086907F51E0BEB00068109008
:10FDF00075600BEA309075620BEA209AFDCF4A9A43
:10FE0000FE232C9AFDDAD4E49AFDF1B29AFDF1EAD0
:10FE1000AA9AFDFE3FE580BEB00078067E34000160
:10FE200080026D33E5800A2B4D236D33BD2378E5C9
:10FE30009F007E344AD37E2400FE9AFDC206AA7E2D
:10FE400034D8007E2405B89AFE28749AFE26769A45
:10FE5000FDD6719AFDD6529AFE22A49AFDF17C9AA3
:10FE6000FE2E949AFE1FBD9AFDCC459AFE27409027
:10FE700066500BEA309AFE26B5E4907DA3F0E4903C
:10FE80007DA4F0E4907DA5F07401907DA6F0907DB6
:10FE9000A5E0BEB00078267E3400C39AFD2424BEBF
:10FEA000B00078067401907F50F07E3400C49AFD53
:10FEB0002424BEB00078067401907F51F07E340097
:10FEC000C29AFD2424907DA7F0907DA6E0BEB000EC
:10FED000687B907DA7E0BEB00078727E1403E89046
:10FEE0007DF3693E00020BEA209AFDC8727E140081
:10FEF000149AFDC8699AFE301A7E3400C29AFD2415
:10FF000024BEB0007847907DA5E0BEB000783E7E6C
:10FF100034FDDE7E2400FD907731793E00021BEA3D
:10FF2000206D33CA397E1403E8907DF3693E0002E8
:10FF30000BEA209AFDC8727E14000F9AFDC8697FF3
:10FF400001DA399AFDDBAD7401907DA5F07E3400B5
:10FF5000C29AFD2424907DA6F0E4907DA2F07E3428
:10FF600000C19AFD2424BEB000783E907DA4E0BE7E
:10FF7000B000780F9AFE2DFBE4907DA3F074019001
:10FF80007DA4F09AFE2E0E907DA2F0907DA2E0BEA0
:10FF9000B000681F907DA3E0BEB00078169AFDBE49
:10FFA0003E7401907DA3F0800AE4907DA3F0E4907C
:10FFB0007DA4F09000C6E0BEB000780302FE8EE49F
:10FFC0009000C6F0907DA5E0BEB00078049AFE20B7
:10FFD00086907F50E0907F517EEB709AFD50F690B6
:10FFE0007DA2E0BEB000780302FE8E907F51E09AC1
:10FFF000FDBECE02FE8EAA9AFE0866AA283029000F
:0200000400FEFC
:10000000907E151BEA20907E131BEA30907E130B26
:10001000EA207E340142BD23782F907E150BEA3012
:100020001B3468090B34780AC3C2888016D3D2887F
:100030008011E47E1449BC7E0400FE7E3400409AA8
:10004000FE25E4D3D2A802056E907E130BEA207E33
:10005000340243BD23782F907E150BEA301B3468A1
:10006000090B34780AC3C28A8016D3D28A8011E47D
:100070007E1449BC7E0400FE7E3400509AFE25E4C6
:10008000D3D2AA02056E907E130BEA207E3403467B
:10009000BD23782F907E150BEA301B3468090B3492
:1000A000780AC3C28A8016D3D28A8011E47E1449AA
:1000B000BC7E0400FE7E3400609AFE25E4438F106F
:1000C00002056E907E130BEA207E340447BD237830
:1000D00029907E150BEA207E340001BD237804743C
:1000E000018001E47E1449BC7E0400FE7E3400677A
:1000F0009AFE25E4438F2002056E907E130BEA20C2
:100100007E340540BD237829907E150BEA207E348D
:100110000001BD23780474018001E47E1449BC7E93
:100120000400FE7E34006C9AFE25E4438F400205F5
:100130006E907E130BEA507CAB740F5CBA7E340079
:100140000160053E341478FB7C67907E130BEA2037
:100150007D421A487E54000F5D541A4A1A487E1494
:10016000FD007E04007E2F027E0B704C767A0B70B1
:10017000907E150BEA302E34000078030204AD1B8C
:100180003578030202631B3478030203271B34789B
:10019000030203EB2E340003680302056E907E1306
:1001A0000BEA507CAB740F5CBA7E34000160053EF4
:1001B000341478FB7CB764FF907E130BEA307D2308
:1001C0001A247E34000F5D321A261A247E14F4E0BD
:1001D0007E04007E2F017E0B705C7B7A0B70907E1C
:1001E000130BEA507CAB740F5CBA7E3400016005DF
:1001F0003E341478FB7CB764FF907E130BEA307DAD
:10020000231A247E34000F5D321A261A247E14FD30
:10021000307E04007E2F017E0B705C7B7A0B709029
:100220007E130BEA507CAB740F5CBA7E3400016025
:10023000053E341478FB7CB764FF907E130BEA30E4
:100240007D231A247E34000F5D321A261A247E1470
:10025000FD207E04007E2F017E0B705C7B7A0B708C
:1002600002056E907E130BEA507CAB740F5CBA7E75
:1002700034000160053E341478FB7CB764FF907E47
:10028000130BEA307D231A247E34000F5D321A26C8
:100290001A247E14F4E07E04007E2F017E0B705C35
:1002A0007B7A0B70907E130BEA507CAB740F5CBAB8
:1002B0007E34000160053E341478FB7CB764FF9007
:1002C0007E130BEA307D231A247E34000F5D321A30
:1002D000261A247E14FD307E04007E2F017E0B70D2
:1002E0005C7B7A0B70907E130BEA507CAB740F5CD6
:1002F000BA7E34000160053E341478FB7C67907E42
:10030000130BEA207D421A487E54000F5D541A4AAE
:100310001A487E14FD207E04007E2F027E0B704C56
:10032000767A0B7002056E907E130BEA507CAB74EC
:100330000F5CBA7E34000160053E341478FB7CB754
:1003400064FF907E130BEA307D231A247E34000F65
:100350005D321A261A247E14F4E07E04007E2F01FA
:100360007E0B705C7B7A0B70907E130BEA507CAB3B
:10037000740F5CBA7E34000160053E341478FB7C57
:1003800067907E130BEA207D421A487E54000F5D71
:10039000541A4A1A487E14FD307E04007E2F027ED5
:1003A0000B704C767A0B70907E130BEA507CAB741A
:1003B0000F5CBA7E34000160053E341478FB7CB7D4
:1003C00064FF907E130BEA307D231A247E34000FE5
:1003D0005D321A261A247E14FD207E04007E2F0131
:1003E0007E0B705C7B7A0B7002056E907E130BEABD
:1003F000507CAB740F5CBA7E34000160053E34144F
:1004000078FB7CB764FF907E130BEA307D231A24BF
:100410007E34000F5D321A261A247E14F4E07E0426
:10042000007E2F017E0B705C7B7A0B70907E130B2D
:10043000EA507CAB740F5CBA7E34000160053E3438
:100440001478FB7C67907E130BEA207D421A487E6D
:1004500054000F5D541A4A1A487E14FD307E040081
:100460007E2F027E0B704C767A0B70907E130BEA17
:10047000507CAB740F5CBA7E34000160053E3414CE
:1004800078FB7C67907E130BEA207D421A487E54ED
:10049000000F5D541A4A1A487E14FD207E04007E27
:1004A0002F027E0B704C767A0B7002056E907E13D5
:1004B0000BEA507CAB740F5CBA7E34000160053EE1
:1004C000341478FB7C67907E130BEA207D421A4837
:1004D0007E54000F5D541A4A1A487E14F4E07E04DC
:1004E000007E2F027E0B704C767A0B70907E130B81
:1004F000EA507CAB740F5CBA7E34000160053E3478
:100500001478FB7CB764FF907E130BEA307D231ACE
:10051000247E34000F5D321A261A247E14FD307EAC
:1005200004007E2F017E0B705C7B7A0B70907E1333
:100530000BEA507CAB740F5CBA7E34000160053E60
:10054000341478FB7CB764FF907E130BEA307D2374
:100550001A247E34000F5D321A261A247E14FD20E0
:100560007E04007E2F017E0B705C7B7A0B70AAE408
:10057000F5DC7490F5F4E46C779AFE05F474017E72
:1005800070089AFE05F474077E703F9AFE05F474B5
:10059000097E703F9AFE05F4740B7E70079AFE0583
:1005A000F474016C779AFE05F474029076BBF0E463
:1005B0009076BCF0E49076C3F0E49076C4F0C3C2C9
:1005C00000C3C20143B58043B680D3A9D7AFAA9078
:1005D0007F1CF0E5FC20E7FB907F1C7EEBA0748085
:1005E0004CBAF5FCE5FC20E7FBE5EC907F1DF090B4
:1005F0007F1DE0AA907F1F7AEB70907F1EF0E5FCD4
:1006000020E7FB907F1E7EEBA0747F5CBAF5FC9028
:100610007F1FE0F5ECAA907C521BEA00791E0002D5
:10062000907C51F074169AFE05CF907C56F0907C29
:1006300057F0802B907C51E09AFE05CF907C526958
:100640003E00020BEA207A1BB0907C52693E000209
:100650000BEA200B34907C52793E00021BEA20907A
:100660007C567EEBA07E70017CBA9CB7F0BEA000E9
:1006700078C2907C57E0AA907D237AEB70907D1F22
:100680001BEA00791E0002907D1EF0801E907D1EE8
:10069000E0907D1F691E00020BEA007E0B700B14B8
:1006A000791E00021BEA009AFE05F4907D237EEB82
:1006B000A07E70017CBA9CB7F0BEA00078CFAACA19
:1006C0007BCA6BCA5BCA4BCA2BCA1BCA0BC0D0C041
:1006D00083C082E5FC907E7AF074069AFE05CF9086
:1006E0007E77F074029AFE05CF907E78F074049ABB
:1006F000FE05CF907E79F0907E77E030E1049AFE9F
:10070000075F907E77E030E2049AFE0760907E7883
:10071000E030E0049AFE07B2907E78E030E1049A7F
:10072000FE09C8907E78E030E2049AFE09FE907ED1
:1007300079E030E1049AFE0A31907E77E030E004FF
:100740009AFE07B1907E7AE0F5FCD082D083D0D0BB
:10075000DA0BDA1BDA2BDA4BDA5BDA6BDA7B32AAEA
:10076000E46C779AFE05F474029076BBF0E4907620
:10077000BCF0740E7E70019AFE05F474117E704810
:100780009AFE05F4740E7E70029AFE05F474117ED2
:1007900070489AFE05F4740E7E70019AFE05F4749A
:1007A000147E70909AFE05F4740E6C779AFE05F430
:1007B000AAAA740E6C779AFE05F474119AFE05CFFE
:1007C000907F5CF0907F5CE030E2167411907F5C6B
:1007D0007EEB707E60FB5C769AFE05F4E49076BC5E
:1007E000F0907F5CE030E4117411907F5C7EEB70E0
:1007F0007E60804C769AFE05F49076BCE024FD681D
:100800005A14685D0BB2785D907F5CE030E05674FE
:10081000207E1476B37E0400019AFE06169076B907
:100820000BEA309AFE32639076B91BEA309076B3C9
:100830007EEBA074605CBA24E0680E24E0681024AB
:100840004078129AFDE309801C9AFE312880169A9E
:10085000FDFFF780109AFE0866800A9AFE08A980BC
:10086000049AFE0947AA74059076BCF074117E7054
:10087000609AFE05F4AA74039076BCF074117E7041
:10088000409AFE05F49AFE08A9AA74049076BCF07A
:1008900074117E70409AFE05F4AAE49076BCF07460
:1008A000117E70489AFE05F4AA740E6C779AFE05C4
:1008B000F474119AFE05CF907F20F0907F20E030F5
:1008C000E1030209469076BD0BEA207E340040BD6C
:1008D000232804744080069076BD0BEA50907F2157
:1008E000F074209076BF691E00020BEA00907F2111
:1008F0007EEB709AFE0677907F21E00A2B9076BD02
:100900000BEA309D321BEA30907F21E00A1B907683
:10091000BF693E00020BEA202D31793E00021BEA3E
:10092000206D229076BD0BEA30BD32781074117EB6
:10093000700A9AFE05F4E49076BCF0800974117E8A
:1009400070029AFE05F4AA740E6C779AFE05F47490
:10095000119AFE05CF907F22F0907F22E030E06771
:1009600074209076BF691E00020BEA009AFE0616FC
:10097000907F23F0907F23E00A2B9076BD0BEA3026
:100980009D321BEA30907F23E00A1B9076BF693EC0
:1009900000020BEA202D31793E00021BEA206D2275
:1009A0009076BD0BEA30BD32781074117E70489A93
:1009B000FE05F4E49076BCF0800974117E70409AD4
:1009C000FE05F49AFE31E1AA740E7E70019AFE05CE
:1009D000F474119AFE05CF907F5DF0907F5DE0305A
:1009E000E50974117E70409AFE05F4907F5DE03059
:1009F000E20874116C779AFE05F4C3C200AA740E63
:100A00007E70029AFE05F474119AFE05CF907F5E07
:100A1000F0907F5EE030E50974117E70409AFE052B
:100A2000F4907F5EE030E20874116C779AFE05F472
:100A3000AA740E7E70019AFE05F474149AFE05CF16
:100A4000906F68F0906F68E030E60974147E7080F3
:100A50009AFE05F4906F68E030E07774169AFE0510
:100A6000CF906F69F0E4906F6AF0802874219AFE4D
:100A700005CF7CAB906F6AE00A2B7E346F6B2D3212
:100A80007A71827A61837AEBA0906F6A7EEBA074B0
:100A9000012CBAF0906F697EEBA0906F6AE0BCBA4F
:100AA00040CA907E57693E00020BEA204D23681A27
:100AB0007E146F6B7E040001906F69E00A3B907EAC
:100AC00057695E00020BEA40992874146C779AFE0D
:100AD00005F4AA907F177AEB70907F16F0C3C2B42A
:100AE0007E340002907F16E0907F177EEB509AFCD8
:100AF00086BED3D2B422907F18F0C3C2B47E340035
:100B000002907F187EEBA074804CBA9AFC898F907B
:100B10007F19F0D3D2B4907F19E022907AF71BEAC4
:100B200020793E0002907AF31BEA00791E000290C1
:100B30007AF2F0C3C2B4907AF7693E00020BEA2061
:100B40009079B0793E00021BEA207E340002907A50
:100B5000F27EEBA074804CBA907AF3691E00020B0F
:100B6000EA009AFC89B3D3D2B422E4907E6FF0E419
:100B7000907E70F06D33907E711BEA30907E710B29
:100B8000EA207E3400012D321BEA307E3400FFBDA6
:100B90002328087401907E70F08028740F120AF6E2
:100BA000907E6FF07E1403E8907DF3693E00020BA7
:100BB000EA209AFDC8729AFE301A907E6FE0BEB0AD
:100BC0006B78B9907E70E02274287E147D007E04DC
:100BD00000017E180006120B1B907D01E00A2B7CA1
:100BE000456C55907D00E00A3B4D329079341BEA0C
:100BF00030907D03E00A2B7C456C55907D02E00A25
:100C00003B4D329079361BEA30907D05E00A2B7C13
:100C1000456C55907D04E00A3B4D329079381BEAD3
:100C200030AA74227E147D067E0400017E18000620
:100C3000120B1B907D07E00A2B7C456C55907D06BE
:100C4000E00A3B4D3290793A1BEA30907D09E00A88
:100C50002B7C456C55907D08E00A3B4D3290793CE9
:100C60001BEA30907D0BE00A2B7C456C55907D0A89
:100C7000E00A3B4D3290793E1BEA30AA907D0C1B76
:100C8000EA309F11907D0E793E00021BEA207E34EF
:100C9000003C2E34FFCC7803020D181B3668311B44
:100CA0003668512E34000C6803020D3A907D0C0B0F
:100CB000EA207CB49AFDC1647E1412007E04468052
:100CC0009AFDC08A907D0E793E00021BEA20806A60
:100CD000907D0C0BEA207CB49AFDC1647E14140054
:100CE0007E0446009AFDC08A907D0E793E00021B6C
:100CF000EA208046907D0C0BEA207CB49AFDC1640A
:100D00007E1410007E0445809AFDC08A907D0E7985
:100D10003E00021BEA208022907D0C0BEA207CB46E
:100D20009AFDC1647E1410007E0445009AFDC08ABD
:100D3000907D0E793E00021BEA20907D0E693E00F8
:100D4000020BEA20AA907D121BEA309F11907D14BD
:100D5000793E00021BEA207E34005C2E34FFB0682E
:100D6000491B347803020E3B2E34FFFD68611B36AD
:100D70007803020DF31B367803020E172E34000A97
:100D80006803020E5D907D120BEA207CB49AFDC1CF
:100D9000647E14999A7E0443649AFDC08A907D14FF
:100DA000793E00021BEA20020E5D907D120BEA20C4
:100DB0007CB49AFDC1647E14999A7E0442E49AFD43
:100DC000C08A907D14793E00021BEA20020E5D90DD
:100DD0007D120BEA207CB49AFDC1647E1466667EA7
:100DE0000442649AFDC08A907D14793E00021BEA99
:100DF00020806A907D120BEA207CB49AFDC1647E4B
:100E000014CCCD7E0441E49AFDC08A907D14793ED5
:100E100000021BEA208046907D120BEA207CB49AE7
:100E2000FDC1647E14CCCD7E0441649AFDC08A90DD
:100E30007D14793E00021BEA208022907D120BEA8D
:100E4000207CB49AFDC1647E1433337E0440E39A5F
:100E5000FDC08A907D14793E00021BEA20907D142B
:100E6000693E00020BEA20AAE4907F5AF07E140348
:100E7000E8907DF3693E00020BEA209AFDC8727E7D
:100E80001400149AFDC8699AFE301A7E3422979095
:100E900076491BEA307E34229590764B1BEA307EF1
:100EA00034229690764D1BEA307E34FFFF90764FC9
:100EB0001BEA307E3400026D227E1496807E040090
:100EC000989AFC8D1A7E3400447E24000174017EC1
:100ED0001400109AFD29C7120B6ABEB00068147E78
:100EE000144AB87E0400FE9AFDC1D97401907F5A5D
:100EF000F08045740D7E7003120AD374107E703C2E
:100F0000120AD374117E705C120AD374127E70447C
:100F1000120AD374137E7002120AD374146C7712FF
:100F20000AD374156C77120AD374166C77120AD32D
:100F300074187E7001120AD3907F5AE0AA745AF591
:100F4000C674A5F5C600000000AA7480F5C79AFE15
:100F50000F69AAE4F5C7AA7EA1C774015CBABEB046
:100F600001780474018001E4AA7E1442407E0400EA
:100F70000F907DF3693E00020BEA209AFDC8747C55
:100F8000B7907F53F0907F53E00A4B7E5400012DC1
:100F900054F5F5AA907DAD1BEA20793E0002C3C24C
:100FA00002A2AF9202C3C2AF7401F5C5907DAD69D4
:100FB0005E00020BEA40F5C4907DAD693E00020B75
:100FC000EA207CB6F5C3907DAD693E00020BEA20B5
:100FD0007CB5F5F69AFE0F3DE5C2907DB1F0A20218
:100FE00092AF907DB1E0AA907DB6F0907DB21BEA01
:100FF00020793E0002C3C203A2AF9203C3C2AF7402
:1010000002F5C5907DB2695E00020BEA40F5C4901E
:101010007DB2693E00020BEA207CB6F5C3907DB23A
:10102000693E00020BEA207CB5F5F6907DB6E0F54E
:10103000C29AFE0F3DA20392AFAA9079EF1BEA007D
:10104000791E00029079EB1BEA20793E000280486D
:101050009079EB693E00020BEA209AFE0F9490799A
:10106000EF693E00020BEA207A1BB09079EF693EEF
:1010700000020BEA200B349079EF793E00021BEA64
:10108000209079EB691E00020BEA007E1800012F08
:1010900010793E00021BEA209079F30BEA207E14BF
:1010A00000017D329D311BEA306D33BD2378A1AA4A
:1010B0009079F91BEA00791E00029079F51BEA206D
:1010C000793E000280459079F5693E00020BEA20E6
:1010D0009079F9691E00020BEA007E0BB09AFE0FB0
:1010E000E79079F5691E00020BEA007E1800012FD7
:1010F00010793E00021BEA209079F9693E00020B4C
:10110000EA200B34793E00021BEA209079FD0BEABD
:10111000207E1400017D329D311BEA306D33BD23EA
:1011200078A4AA907E0B1BEA20793E0002C3C20479
:10113000A2AF9204C3C2AF7403F5C5907E0B695E83
:1011400000020BEA40F5C4907E0B693E00020BEAF8
:10115000207CB6F5C3907E0B693E00020BEA207C32
:10116000B5F5F69AFE0F3DA20492AF7E1403E89007
:101170007DF3693E00020BEA209AFDC8727E1400DE
:101180000A9AFDC8699AFE301AAA905D601BEA208F
:10119000905D5C1BEA00791E0002905D5A1BEA30EC
:1011A0007E3440217E2400FE7E145D627E040001B8
:1011B0007E5402009AFDC8FD6D33905F621BEA30D9
:1011C0008023E4905F620BEA207E345D622D327AE8
:1011D00071827A6183F0905F620BEA207E340001B5
:1011E0002D321BEA30905F620BEA207E340200BD94
:1011F0002340CF7E3402009079F31BEA30905D5A91
:101200000BEA207E34FE005D326D227E145D627E2C
:101210000400019AFE103A6D33905F621BEA308041
:1012200045905F620BEA10905D5C693E00020BEA3C
:10123000202D317E1BB0905D5A0BEA207E3401FFD9
:101240005D32905F620BEA202D237E345D622D3289
:101250007A71827A6183F0905F620BEA207E3400BB
:10126000012D321BEA30905D600BEA20905F620B2B
:10127000EA30BD3240AB905D5A0BEA306D229AFEE7
:1012800011237E3402009079FD1BEA30905D5A0BE9
:10129000EA207E34FE005D326D227E145D627E04A3
:1012A00000019AFE10B0AA907BDD1BEA10907BDC57
:1012B000F0907BDA1BEA20907BD81BEA30907BDC35
:1012C0007EEBA07478BCAB5043E4907BDFF08030C1
:1012D000907BDFE00A2B907BD80BEA302D32907B9D
:1012E000DCE00A1B907BDA0BEA202D21907BDD0BE2
:1012F000EA109AFCE0A97EA002907BDFE02CBAF015
:10130000907BDF7EEBA074BCBCAB40C422907C68B9
:101310001BEA20907C661BEA307E3400BC905F6C38
:101320001BEA307E340078905F6E1BEA307E34001A
:10133000BC905F701BEA307E340078905F721BEACD
:1013400030907C660BEA30907C680BEA207E1400BB
:10135000E87E04000190664DE09AFCEF43907C66C5
:101360000BEA30907C680BEA2074087E1407FF12A9
:1013700012A7907C660BEA30907C680BEA207450D0
:101380007E14FFE01212A7906B2EE0BEB00068152D
:10139000907C660BEA30907C680BEA2074637E14C4
:1013A000F81F1212A77408907C6AF00214C4907C93
:1013B0006AE00A2B7E346AB62D327A71827A6183B2
:1013C000E00A3B907C6B1BEA306D22907C6B0BEA51
:1013D00030BD324832907C6B0BEA207E3400BCBDBD
:1013E000235824907C6B0BEA20907C660BEA302D0E
:1013F00032907C6AE00A1B907C680BEA202D217EEB
:1014000014001F9AFCE0A9907C6AE00A2B7E346AE3
:101410003C2D327A71827A6183E00A3B907C6B1BAF
:10142000EA306D22907C6B0BEA30BD324832907C02
:101430006B0BEA207E3400BCBD235824907C6B0BE0
:10144000EA20907C660BEA302D32907C6AE00A1B21
:10145000907C680BEA202D217E14001F9AFCE0A9E5
:10146000907C6AE00A2B7E3465D32D327A71827AC1
:101470006183E00A3B907C6B1BEA306D22907C6BB1
:101480000BEA30BD324832907C6B0BEA207E340090
:10149000BCBD235824907C6B0BEA20907C660BEA41
:1014A000302D32907C6AE00A1B907C680BEA202D7C
:1014B000217E14F8009AFCE0A9907C6A7EEBA0746F
:1014C000012CBAF0907C6A7EEBA07478BCAB500320
:1014D0000213AE907688E0BEB00078030215FB9050
:1014E00076827EEBA07401BCAB38030215FB9076CC
:1014F000827EEBA074BABCAB40030215FB907683EE
:101500007EEBA07401BCAB38030215FB9076837EA2
:10151000EBA07476BCAB40030215FB907682E00A28
:101520003B907C6B1BEA30907683E0907C6AF09075
:101530007C6B0BEA20907C660BEA302D32907C6A43
:10154000E00A1B907C680BEA202D217E14F81F9A7C
:10155000FCE0A9907C6B0BEA20907C660BEA302DB6
:10156000327E2400019D32907C6AE00A1B907C68E8
:101570000BEA202D217E14F81F9AFCE0A9907C6BC9
:101580000BEA30907C660BEA202D237E3400012D7F
:1015900032907C6AE00A1B907C680BEA202D217E49
:1015A00014F81F9AFCE0A9907C6B0BEA20907C66F3
:1015B0000BEA302D32907C6AE00A1B907C680BEAC3
:1015C000202D217E1400019D217E14F81F9AFCE03D
:1015D000A9907C6B0BEA20907C660BEA302D329050
:1015E0007C6AE00A2B907C680BEA102D127E2400A6
:1015F000012D217E14F81F9AFCE0A9AA907EEFF03D
:101600007E340064907EF01BEA3080257E1403E86F
:10161000907DF3693E00020BEA209AFDC8729AFEA3
:10162000301A907EF00BEA307E2400019D321BEAD6
:1016300030907EF00BEA206D33BD2368107E3400BD
:10164000A49AFD24240A2B6D33BD2378BF907EF02D
:101650000BEA206D33BD23680C7E340007907EEFCB
:10166000E09AFCB0656D22907EF00BEA30BD3278D6
:10167000067E18000180029F11AA9078E41BEA20E0
:10168000793E00029078E01BEA00791E00026D337B
:101690009078E81BEA306D339078EA1BEA30907856
:1016A000E0693E00020BEA204D23680474018001CA
:1016B000E47E1449367E0400FE7E3400689AFE25DE
:1016C000E40217727E3400A49AFD2424BEB0007890
:1016D0007C9078E4693E00020BEA20BE180040507E
:1016E0000C9078E4693E00020BEA2080047E34000E
:1016F000409078EA1BEA307E3400079078E0691E5B
:1017000000020BEA009078EA0BEA209AFCAC3690D3
:1017100078EA0BEA109078E0693E00020BEA202D8F
:1017200031793E00021BEA209078EA0BEA106D0046
:101730009078E4693E00020BEA209F10793E000297
:101740001BEA206D339078E81BEA3080257E140375
:10175000E8907DF3693E00020BEA209AFDC8729A78
:10176000FE301A9078E80BEA207E3400012D321BFF
:10177000EA309078E4693E00020BEA204D236811BC
:101780009078E80BEA207E340064BD2350030216F3
:10179000C49078E4693E00020BEA20AA907BA01B6B
:1017A000EA00791E0002907BA0691E00020BEA008D
:1017B0009AFCFFF16D22907BA4793E00021BEA2087
:1017C000907BA0693E00020BEA204D23680474015F
:1017D0008001E47E1449367E0400FE7E3400889A3F
:1017E000FE25E4907BA0691E00020BEA00907BA41A
:1017F000693E00020BEA209AFE167AAA9078F01B46
:10180000EA20793E00029078EC1BEA00791E000283
:101810009078F0693E00020BEA209078F4793E005F
:10182000021BEA209078EC693E00020BEA204D236F
:10183000680474018001E47E1449367E0400FE7E53
:101840003400999AFE25E47E3478F47E24000190D9
:10185000754D793E00021BEA206D339075511BEAED
:10186000307E146D747E0400019078EC693E0002B5
:101870000BEA209AFD90FD9078F4693E00020BEA95
:1018800020AA907F56F07E180001907697793E004E
:10189000021BEA207E146D747E0400017E347F56A4
:1018A0007E2400019AFD8B4BAAE4907F57F07E14B2
:1018B00003E8907DF3693E00020BEA209AFDC872AE
:1018C0007E1400329AFDC8699AFE301A7E346D3457
:1018D0007E24000190776C793E00021BEA207E187E
:1018E0000040907770793E00021BEA207E146D74F0
:1018F0007E0400016D339AFD96BA7E3400A46D22F9
:1019000074017E1400039AFD29C77E3472A290767A
:10191000711BEA307E3400077E14C2007E04000191
:101920007E2472A39AFCC5767E34000774017E146F
:1019300018827E0400FE9AFCB260907F57E0AA9065
:101940007EF2F07E340064907EF31BEA3080257EC8
:101950001403E8907DF3693E00020BEA209AFDC86B
:10196000729AFE301A907EF30BEA307E2400019DBD
:10197000321BEA30907EF30BEA206D33BD236810F2
:101980007E3400A49AFD24240A2B6D33BD2378BF36
:10199000907EF30BEA206D33BD23680C7E34000784
:1019A000907EF2E09AFCB0656D22907EF30BEA30F7
:1019B000BD3278067E18000180029F11AA90790836
:1019C0001BEA20793E00029079041BEA00791E0090
:1019D000026D3390790C1BEA306D3390790E1BEA5F
:1019E00030907904693E00020BEA204D23680474AC
:1019F000018001E47E14483F7E0400FE7E34006EC8
:101A00009AFE25E4021AB57E3400A49AFD2424BE71
:101A1000B000787C907908693E00020BEA20BE187D
:101A2000001E500C907908693E00020BEA208004E9
:101A30007E34001E90790E1BEA307E3400079079C8
:101A400004691E00020BEA0090790E0BEA209AFC52
:101A5000AC3690790E0BEA10907904693E00020BC7
:101A6000EA202D31793E00021BEA2090790E0BEA24
:101A7000106D00907908693E00020BEA209F1079F2
:101A80003E00021BEA206D3390790C1BEA30802562
:101A90007E1403E8907DF3693E00020BEA209AFD74
:101AA000C8729AFE301A90790C0BEA207E3400013D
:101AB0002D321BEA30907908693E00020BEA204D76
:101AC00023681190790C0BEA207E340064BD23500A
:101AD00003021A07907908693E00020BEA20AA90D7
:101AE0007BB01BEA00791E0002907BB0691E0002E9
:101AF0000BEA009AFCFFF16D22907BB4793E000264
:101B00001BEA20907BB0693E00020BEA204D23685F
:101B10000474018001E47E14483F7E0400FE7E349C
:101B2000008E9AFE25E4907BB0691E00020BEA004D
:101B3000907BB4693E00020BEA209AFE19BDAA9080
:101B400079141BEA20793E00029079101BEA007993
:101B50001E0002907914693E00020BEA2090791869
:101B6000793E00021BEA20907910693E00020BEAE0
:101B7000204D23680474018001E47E14483F7E04F4
:101B800000FE7E34009F9AFE25E47E3479187E2480
:101B9000000190754D793E00021BEA206D3390756F
:101BA000511BEA307E146D8B7E0400019079106920
:101BB0003E00020BEA209AFD90FD907918693E00E4
:101BC000020BEA20AA907F58F07E180001907697C9
:101BD000793E00021BEA207E146D8B7E0400017E9C
:101BE000347F587E2400019AFD8B4BAAE4907F59E4
:101BF000F07E346DA27E24000190776C793E000265
:101C00001BEA207E180040907770793E00021BEAA4
:101C1000207E146D8B7E0400016D339AFD96BA7E92
:101C20003400A46D2274017E1400039AFD29C77E3E
:101C30003472A29076711BEA307E3400077E14C2A3
:101C4000007E0400017E2472A39AFCC5767E3400D7
:101C50000774017E141BC57E0400FE9AFCB26090DE
:101C60007F59E0AA907B5AF0907B581BEA30907B1A
:101C70005AE07E144A127E0400FE7E3400389AFE3A
:101C800025E49F11907B5C793E00021BEA20E490E2
:101C90007B5BF0802C907B580BEA309AFE1CF77D22
:101CA000136D00907B5C693E00020BEA202F1079D7
:101CB0003E00021BEA20907B5B7EEBA074012CBAF5
:101CC000F0907B5A7EEBA0907B5BE0BCBA40C69064
:101CD0007B5AE00A1B6D00907B5C693E00020BEAB8
:101CE000209AFDC874793E00021BEA20907B5C6953
:101CF0003E00020BEA20AA907DFF1BEA306D339074
:101D00007E011BEA306D22907DFF0BEA301A360E01
:101D1000340E340E340E34BD32785B53BCDF53BC0A
:101D2000F0907DFF0BEA301A367C677E700F5C7690
:101D30007CB742BC43BC40E5BC30E5FBE5BD0A3B9B
:101D40007C676C77907E011BEA30E5BE0A2B907EA3
:101D5000010BEA304D321BEA30E4F5BDE4F5BE90EC
:101D60007EFEE0907E010BEA3060051E341478FBA5
:101D70001BEA30021E4F907DFF0BEA307D231A24B0
:101D80000E240E240E240E247E340001BD2368038D
:101D9000021E4F74DF7E14FB387E04007E7E0B70C3
:101DA0005C7B7A0B7074F07E14FB387E04007E7EC0
:101DB0000B705C7B7A0B70907DFF0BEA301A367EDD
:101DC000600F5C677E14FB387E04007E7E0B704CD7
:101DD000767A0B7074407E14FB387E04007E7E0B96
:101DE000704C7B7A0B707E34FB387E24007E7E1B29
:101DF000B030E5F27E34FB3A7E24007E7E1B700A12
:101E0000377C676C77907E011BEA307E34FB3B7E2B
:101E100024007E7E1B700A27907E010BEA304D3233
:101E20001BEA30E47E34FB3A7E24007E7A1BB0E469
:101E30007E34FB3B7E24007E7A1BB0907EFFE090D8
:101E40007E010BEA3060051E341478FB1BEA3090EB
:101E50007E010BEA30AA907E051BEA20907E031BD0
:101E6000EA30907E030BEA207E3400FF5D326D2263
:101E700074017E1400019AFD29C76D22907E030B28
:101E8000EA301A360E340E340E340E34BD32782C4D
:101E900053BCF0907E030BEA301A367C677E700FDD
:101EA0005C767CB742BC43DE0F43DE20907E050BA0
:101EB000EA50907EFEF043BC80021F45907E030BEB
:101EC000EA307D231A240E240E240E240E247E34A0
:101ED0000001BD23786F74F07E14FB387E04007E11
:101EE0007E0B705C7B7A0B70907E030BEA301A36A7
:101EF0007E600F5C677E14FB387E04007E7E0B7074
:101F00004C767A0B70740F7E14FB397E04007E7E53
:101F10000B704C7B7A0B7074207E14FB397E0400AE
:101F20007E7E0B704C7B7A0B70907E050BEA509096
:101F30007EFFF074807E14FB387E04007E7E0B7082
:101F40004C7B7A0B707E1403E8907DF3693E0002AF
:101F50000BEA209AFDC8729AFE301AAA907E9F1B47
:101F6000EA20793E0002907E9F693E00020BEA2043
:101F7000BE180000481A907E9F693E00020BEA20BE
:101F800074021E340E2450034E60801478F4802CAA
:101F9000907E9F693E00020BEA206E34FFFF6E24A4
:101FA000FFFF0B1C74021E341E2450034E6080146D
:101FB00078F46E34FFFF6E24FFFF0B1C22E490794F
:101FC000E4F06D339079E91BEA306D339079E01BD2
:101FD000EA309F119079E5793E00021BEA206D33CB
:101FE0009079E21BEA309AFE0E68BEB00068057474
:101FF000010220859F11907D38793E00021BEA2066
:102000006D33907D361BEA30804E9AFE0C2290791B
:102010003E0BEA101A021A00907D38693E00020B4E
:10202000EA202F10793E00021BEA207E1403E8907C
:102030007DF3693E00020BEA209AFDC8727E14000F
:10204000059AFDC8699AFE301A907D360BEA207E0B
:102050003400012D321BEA30907D360BEA207E34AD
:102060000064BD2340A47E080064907D38693E0072
:10207000020BEA209AFDC8C59079E01BEA30740192
:102080009079E4F0E4AA9079E4E0BEB00078136DB2
:10209000339079E21BEA306D339079E91BEA300224
:1020A000213F9AFE0C229079E00BEA101A021A00E6
:1020B00090793E0BEA301A261A249F10907EA3795D
:1020C0003E00021BEA20907EA3693E00020BEA203C
:1020D000BE187FFF08107E187FFF907EA3793E0018
:1020E000021BEA20801E907EA3693E00020BEA20BC
:1020F000BE1C8000580E7E1C8000907EA3793E009E
:10210000021BEA207E1400039079E5693E00020B71
:10211000EA209AFDC869907EA3691E00020BEA00BE
:102120002F10121F5C9079E5793E00021BEA209087
:1021300079E5693E00020BEA209079E21BEA30AAB9
:10214000907F361BEA309079E4E0BEB000680890DA
:102150007F360BEA3080026D339079E91BEA30AAB2
:102160009079741BEA20793E00029079701BEA0096
:10217000791E0002A2AF920EC3C2AF907970693E81
:1021800000020BEA204D2368119079E4E090797009
:10219000693E00020BEA207A1BB0907974693E0018
:1021A000020BEA204D2368139079E20BEA10907934
:1021B00074693E00020BEA201B1A10907978693E80
:1021C00000020BEA204D2368139079E90BEA109086
:1021D0007978693E00020BEA201B1A10A20E92AF1A
:1021E000AA7E146C677E0400019AFDF094AA907F89
:1021F000421BEA30907F420BEA207E340001BD236F
:102200006816907F420BEA207E340002BD236808E6
:102210006D33907F421BEA30A2AF920FC3C2AF90E2
:102220007F420BEA20907D520BEA30BD326820904D
:102230007F420BEA30907D521BEA306D33907D4E29
:102240001BEA307E146C677E0400019AFDF094A2B4
:102250000F92AFAA907F441BEA30907F440BEA2094
:102260007E3400BBBD23080C7E3400BB907F441B32
:10227000EA308018907F440BEA207E34FF45BD236E
:10228000580A7E34FF45907F441BEA30A2AF92107B
:10229000C3C2AF907F440BEA30907D501BEA30A25E
:1022A0001092AFAA7E1803529076A7793E00021BC7
:1022B000EA207E348AB27E0800649AFCFA4F748069
:1022C0007E14F6DD7E04007E7E0B704C7B7A0B70F4
:1022D000AA907EB31BEA20793E0002907EB3693E4D
:1022E00000020BEA20BE18041028107E180410907B
:1022F0007EB3793E00021BEA20801E907EB3693EC9
:1023000000020BEA20BE1802B2500E7E1802B290F4
:102310007EB3793E00021BEA207E348AB2907EB3FF
:10232000691E00020BEA009AFCF871AAA2AF921192
:10233000C3C2AF907D520BEA30907C101BEA309004
:102340007D500BEA30907C121BEA30907D4E0BEAF8
:1023500030907C141BEA30907C100BEA207E340015
:1023600001BD2368030223EC907C120BEA20907CD1
:10237000140BEA30BD32582D7E240003907C140BE0
:10238000EA302D321BEA30907C120BEA20907C144C
:102390000BEA30BD320849907C120BEA30907C1475
:1023A0001BEA30803B907C120BEA20907C140BEAF5
:1023B00030BD32082B7E240003907C140BEA309D44
:1023C000321BEA30907C120BEA20907C140BEA302E
:1023D000BD32580C907C120BEA30907C141BEA3012
:1023E000907C140BEA30907D4E1BEA30A21192AF24
:1023F000907C100BEA207E340002BD23780C7E34E2
:102400000352906C8B1BEA308040907C100BEA20CA
:102410007E340001BD237826907C140BEA207E34A4
:10242000005E2D32907C161BEA307E146C677E04B1
:102430000001907C160BEA309AFDED0E800C7E14A4
:102440006C677E0400019AFDF01B906C8B0BEA30E8
:102450006D229AFE22D1AA907B2C1BEA20793E00A5
:1024600002907B281BEA00791E0002907B2C693EBB
:1024700000020BEA20BE18FFFF2824907B28691E6B
:1024800000020BEA007E34FFFF9AFE2A367E08FF28
:10249000FF907B2C693E00020BEA209F10801A906F
:1024A0007B28691E00020BEA00907B2C693E00022B
:1024B0000BEA209AFE2A369F11AA907B341BEA2051
:1024C000793E0002907B301BEA00791E00027E34C8
:1024D0007B347E24000190754D793E00021BEA207A
:1024E0006D339075511BEA307E146BC07E04000181
:1024F000907B30693E00020BEA209AFD90FD907BB4
:1025000034693E00020BEA20AA90775C1BEA309007
:1025100077581BEA00791E00027E34497C7E240035
:10252000FE7E14775E7E04000174089AFDC8FB7E6F
:10253000340008CA397E34775E7E240001907758D3
:10254000691E00020BEA009AFE337C1BFDBEB00040
:10255000784FC3C2AFE47E34FE007E24007E7A1B37
:10256000B0E4F5F453DCF0E47E34FE077E24007E14
:102570007A1BB0E47E34FE037E24007E7A1BB07E9C
:102580001403E8907DF3693E00020BEA209AFDC82F
:10259000727E14000A9AFDC8699AFE301A7460F5BA
:1025A000C7906BD7E0BEB000682890775C0BEA302C
:1025B0006D22907697793E00021BEA207E146BC054
:1025C0007E040001907758693E00020BEA209AFDD4
:1025D0008B4BAA907F52F0907F52E09AFE2B519045
:1025E0007F52E0AA9075BA1BEA309075B61BEA00DC
:1025F000791E00029075B5F07E3449847E2400FE79
:102600007E1475BC7E040001740D9AFDC8FB805CCD
:102610007E3475BC7E2400019072C0793E00021B9E
:10262000EA209075B6693E00020BEA209072BC79F0
:102630003E00021BEA209075BA0BEA309072BA1B7A
:10264000EA307E1449647E0400FE9AFDC1D97E14EE
:1026500003E8907DF3693E00020BEA209AFDC87200
:102660007E1401F49AFDC8699AFE301A9075B5E09F
:10267000BEB000689BAA9AFE2A317E346B3F7E244E
:10268000000190776C793E00021BEA207E180080E2
:10269000907770793E00021BEA207E146BC07E04A6
:1026A00000016D339AFD96BA7E1425097E0400FE62
:1026B0009AFE2B99AA907EE31BEA30907EE30BEA08
:1026C000309AFDA379907EE5F0907EE5E0AA907EB9
:1026D000601BEA30907E5FF0907E5FE0907E600B42
:1026E000EA309AFDA3FB907E62F0907E62E0AA74CD
:1026F00001907A59F07E3400C690783E1BEA307E15
:102700003400C79078401BEA307E147A5A7E040069
:1027100001E47E1800329AFCAB537E147A5A7E0490
:1027200000019AFD98DDBEB00078107E144A907EBC
:102730000400FE9AFD999A907A59F0907A59E0AA8D
:10274000E4907F0EF0E4907F0FF09AFE26EF907FEA
:102750000FF0907F0FE0BEB000680302286F7E3458
:1027600000306D22E47E1400039AFD29C77E3400F8
:10277000316D22E47E1400039AFD29C77E340032B5
:102780006D22E47E1400039AFD29C77E3400336D68
:1027900022E47E1400039AFD29C77E3400346D22A2
:1027A000E47E1400039AFD29C77E3400356D22E4CF
:1027B0007E1400039AFD29C77E3400366D22E47E24
:1027C0001400039AFD29C77E3400376D22E47E147D
:1027D00000039AFD29C77E3400517E240001E47E67
:1027E0001400109AFD29C77E3400837E24000174F2
:1027F000017E1400109AFD29C77E3400477E240014
:102800000174017E1400109AFD29C77E3400827E77
:10281000240001E47E1400109AFD29C77E34005381
:102820007E24000174017E1400109AFD29C77E34B5
:1028300000436D2274017E1400039AFD29C77403BE
:102840009079BDF074039079BEF07E1400E87E04A8
:1028500000017E185820E49AFDA4917E3402436D55
:10286000229AFE00007E34000274039AFDF7A690BF
:102870007F0FE0AA907DA81BEA20793E00027E141B
:1028800042407E04000F907DA8693E00020BEA20C2
:102890009AFDC8747E08004E9F107E1400039AFDB6
:1028A000C8727CB7907DACF09AFDFDD6D3A9D7BA9B
:1028B000907DA8691E00020BEA007E340E007E2483
:1028C0000727BF0140067404F5E9803C907DA869A4
:1028D0001E00020BEA007E34B4007E2404C4BF0153
:1028E00040067403F5E98020907DA8691E00020B64
:1028F000EA007E34B4007E2404C4BF0140067402A2
:10290000F5E980047404F5E974027E34FE017E2446
:10291000007E7A1BB07E34FDF67E24007E7E1BB0E6
:10292000F5A67E34FDEC7E24007E7E1BB0F59F5321
:102930009DFC439D0174EF7E14FE0C7E04007E7EA0
:102940000B705C7B7A0B7074047E34FE0D7E240069
:102950007E7A1BB0907DAC7EEB60740F5C6B7E1456
:10296000FE0C7E04007E7E0B704C767A0B707480B9
:102970007E14FE0C7E04007E7E0B704C7B7A0B7006
:102980007E18C3509AFE2FE374FC7E14FE007E0472
:10299000007E7E0B705C7B7A0B7074F37E14FE00FD
:1029A0007E04007E7E0B705C7B7A0B7074047E1458
:1029B000FE007E04007E7E0B704C7B7A0B70E4F58B
:1029C000DEE4F58EE4F598E4F59AE4F5ACE4F5FD83
:1029D000E4F5A2E4F5AFE4F589907DA8693E000234
:1029E0000BEA20907DF3793E00021BEA2053B2FCF3
:1029F00043B10374807E34FE077E24007E7A1BB0D0
:102A00007E34FE077E24007E7E1BB030E0F27E1412
:102A100003E8907DF3693E00020BEA209AFDC8723C
:102A20007E14000A9AFDC8699AFE301A9AFDFDDAF2
:102A3000AA9AFE056FAA9078C01BEA309078BC1B5A
:102A4000EA00791E00027E1827109078C2793E00B5
:102A5000021BEA20E49078C6F0E49078C7F0907604
:102A6000BBE0BEB00468099078C00BEA30022B507E
:102A7000022B3F7E1827109078C2793E00021BEA95
:102A8000209078C00BEA207E340040BD23400474BF
:102A90004080069078C00BEA509078C6F0D3D20000
:102AA000C3A9C7AF740E7E70019AFE05F4E4907856
:102AB000C7F0802774219078BC691E00020BEA00E1
:102AC0007E0B700B14791E00021BEA009AFE05F4BF
:102AD0009078C77EEBA074012CBAF09078C67EEB9C
:102AE000A09078C7E0BCBA40CB74117E70019AFE0A
:102AF00005F4D3A9D7AF30001D9078C2693E00021B
:102B00000BEA207E2800017F019F02791E00021B34
:102B1000EA004D2378E09078C2693E00020BEA207B
:102B2000BE18000018089078C00BEA308022907818
:102B3000C6E00A2B9078C00BEA309D321BEA306D5C
:102B4000229078C00BEA30BD322803022A736D331D
:102B5000AA907F54F07E147F547E0400017E3400DE
:102B6000019AFE2A36AA907CE21BEA00791E000236
:102B7000907CE2691E00020BEA009AFCFFF1907C57
:102B8000E61BEA30907CE2691E00020BEA00907CB2
:102B9000E60BEA309AFE2A36AA907E5B1BEA0079A1
:102BA0001E0002907E5B693E00020BEA20907E5779
:102BB000793E00021BEA20AAAA9077F41BEA00796A
:102BC0001E00029077F21BEA309077F20BEA309009
:102BD000746D1BEA309077FC693E00020BEA204DD1
:102BE00023780A7E342BB87E2400FE800A9077FC7E
:102BF000693E00020BEA20907481793E00021BEAD4
:102C0000209077F4693E00020BEA204D23780A7E7B
:102C1000342BB87E2400FE800A9077F4693E0002CF
:102C20000BEA2090747D793E00021BEA209077F831
:102C3000693E00020BEA204D23780A7E342BB87ED1
:102C40002400FE800A9077F8693E00020BEA20908B
:102C50007479793E00021BEA20AA907CEA1BEA0004
:102C6000791E0002907CE81BEA30907CE80BEA3089
:102C70009074731BEA309074730BEA207E34000466
:102C8000BD23782E907CEA693E00020BEA204D239A
:102C9000780A7E342BB87E2400FE800A907CEA6994
:102CA0003E00020BEA20907485793E00021BEA2068
:102CB000802C907CEA693E00020BEA204D23780AC2
:102CC0007E342BB87E2400FE800A907CEA693E00A8
:102CD000020BEA20907475793E00021BEA20AA904C
:102CE0007CF01BEA00791E0002907CEE1BEA30901B
:102CF0007CEE0BEA309074891BEA30907CF0693EE0
:102D000000020BEA204D23780A7E342BB87E240083
:102D1000FE800A907CF0693E00020BEA2090746FFE
:102D2000793E00021BEA20AA7E3400C19AFD2424C9
:102D3000BEB0006803E48002740122E4907F4FF08B
:102D4000E4907F4EF0022DDC7E1447ED7E0400FE01
:102D50007E3447E47E2400FE9AFD86D8BEB000781B
:102D6000707401907F4FF07E3447CD7E2400FE903A
:102D70006FB3793E00021BEA207E3447C87E2400F0
:102D8000FE906FB7793E00021BEA207E1447E07E7A
:102D90000400FE7E3447D27E2400FE9AFD801EBED3
:102DA000B000780F7E1447AA7E0400FE9AFD83A42B
:102DB000E480477E1403E8907DF3693E00020BEA4D
:102DC000209AFDC8727E1400649AFDC8699AFE308C
:102DD0001A907F4E7EEBA074012CBAF0907F4E7E4D
:102DE000EBA07401BCAB5003022D48907F4FE0BEB6
:102DF000B000680474028002740122E4907EC7F07F
:102E0000E4907EC8F06D33907EC91BEA30AA122D83
:102E100028BEB0007819E4907EC8F0907EC7E0BE6E
:102E2000B00078086D33907EC91BEA30E4805D9075
:102E30007EC7E0BEB000680474018050907EC8E098
:102E4000BEB0006803E480447401907EC8F0122D87
:102E50003B907F6AF0907F6AE0BEB000681C907F74
:102E60006AE0BEB00178067E34000180047E340042
:102E700002907EC91BEA30E480127401907EC7F094
:102E80007E340003907EC91BEA307401AA907EC98B
:102E90000BEA30AA7E3400C26D2274017E14000356
:102EA0009AFD29C77E3400C36D2274017E1400038D
:102EB0009AFD29C77E3400C46D2274017E1400037C
:102EC0009AFD29C77E3400426D2274017E140003EE
:102ED0009AFD29C77E3400C06D2274017E14000360
:102EE0009AFD29C77E3400C16D2274017E1400034F
:102EF0009AFD29C7AA907964E0907968F090796585
:102F0000E0907969F0907966E090796AF09079675D
:102F1000E090796BF07E3400C29AFD2424907964AD
:102F2000F07E3400C39AFD2424907965F07E34004D
:102F3000C49AFD2424907966F07E3400429AFD24E0
:102F400024907967F0907964E0BEB000680F9079C2
:102F500068E0BEB0007806740190796CF0907965F5
:102F6000E0BEB000680F907969E0BEB000780674EA
:102F70000190796DF0907966E0BEB000680F9079AD
:102F80006AE0BEB0007806740190796EF0907967BF
:102F9000E0BEB000680F90796BE0BEB000780674B8
:102FA0000190796FF0AA9AFE2EF590796CE0BEB090
:102FB000006805E490796CF090796DE0BEB000682F
:102FC00005E490796DF090796EE0BEB0006805E49C
:102FD00090796EF090796FE0BEB0006805E490796A
:102FE0006FF0AA907E071BEA20793E00029F117ABB
:102FF0001F0010907E07693E00020BEA207A1F0036
:1030000010800E7E1F00107E0800019F107A1F00A6
:10301000107E1F00104D2378EAAA907ABC1BEA208C
:10302000793E0002E47E34FE787E24007E7A1BB076
:103030007E14FF017E0400FE907ABC693E00020B04
:10304000EA20BF1028367E080005907ABC693E0051
:10305000020BEA202F107E14000C9AFDC872907AA1
:10306000BC793E00021BEA2074EF7E14FE787E04D9
:10307000007E7E0B705C7B7A0B70801274107E1465
:10308000FE787E04007E7E0B704C7B7A0B70907A0B
:10309000BC693E00020BEA207CB5907AC0F0907AC1
:1030A000C0E00A3B6D227E0800012F01907ABC69C6
:1030B0003E00020BEA209AFDC874907AC11BEA30E8
:1030C000907AC10BEA207E34FFFF9D32907AC31BB9
:1030D000EA30907AC0E07E34FE797E24007E7A1B4E
:1030E000B0907AC30BEA107E34FE7B7E24007E7A99
:1030F0001B30907AC30BEA307D130A127E34FE7ABD
:103100007E24007E7A1B3074807E14FE787E04005C
:103110007E7E0B704C7B7A0B707E34FE787E2400B2
:103120007E7E1BB030E0F2AA9076B4E024DF680D1A
:103130001468100BB178129AFE314E80109AFE314D
:1031400089800A9AFE31C480049AFE0866AA9076A5
:10315000BBE0BEB00478099076B3E0BEB02168064B
:103160009AFE086680227E347C587E240001907688
:10317000BF793E00021BEA209076B90BEA309076C8
:10318000BD1BEA309AFE088AAA9076BBE0BEB00466
:1031900078099076B3E0BEB0A168069AFE08668012
:1031A000227E347C587E2400019076BF793E000256
:1031B0001BEA209076B90BEA309076BD1BEA309A74
:1031C000FE0876AA9076BBE0BEB00478099076B38C
:1031D000E0BEB02168069AFE086680049AFE089A4E
:1031E000AA9076B4E0BEB020780BE4907C5CF074DA
:1031F00008907C5EF0AA907BC81BEA20793E000212
:103200007E347BCB7E2400017E1B307E347BCC7EE3
:103210002400017A1B307E347BCA7E2400017E1B91
:10322000307E347BCD7E2400017A1B307E347BC916
:103230007E2400017E1B307E347BCE7E2400017A0A
:103240001B307E347BC87E2400017E1B307E347BA5
:10325000CF7E2400017A1B30907BCC693E00020BAC
:10326000EA20AA907E7B1BEA307E347E7C7E24009E
:10327000017E1B307E347E7D7E2400017A1B307EF1
:10328000347E7B7E2400017E1B307E347E7E7E2455
:1032900000017A1B30907E7D0BEA30AA907DD71B0F
:1032A000EA20907DD51BEA307401907DD9F06D2223
:1032B000907DD50BEA103E147E3474A82D317A71BE
:1032C000827A61830BEA30BD32781F907DD70BEA9A
:1032D00020907DD50BEA103E147E3474A82D317AEF
:1032E00071827A61831BEA20802E907DD50BEA20C3
:1032F0003E247E3474A82D327A71827A61830BEA7F
:1033000020907DD70BEA30BD2378087401907DD9D9
:10331000F08005E4907DD9F0907DD9E0AA907F24DB
:103320001BEA30907F240BEA301B36682A0B367874
:103330004A7E3424577E2400FE907BD4793E0002DE
:103340001BEA207E3424BA7E2400FE907BD0793E96
:1033500000021BEA2080247E34820A7E2400FD9035
:103360007BD4793E00021BEA207E3483CD7E24008C
:10337000FD907BD0793E00021BEA20AA7F617F701E
:1033800080177E7BB0600C693FFFFC1B34793FFFE8
:10339000FC7802E4AA0BF40BD47E6B607E7B70BCDD
:1033A0007668DF7E6B607E7B70BC7628037401AA32
:1033B00074FFAACAF87DF37CFB7F207F1080071B77
:1033C000F47A2BF00B544DFF78F5DAF8AA000401DB
:1033D0007DF3000000000001016BBF010001016BE3
:1033E000D7010002017EFE000000140175DDFFFF21
:1033F000FFFFFFFFFFFFFFFFFFFFFFFFFFFFFFFFDD
:10340000FFFF0014016349000000000000000000FD
:103410000000000000000000000000018001635D6A
:10342000000000000000000000000000000000009C
:10343000000000000000000000000000000000008C
:10344000000000000000000000000000000000007C
:10345000000000000000000000000000000000006C
:10346000000000000000000000000000000000005C
:10347000000000000000000000000000000000004C
:10348000000000000000000000000000000000003C
:10349000000000000000000000000000000000002C
:1034A000000000000000000000000000000000001C
:1034B000000000000000000000000000000000000C
:1034C00000000000000000000000000000000000FC
:1034D00000000000000000000000000000000000EC
:1034E00000000000000000000000000000000000DC
:1034F00000000000000000000000000000000000CC
:1035000000000000000000000000000000000000BB
:1035100000000000000000000000000000000000AB
:10352000000000000000000000000000000000009B
:10353000000000000000000000000000000000008B
:10354000000000000000000000000000000000007B
:10355000000000000000000000000000000000006B
:10356000000000000000000000000000000000005B
:10357000000000000000000000000000000000004B
:10358000000000000000000000000000000000003B
:10359000000000000000000000000000000000002B
:1035A000003801701F000000000000000000000053
:1035B000000000000000000000000000000000000B
:1035C00000000000000000000000000000000000FB
:1035D00000000000000000000000000000001C01CE
:1035E00074A80000000000000000000000000000BF
:1035F00000000000000000000000000000000008C3
:103600000172740000000000000000002001727CC4
:1036100000000000000000000000000000000000AA
:10362000000000000000000000000000000000009A
:103630000004017E5700000000000201746D0000CC
:10364000000401746F00FE2BB800020174730000C7
:10365000000401747500FE2BB8000401747900FEAB
:103660002BB8000401747D00FE2BB80004017481A6
:1036700000FE2BB8000401748500FE2BB800020187
:1036800074890000000201002100000002010042D4
:10369000000000020100630000000201008400003D
:1036A00000020100A5000000010100C600000101A8
:1036B00000E7000002017B88F8000002017B8AFF1E
:1036C000FF0002017B8C00000001017B8EA0000145
:1036D000017B8F80040001590800000000000000F9
:1036E00000000000000000000000000000000000DA
:1036F00000000000000000000000000000000000CA
:1037000000000000000000000000000000000000B9
:1037100000000000000000000000000000000000A9
:103720000000000000000000000000000000000099
:103730000000000000000000000000000000000089
:103740000000000000000000000000000000000079
:103750000000000000000000000000000000000069
:103760000000000000000000000000000000000059
:103770000000000000000000000000000000000049
:103780000000000000000000000000000000000039
:103790000000000000000000000000000000000029
:1037A0000000000000000000000000000000000019
:1037B0000000000000000000000000000000000009
:1037C00000000000000000000000000000000000F9
:1037D00000000000000000000000000000000000E9
:1037E00000000000000000000000000000000000D9
:1037F00000000000000000000000000000000000C9
:1038000000000000000000000000000000000000B8
:1038100000000000000000000000000000000000A8
:103820000000000000000000000000000000000098
:103830000000000000000000000000000000000088
:103840000000000000000000000000000000000078
:103850000000000000000000000000000000000068
:103860000000000000000000000000000000000058
:103870000000000000000000000000000000000048
:103880000000000000000000000000000000000038
:103890000000000000000000000000000000000028
:1038A0000000000000000000000000000000000018
:1038B0000000000000000000000000000000000008
:1038C00000000000000000000000000000000000F8
:1038D00000000000000000000000000000000000E8
:1038E00000000000000000000000000000000000D8
:1038F00000000000000000000000000000000000C8
:1039000000000000000000000000000000000000B7
:1039100000000000000000000000000000000000A7
:103920000000000000000000000000000000000097
:103930000000000000000000000000000000000087
:103940000000000000000000000000000000000077
:103950000000000000000000000000000000000067
:103960000000000000000000000000000000000057
:103970000000000000000000000000000000000047
:103980000000000000000000000000000000000037
:103990000000000000000000000000000000000027
:1039A0000000000000000000000000000000000017
:1039B0000000000000000000000000000000000007
:1039C00000000000000000000000000000000000F7
:1039D00000000000000000000000000000000000E7
:1039E00000000000000000000000000000000000D7
:1039F00000000000000000000000000000000000C7
:103A000000000000000000000000000000000000B6
:103A100000000000000000000000000000000000A6
:103A20000000000000000000000000000000000096
:103A30000000000000000000000000000000000086
:103A40000000000000000000000000000000000076
:103A50000000000000000000000000000000000066
:103A60000000000000000000000000000000000056
:103A70000000000000000000000000000000000046
:103A80000000000000000000000000000000000036
:103A90000000000000000000000000000000000026
:103AA0000000000000000000000000000000000016
:103AB0000000000000000000000000000000000006
:103AC00000000000000000000000000000000000F6
:103AD0000000000000000000000019015D08000067
:103AE00000000000000000000000000000000000D6
:103AF00000000000000000000C015D21000000003B
:103B000000000000000000000017015D2D00000013
:103B100000000000000000000000000000000000A5
:103B2000000000000014015D4400000000000000DF
:103B30000000000000000000000000000000020182
:103B40005D580000000201784B2000000101784D13
:103B500000000101784E00000201793400000002EB
:103B60000179360000000201793800000002017975
:103B70003A0000000201793C0000000201793E0099
:103B8000000002017A77F8000002017A79FFFF0055
:103B900002017A7B00000002017A7D00F000020140
:103BA0007A7F014000080168FC000000000000006E
:103BB0000000240169040000000000000000000073
:103BC00000000000000000000000000000000000F5
:103BD000000000000000000000000017016928003C
:103BE00000000000000000000000000000000000D5
:103BF000000000000000000801693F000000000014
:103C000000000000200169470000000000000000E3
:103C100000000000000000000000000000000000A4
:103C20000000000000000000004A01696700000079
:103C30000000000000000000000000000000000084
:103C40000000000000000000000000000000000074
:103C50000000000000000000000000000000000064
:103C60000000000000000000000000000000000054
:103C70000000000000000000080169B10000000021
:103C80000000000000800169B90000000000000091
:103C90000000000000000000000000000000000024
:103CA0000000000000000000000000000000000014
:103CB0000000000000000000000000000000000004
:103CC00000000000000000000000000000000000F4
:103CD00000000000000000000000000000000000E4
:103CE00000000000000000000000000000000000D4
:103CF00000000000000000000000000000000000C4
:103D000000000000000000000000010164DD200050
:103D1000010164DE000001016557000001016558E2
:103D200000000101664F000002016650006E0002B3
:103D300001665200000001016654E1000101665570
:103D400000000101665600000101796401000101D3
:103D500079650100010179660100010179670100BF
:103D60000101796801000101796901000101796AA5
:103D700001000101796B01000101796C0000010172
:103D8000796D00000101796E00000101796F00007A
:103D90000101767C00000101767D78000101767ECC
:103DA00000000201767F0000000101768100000121
:103DB0000176820000010176830000010176840013
:103DC0000001017685000001017686000001017680
:103DD000870000010176880000010176890000015A
:103DE00001768A00000101768B00000101768C00CB
:103DF000000201768D0000000101755D00000201E6
:103E0000755E00000002017560000000020175622D
:103E1000000000020175640000000201756600AC3C
:103E2000000201756800A5000201756A0118000210
:103E300001756C0000000201756E00AF0002017593
:103E40007000AF000201757200AF0024016C6700C2
:103E50000011940000000000000190000004B00078
:103E60000000C8000000000000000000000000008A
:103E70000000000002016C8B03520024016C8D00D5
:103E80000004000000009600000000000000000098
:103E90000000000000000000000000000000000022
:103EA0000000000024016CB1000004000000009636
:103EB0000000000000000000000000000000000002
:103EC0000000000000000000000000000002017976
:103ED000E0000000020179E2000000010179E40045
:103EE00000040179E50000000000020179E900000A
:103EF0000001016A39000001016A3A000001016A0B
:103F00003B000001016AB4000001016AB500000134
:103F1000016B2E000002016B2F00000001016B31CC
:103F2000000001016B32000001016B330000010150
:103F30006B34000001016B35000001016B3600009D
:103F400002016B3700000001016B39000001016BB9
:103F50003A000001016B3B000001016B3C000001D5
:103F6000016B3D000001016B3E000002017D4E002F
:103F7000000002017D5000000002017D520000009F
:103F80000201771B0000000101771D00000101778D
:103F90001E00000101771F000001017720000001D1
:103FA0000177210000010177220000010177230041
:103FB000000101772400000101772500000101774D
:103FC0002600000101772703000101772800000186
:103FD00001772900000101772A000001017C7400AB
:103FE0000001017C75000002017C760000000201E6
:103FF0007C7800000001017C7A000001017EC7008E
:104000000001017EC8000002017EC900000001011C
:104010007F6B000001017F50000001017F51000013
:104020000000000000000000000000000000000090
:104030000000000000000000000000000000000080
:104040000000000000000000000000000000000070
:104050000000000000000000000000000000000060
:104060000000000000000000000000000000000050
:104070000000000000000000000000000000000040
:104080000000000000000000000000000000000030
:104090000000000000000000000000000000000020
:1040A0000000000000000000000000000000000010
:1040B0000000000000000000000000000000000000
:1040C00000000000000000000000000000000000F0
:1040D00000000000000000000000000000000000E0
:1040E00000000000000000000000000000000000D0
:1040F00000000000000000000000000000000000C0
:1041000000000000000000000000000000000000AF
:10411000000000000000000000000000000000009F
:10412000000000000000000000000000000000008F
:10413000000000000000000000000000000000007F
:10414000000000000000000000000000000000006F
:10415000000000000000000000000000000000005F
:10416000000000000000000000000000000000004F
:10417000000000000000000000000000000000003F
:10418000000000000000000000000000000000002F
:10419000000000000000000000000000000000001F
:1041A000000000000000000000000000000000000F
:1041B00000000000000000000000000000000000FF
:1041C00000000000000000000000000000000000EF
:1041D00000000000000000000000000000000000DF
:1041E00000000000000000000000000000000000CF
:1041F00000000000000000000000000000000000BF
:1042000000000000000000000000000000000000AE
:10421000000000000000000000000000000000009E
:10422000002E2E5C2E2E5C6C696272617269657361
:104230005C7A665F6472697665725C7A665F6472E6
:10424000697665725F70776D2E6300007EFEDD001B
:104250007EFEFD007EF8DD007EF8FD007EF6DD00CE
:104260007EF6FD007EFED0007EFEF0007EF8D000DF
:104270007EF8F0007EF6D0007EF6F0007EFEB10003
:104280007EFEB5007EF8B1007EF8B5007EF6B10086
:104290007EF6B5007EFED5007EFED7007EFED900FC
:1042A0007EFEDB007EFEF5007EFEF7007EFEF9005E
:1042B0007EFEFB007EF8D5007EF8D7007EF8D900A0
:1042C0007EF8DB007EF8F5007EF8F7007EF8F90056
:1042D0007EF8FB007EF6D5007EF6D7007EF6D9008C
:1042E0007EF6DB007EF6F5007EF6F7007EF6F9003E
:1042F0007EF6FB007EFED2007EFEF2007EF8D2004B
:104300007EF8F2007EF6D2007EF6F2007EFEB2006B
:104310007EFEB6007EF8B2007EF8B6007EF6B200F1
:104320007EF6B6007EFEC2007EFEE2007EF8C2008F
:104330007EF8E2007EF6C2007EF6E2007EFECE004F
:104340007EFEEE007EF8CE007EF8EE007EF6CE0019
:104350007EF6EE007EFECC007EFECD007EFEEC0002
:104360007EFEED007EF8CC007EF8CD007EF8EC00FD
:104370007EF8ED007EF6CC007EF6CD007EF6EC00F9
:104380007EF6ED007EFEC0007EFEE0007EF8C000FE
:104390007EF8E0007EF6C0007EF6E0007EFEC800FB
:1043A0007EFEC9007EFECA007EFECB007EFEE800D7
:1043B0007EFEE9007EFEEA007EFEEB007EF8C8008D
:1043C0007EF8C9007EF8CA007EF8CB007EF8E800CF
:1043D0007EF8E9007EF8EA007EF8EB007EF6C80081
:1043E0007EF6C9007EF6CA007EF6CB007EF6E800B7
:1043F0007EF6E9007EF6EA007EF6EB2E2E5C2E2E8F
:104400005C6C69627261726965735C7A665F647222
:10441000697665725C7A665F6472697665725F73ED
:1044200070692E6300007EFA21007EF811007EF88C
:1044300031007EFBF8007EF809007EF829000000BC
:10444000000000000000000000000000000000006C
:10445000000000000000000000000000000000005C
:10446000000000000000000000000000000000004C
:10447000000000000000000000000000000000003C
:10448000000000000000000000000000000000002C
:10449000000000000000000000000000000000001C
:1044A000000000000000000000000000000000000C
:1044B00000000000000000000000000000007EFA84
:1044C00084007EF814007EF834007EFA27007EF81F
:1044D0001A007EF83A007EFA25007EF818007EF871
:1044E00038007EFA28007EF81B007EF83B007EFA3A
:1044F00026007EF819007EF839007EFA2E007EF83C
:104500001E007EF83E007EFA2F007EF81F007EF827
:104510003F007EFBF9007EF80A007EF82A007EFA52
:1045200020007EF810007EF830007EFA23007EF82E
:1045300015007EF835007EFA22007EF812007EF823
:1045400032007EFE90007EF808007EF82800000011
:10455000000000000000000000000000000000005B
:10456000000000000000000000000000000000004B
:10457000000000000000000000000000000000003B
:10458000000000000000000000000000000000002B
:10459000000000000000000000000000000000001B
:1045A000000000000000000000000000000000000B
:1045B00000000000000000000000000000000000FB
:1045C00000000000000000000000000000000000EB
:1045D00000000000000000000000000000000000DB
:1045E00000000000000000000000000000000000CB
:1045F000002E2E5C2E2E5C6C69627261726965738E
:104600005C7A665F6465766963655C7A665F64653B
:10461000766963655F776966695F7370692E6300A9
:1046200025730D0A25730D0A25730D0A25730D0ACE
:104630000025730D0A0025730D0A25730D0A004F1E
:104640004B00563200000000000000000000000097
:10465000000000000000000000000000000000005A
:10466000000000000000000000444C314120706553
:1046700072666F726D2073696E676C652072656615
:104680006572656E63652063616C696272617469ED
:104690006F6E206572726F722E0D0A00444C3141AC
:1046A0002073656C6620636865636B206572726F4A
:1046B000722E0D0A002E2E5C2E2E5C6C69627261C9
:1046C000726965735C7A665F6465766963655C7A56
:1046D000665F6465766963655F646C31612E630053
:1046E0002E2E5C2E2E5C6C69627261726965735C41
:1046F0007A665F6472697665725C7A665F64726915
:104700007665725F756172742E63000000000000B0
:104710000000000000000000000000000000000099
:104720000000000000000000000000000000000089
:104730000000000000000000000000000000000079
:10474000000000000000000000000001020304055A
:10475000060708286E756C6C29002E2E5C2E2E5CC8
:104760006C69627261726965735C7A665F636F6DB2
:104770006D6F6E5C7A665F636F6D6D6F6E5F667591
:104780006E6374696F6E2E630030313233343536A8
:104790003738394142434445463031323334353677
:1047A000373839616263646566005354433332209D
:1047B0005769466920417373697374616E7420523E
:1047C00065616479210D0A00363636360038303896
:1047D00036003139322E3136382E3133372E310012
:1047E0005443500032622937303334410079756EBA
:1047F00066656E67313100563A00523A0053434EB7
:104800000052415700483100524543004259500080
:104810004F464600455252004F56455200424143D2
:104820004B004F555400494E005455524E00454ED2
:10483000544552004649525354004E4F524D002E9B
:104840002E5C2E2E5C6C69627261726965735C7A93
:10485000665F6465766963655C7A665F64657669E0
:1048600063655F776972656C6573735F7561727498
:104870002E63002566002564002E2E5C2E2E5C6CB7
:1048800069627261726965735C7A665F6465766994
:1048900063655C7A665F6465766963655F74667498
:1048A0003138302E63002566002564002E2E5C2EE4
:1048B0002E5C6C69627261726965735C7A665F64B2
:1048C00065766963655C7A665F6465766963655F72
:1048D0006970733230302E63002E2E5C2E2E5C6C8D
:1048E00069627261726965735C7A665F6472697627
:1048F00065725C7A665F6472697665725F736F6613
:10490000745F6969632E63002E2E5C2E2E5C6C69C9
:10491000627261726965735C7A665F6472697665FA
:10492000725C7A665F6472697665725F656E636FEA
:104930006465722E63002E2E5C2E2E5C6C69627292
:1049400061726965735C7A665F6465766963655CEC
:104950007A665F6465766963655F626C653661324D
:10496000302E63000D0A2025732066696C652025B2
:1049700073206C696E652025640D0A004053544312
:1049800049535023417373657274206572726F725C
:10499000002E2E5C2E2E5C6C6962726172696573EA
:1049A0005C7A665F636F6D6D6F6E5C7A665F636F76
:1049B0006D6D6F6E5F6669666F2E63002E2E5C2EC6
:1049C0002E5C6C69627261726965735C7A665F64A1
:1049D00072697665725C7A665F6472697665725F29
:1049E000657874692E63002E2E5C2E2E5C6C6962D5
:1049F0007261726965735C7A665F6472697665720A
:104A00005C7A665F6472697665725F6770696F2E43
:104A100063002E2E5C2E2E5C6C6962726172696579
:104A2000735C7A665F6472697665725C7A665F64ED
:104A300072697665725F6164632E63002E2E5C2E50
:104A40002E5C6C69627261726965735C7A665F6420
:104A500072697665725C7A665F6472697665725FA8
:104A60007069742E63005345454B465245452053AB
:104A700054433332473134344B204F70656E736F7B
:104A800075726563204C696272617279200D0A004B
:104A900000000000000100000002020000030064AA
:104AA000000400BC000500780006000000070000BC
:104AB0000008002000000000696D75363630726213
:104AC0002073656C6620636865636B206572726F26
:054AD000722E00300011
:0200000400FFFB
:070000000200CF8AFD33F678
:04000B008AFD39DB56
:040013008AFD3E5ACA
:04001B008AFD3A21FF
:040053008AFD3439B5
:04005B008AFD347C6A
:040063008AFD3A6771
:040083008AFD34BFFF
:04009B008AFD3AADF3
:0400A3008AFD3AF3A5
:1000CB008AFE06BF7584017E443FFFE47A49B01B6C
:1000DB004478F99000007E34FFFFE4F0A31B3478E2
:1000EB00FA7EF800227E0400FE7E1433CD0B0A400C
:1000FB005D446822295000020A25693000032E084E
:10010B0000050B44800A7E0BB07A1BB00B1C0B0C4A
:0A011B001B4478F280D78AFDFE1124
:04012B008AFD2B0E10
:040133008AFD2BCC4A
:04013B008AFD2C8A83
:040143008AFD2D48BC
:04014B008AFD2E06F5
:040153008AFD2EC42F
:04015B008AFD2F8268
:040163008AFD3040A1
:04016B008AFD30FEDB
:040173008AFD31BC14
:04019B008AFD3502A2
:0401AB008AFD35BADA
:0401BB008AFD365132
:0401CB008AFD36E88B
:0401D3008AFD3E87DC
:04021B008AFD3D52C9
:04029B008AFD377F22
:0402AB008AFD38167A
:0402BB008AFD38ADD3
:0402CB008AFD39442B
:0402D3008AFD327AF4
:0402DB008AFD33382D
:040303008AFD3B39FB
:04030B008AFD3BEC40
:040313008AFD3C9F84
:10031B008AFD3DA700000000000000000000000067
:10032B00000000000000000808080808080800008A
:10033B000808000000482424120000000000000000
:10034B00000000000000004848487E2424247E243E
:10035B00242400000000103C5252121C305050520A
:10036B00523C1010000000222515150D2A5854542C
:10037B00522200000000000C1212120A76252919D5
:10038B00916E000000060404020000000000000053
:10039B000000000000402010100808080808081092
:1003AB001020400000020408081010101010100854
:1003BB00080402000000000008086B1C1C6B0808F6
:1003CB00000000000000000000101010FE101010C4
:1003DB000000000000000000000000000000000012
:1003EB000604040200000000000000007E00000074
:1003FB0000000000000000000000000000000000F2
:10040B0006060000000040202020101008080804F9
:10041B0004020200000000182442424242424242BF
:10042B0024180000000000101C10101010101010E9
:10043B00107C00000000003C4242424020100804A7
:10044B00427E00000000003C424240201820404207
:10045B00423C000000000020303028242422FE20E3
:10046B0020F800000000007E0202021E22404042E3
:10047B00221C0000000000182402023A46424242AD
:10048B00443800000000007E4220201010080808AD
:10049B00080800000000003C42424224182442425B
:1004AB00423C00000000001C22424242625C404081
:1004BB0024180000000000000000181800000000C5
:1004CB0018180000000000000000000800000000E9
:1004DB00000808080000004020100804020408105F
:1004EB00204000000000000000007E00007E0000A5
:1004FB00000000000000000204081020402010083B
:10050B00040200000000003C424246201010100084
:10051B00181800000000001C225A55555555553A25
:10052B00423C00000000000808181414243C22422E
:10053B0042E700000000001F2222221E22424242FC
:10054B00221F00000000007C424201010101014218
:10055B00221C00000000001F224242424242424243
:10056B00221F00000000003F4212121E1212024214
:10057B00423F00000000003F4212121E1212020204
:10058B00020700000000003C222201010171212220
:10059B00221C0000000000E7424242427E424242DF
:1005AB0042E700000000003E080808080808080899
:1005BB00083E00000000007C1010101010101010EE
:1005CB001010110F0000007722120A0E0A121222CD
:1005DB002277000000000007020202020202020260
:1005EB00427F00000000007736363636362A2A2A3C
:1005FB002A6B0000000000E346464A4A5252526200
:10060B00624700000000001C224141414141414131
:10061B00221C00000000003F424242423E02020206
:10062B00020700000000001C224141414141414DA5
:10063B00321C60000000003F4242423E1212222256
:10064B0042C700000000007C4242020418204042D6
:10065B00423E00000000007F49080808080808080F
:10066B00081C0000000000E7424242424242424264
:10067B00423C0000000000E74242222424141418DC
:10068B00080800000000006B2A2A2A2A2A361414B4
:10069B0014140000000000E7422424181818242426
:1006AB0042E7000000000077222214140808080813
:1006BB00081C00000000007E2120101008040442DA
:1006CB00423F0000007808080808080808080808D6
:1006DB000808780000000204040408080810102021
:1006EB0020204040001E1010101010101010101081
:1006FB0010101E0000182400000000000000000075
:10070B0000000000000000000000000000000000DE
:10071B00000000FF000608000000000000000000C1
:10072B0000000000000000000000001C22302C2202
:10073B00326C0000000000000302021A2642424203
:10074B00261A0000000000000000003844020202DC
:10075B0044380000000000006040407C42424242AE
:10076B0062DC0000000000000000003C42427E0200
:10077B00423C0000000000003048083E0808080812
:10078B00083E0000000000000000007C22221C023A
:10079B003C42423C000000000302023A4642424205
:1007AB0042E700000000000C0C00000E08080808CF
:1007BB00083E0000000000303000003820202020D0
:1007CB002020221E0000000003020272120A0E12E9
:1007DB0022770000000000080E0808080808080827
:1007EB00083E0000000000000000007F92929292F1
:1007FB0092B70000000000000000003B464242425E
:10080B0042E70000000000000000003C4242424270
:10081B00423C0000000000000000001B2642424248
:10082B00261A0207000000000000005864424242F2
:10083B00645840E000000000000000774C04040402
:10084B00041F0000000000000000007C42023C403E
:10085B00423E0000000000000008083E080808089F
:10086B00483000000000000000000063424242429A
:10087B0062DC00000000000000000077222214144C
:10088B000808000000000000000000DB91525A2A0B
:10089B0024240000000000000000006E241818182B
:1008AB002476000000000000000000E7422424181A
:1008BB0018080806000000000000007E221008083F
:1008CB00447E000000C0202020202020102020206B
:1008DB002020C0001010101010101010101010104D
:1008EB00101010100003040404040404080404048E
:1008FB0004040300045A2000000000000000000064
:10090B000000000088008001FF0100000001FF00D3
:10091B008000FF014F004E2CFF00B6B4FF0100001A
:10092B00FF00090010001100240125FF7500FF01D5
:10093B004E2C48003020FF003009540031043203A4
:10094B0040834625600027005006510052965608FA
:10095B005730610062006400650066A0FF0122321F
:10096B00471449FF4A00FF007A0A7B007821FF01F8
:10097B002334420044FF4526460540400E06201A0C
:10098B004340FF0034033544FF0131044B094C0550
:10099B004D04FF00440045204708482867007004B9
:1009AB00710172FE76007700FF010D01FF008001DF
:1009BB0001F8FF018E010001FF0080001E035300B0
:1009CB005400430020005500530042002000530008
:1009DB0065007200690061006C00040309041201D8
:1009EB00000202000040BF3402FF000101020001BF
:1009FB0009024300020100803209040000010202D7
:100A0B000100052400100105240100010424020249
:100A1B000524060001070582034000FF09040100BD
:100A2B00020A0000000705810240000007050102D1
:0F0A3B0040000000000100080353005400430076
:00000001FF
