:0200000400FCFE
:10480000907B5F1BEA00791E0002907B5B1BEA2015
:10481000793E0002806A907B5F691E00020BEA000D
:10482000907B5B693E00020BEA20BF10281D907B45
:104830005F691E00020BEA00907B5B693E00020B81
:10484000EA209F10793E00021BEA20907B5F691EE0
:1048500000020BEA00907B5B693E00020BEA20BF7E
:1048600010501D907B5B691E00020BEA00907B5F7D
:10487000693E00020BEA209F10793E00021BEA20ED
:10488000907B5F691E00020BEA00907B5B693E0033
:10489000020BEA20BF106803024816907B5B693E5A
:1048A00000020BEA20AA907E031BEA20793E000258
:1048B000907E03693E00020BEA207E2800017F0102
:1048C0009F02791E00021BEA004D2378E3AA907A2A
:1048D000C61BEA00791E0002E4907ACAF09F11908C
:1048E0007ACB793E00021BEA20907AC6693E00022C
:1048F0000BEA204D23680474018001E47E144CAB64
:104900007E0400FE7E3400589AFE2ABA907AC66968
:104910003E00020BEA204D237803024A06907AC635
:10492000693E00020BEA207E1BB0BEB02D781B74DE
:1049300001907ACAF0907AC6693E00020BEA200B19
:1049400034793E00021BEA208025907AC6693E0039
:10495000020BEA207E1BB0BEB02B7813907AC6699A
:104960003E00020BEA200B34793E00021BEA208055
:10497000487E14000A907ACB693E00020BEA209A26
:10498000FDDF6F907AC6691E00020BEA007E0B30D5
:104990000A136D007E2800309F022F10907ACB7989
:1049A0003E00021BEA20907AC6693E00020BEA2014
:1049B0000B34793E00021BEA20907AC6693E000261
:1049C0000BEA207E1BA07430BCAB4813907AC669FA
:1049D0003E00020BEA207E1BA07439BCAB0892900B
:1049E0007ACAE0BEB000681E907ACB693E00020B26
:1049F000EA206E34FFFF6E24FFFF0B1C907ACB7908
:104A00003E00021BEA20907ACB693E00020BEA20AE
:104A1000AA9074791BEA20793E00029074751BEA13
:104A200000791E0002E490748DF09F1190748E79CD
:104A30003E00021BEA20907475693E00020BEA20DA
:104A40004D23680474018001E47E144CAB7E0400A5
:104A5000FE7E3400859AFE2ABA907475693E000283
:104A60000BEA204D237803024BC9907479693E000C
:104A7000020BEA20BE1800005845742D9074756929
:104A80003E00020BEA207A1BB0907475693E00026A
:104A90000BEA200B34907475793E00021BEA2090DB
:104AA0007479693E00020BEA206E34FFFF6E24FF2A
:104AB000FF0B1C907479793E00021BEA2080209045
:104AC0007479693E00020BEA204D2378127430900D
:104AD0007475693E00020BEA207A1BB0024BC902D2
:104AE0004B617E08000A907479693E00020BEA204F
:104AF0009AFDDFCB90748E791E00021BEA00907441
:104B00008E693E00020BEA20BE180000480E907429
:104B10008E695E00020BEA407CAB801090748E6957
:104B20003E00020BEA209F229F217CAB90748D7E79
:104B3000EB7074012CB7F00A277E34747D2D327A25
:104B400071827A61837AEBA07E08000A9074796999
:104B50003E00020BEA209AFDDFCB793E00021BEA01
:104B600020907479693E00020BEA204D236803020D
:104B70004AE2804C90748DE00A2B7E34747C2D3296
:104B80007A71827A6183E00A0B7E1400302D1090D6
:104B90007475693E00020BEA207A1B3090747569C7
:104BA0003E00020BEA200B34907475793E00021B24
:104BB000EA2090748D7EEBA07E70017CBA9CB7F0E9
:104BC00090748DE0BEB00078ABAA907B631BEA00C6
:104BD000791E00029F11907B67793E00021BEA203C
:104BE000907B63693E00020BEA204D236804740148
:104BF0008001E47E144CAB7E0400FE7E3400B09A4B
:104C0000FE2ABA907B63693E00020BEA204D2368BE
:104C10007080487E14000A907B67693E00020BEAB0
:104C2000209AFDDF6F907B63691E00020BEA007E15
:104C30000B300A136D007E2800309F022F10907BEE
:104C400067793E00021BEA20907B63693E00020BFD
:104C5000EA200B34793E00021BEA20907B63693E18
:104C600000020BEA207E1BA07430BCAB4813907B83
:104C700063693E00020BEA207E1BA07439BCAB08BE
:104C800092907B67693E00020BEA20AA9074E81BB1
:104C9000EA20793E00029074E41BEA00791E0002CB
:104CA000E49074FCF09074E4693E00020BEA204D3D
:104CB00023680474018001E47E144CAB7E0400FE82
:104CC0007E3400D09AFE2ABA9074E4693E00020B4A
:104CD000EA204D237803024DA99074E8693E000252
:104CE0000BEA204D23781274309074E4693E000280
:104CF0000BEA207A1BB0024DA980497E14000A906D
:104D000074E8693E00020BEA209AFDDF787CA390EC
:104D100074FC7EEB7074012CB7F00A277E3474ECBF
:104D20002D327A71827A61837AEBA07E14000A9028
:104D300074E8693E00020BEA209AFDDF78793E00B4
:104D4000021BEA209074E8693E00020BEA204D2322
:104D500078A9804C9074FCE00A2B7E3474EB2D32E1
:104D60007A71827A6183E01A0B7E1400302D1090E4
:104D700074E4693E00020BEA207A1B309074E46907
:104D80003E00020BEA200B349074E4793E00021BD3
:104D9000EA209074FC7EEBA07E70017CBA9CB7F098
:104DA0009074FCE0BEB00078ABAA9076E81BEA00F5
:104DB000791E0002E49076ECF09F119076ED793E3A
:104DC00000021BEA209F119076F1793E00021BEA57
:104DD000206D337E243F809076F5793E00021BEAF9
:104DE000209076E8693E00020BEA204D23680474A7
:104DF000018001E47E144CAB7E0400FE7E3400FA98
:104E00009AFE2ABA9076E8693E00020BEA204D230A
:104E100078030250209076E8693E00020BEA207E7B
:104E20001BB0BEB02D781B74019076ECF09076E844
:104E3000693E00020BEA200B34793E00021BEA2097
:104E400080259076E8693E00020BEA207E1BB0BE0A
:104E5000B02B78139076E8693E00020BEA200B3401
:104E6000793E00021BEA2080566D117E044120909D
:104E700076ED693E00020BEA209AFDD6F07F719034
:104E800076E8693E00020BEA207E1B700A277E341A
:104E900000309D237CB49AFDD86A7F017F179AFD6C
:104EA000D6389076ED793E00021BEA209076E869CC
:104EB0003E00020BEA200B34793E00021BEA2090F0
:104EC00076E8693E00020BEA207E1BA07430BCAB82
:104ED00048139076E8693E00020BEA207E1BA0741E
:104EE00039BCAB08849076E8693E00020BEA207E6C
:104EF0001BB0BEB02E6803024FE09076E8693E001A
:104F0000020BEA200B34793E00021BEA2080716D0F
:104F1000117E0441209076F1693E00020BEA209A4E
:104F2000FDD6F07F719076E8693E00020BEA207EA4
:104F30001B700A277E3400309D237CB49AFDD86A0A
:104F40007F017F179AFDD6389076F1793E00021BDB
:104F5000EA206D117E0441209076F5693E00020B37
:104F6000EA209AFDD6F0793E00021BEA209076E80E
:104F7000693E00020BEA200B34793E00021BEA2056
:104F80009076E8693E00020BEA207E1BA07430BCDC
:104F9000AB482E9076E8693E00020BEA207E1BA00B
:104FA0007439BCAB181B7E1424007E0449749076BF
:104FB000F5693E00020BEA209AFDD8115003024F1A
:104FC0000F9076F5691E00020BEA009076F1693EBB
:104FD00000020BEA209AFDD790793E00021BEA20DE
:104FE0009076F1691E00020BEA009076ED693E00B2
:104FF000020BEA209AFDD638793E00021BEA209087
:1050000076ECE0BEB00068189076ED693E00020BC9
:10501000EA209AFDD8579076ED793E00021BEA20EF
:105020009076ED693E00020BEA20AA9071D6F090CE
:1050300071D21BEA20793E00029071CE1BEA007902
:105040001E00026D339071D71BEA306D339071D919
:105050001BEA309071D6E09071F7F09071CE693E06
:1050600000020BEA204D23680474018001E47E14E1
:105070004CAB7E0400FE7E3401399AFE2ABA907150
:10508000CE693E00020BEA204D2378030253E590DF
:1050900071D2693E00020BEA209AFDD8A29071D726
:1050A0001BEA309071D2691E00020BEA009F119A30
:1050B000FDD8112827742D9071CE693E00020BEAAD
:1050C000207A1BB09071CE693E00020BEA200B34AF
:1050D0009071CE793E00021BEA20806A9071D269FD
:1050E0003E00020BEA204D23785C74309071CE694B
:1050F0003E00020BEA207A1BB09071CE693E00029E
:105100000BEA200B349071CE793E00021BEA20742A
:105110002E9071CE693E00020BEA207A1BB090718E
:10512000CE693E00020BEA200B349071CE793E002E
:10513000021BEA2074309071CE693E00020BEA2017
:105140007A1BB00253E59071D70BEA207CB49AFD2C
:10515000D86A7F019071D2693E00020BEA209AFD65
:10516000D6359071D2793E00021BEA20801E6D1167
:105170007E0441209071D2693E00020BEA209AFD24
:10518000D6F09071D2793E00021BEA209071F77E32
:10519000EBA07E70017CBA9CB7F0BEA00078CF90E7
:1051A00071D2693E00020BEA209AFDD8A29071D913
:1051B0001BEA30E49071F7F09071D70BEA307E244F
:1051C000000A9AFDDF2C9071F77EEB7074012CB70A
:1051D000F07402ACB77E3471DB2D357A71827A615E
:1051E000831BEA207E24000A9071D70BEA309AFDD7
:1051F000DF2C1BEA306D229071D70BEA30BD32787C
:10520000B70252926D229071F77EEB707402ACB7C8
:105210007E3471D92D357A71827A61830BEA30BD83
:1052200032481B9071F77EEB707402ACB77E34711C
:10523000D92D357A71827A61830BEA00801D9071D5
:10524000F77EEB707402ACB77E3471D92D357A716C
:10525000827A61830BEA306D009D037E1400302D4D
:10526000109071CE693E00020BEA207A1B309071DB
:10527000CE693E00020BEA200B349071CE793E00DD
:10528000021BEA209071F77EEBA07E70017CBA9C35
:10529000B7F09071F7E0BEB000680302520490715D
:1052A000D6E0BEB00078030253E5E49071F7F074E5
:1052B0002E9071CE693E00020BEA207A1BB09071ED
:1052C000CE693E00020BEA200B349071CE793E008D
:1052D000021BEA206D229071D90BEA30BD327812A0
:1052E00074309071CE693E00020BEA207A1BB00246
:1052F00053E5804B9071D90BEA307E24000A9AFD69
:10530000DF2C9071F77EEB7074012CB7F07402AC57
:10531000B77E3471EB2D357A71827A61831BEA2076
:105320007E24000A9071D90BEA309AFDDF2C1BEA2B
:10533000309071D67EEBA07E70017CBA9CB7F09065
:1053400071D6E0BEB00078AC0253D96D229071F7EF
:105350007EEB707402ACB77E3471E92D357A7182C0
:105360007A61830BEA30BD32481B9071F77EEB7097
:105370007402ACB77E3471E92D357A71827A61831B
:105380000BEA00801D9071F77EEB707402ACB77E63
:105390003471E92D357A71827A61830BEA306D00C0
:1053A0009D037E1400302D109071CE693E00020BDB
:1053B000EA207A1B309071CE693E00020BEA200B86
:1053C000349071CE793E00021BEA209071F77EEB9B
:1053D000A07E70017CBA9CB7F09071F7E0BEB0007F
:1053E000680302534BAA9076F91BEA00791E00026B
:1053F000E49076FDF09F119076FE793E00021BEA64
:10540000209F11907702793E00021BEA206D337EC7
:10541000243F80907706793E00021BEA209076F9BF
:10542000693E00020BEA204D23680474018001E408
:105430007E144CAB7E0400FE7E34018E9AFE2ABAA6
:105440009076F9693E00020BEA204D23780302565C
:105450005C9076F9693E00020BEA207E1BB0BEB07C
:105460002D781B74019076FDF09076F9693E00026C
:105470000BEA200B34793E00021BEA20802590764F
:10548000F9693E00020BEA207E1BB0BEB02B7813F8
:105490009076F9693E00020BEA200B34793E000257
:1054A0001BEA2080566D117E0441209076FE693EF5
:1054B00000020BEA209AFDD6F07F719076F9693EE2
:1054C00000020BEA207E1B700A277E3400309D23E9
:1054D0007CB49AFDD86A7F017F179AFDD638907602
:1054E000FE793E00021BEA209076F9693E00020B2D
:1054F000EA200B34793E00021BEA209076F9693EDF
:1055000000020BEA207E1BA07430BCAB48139076DF
:10551000F9693E00020BEA207E1BA07439BCAB087F
:10552000849076F9693E00020BEA207E1BB0BEB083
:105530002E680302561C9076F9693E00020BEA20A1
:105540000B34793E00021BEA2080716D117E04410C
:1055500020907702693E00020BEA209AFDD6F07F88
:10556000719076F9693E00020BEA207E1B700A27D3
:105570007E3400309D237CB49AFDD86A7F017F176A
:105580009AFDD638907702793E00021BEA206D1111
:105590007E044120907706693E00020BEA209AFDC6
:1055A000D6F0793E00021BEA209076F9693E0002AF
:1055B0000BEA200B34793E00021BEA209076F96951
:1055C0003E00020BEA207E1BA07430BCAB482E903C
:1055D00076F9693E00020BEA207E1BA07439BCAB51
:1055E000181B7E146B287E044E6E907706693E0071
:1055F000020BEA209AFDD811500302554B90770612
:10560000691E00020BEA00907702693E00020BEA75
:10561000209AFDD790793E00021BEA20907702691C
:105620001E00020BEA009076FE693E00020BEA20A3
:105630009AFDD638793E00021BEA209076FDE0BE46
:10564000B00068189076FE693E00020BEA209AFDD1
:10565000D8579076FE793E00021BEA209076FE69CC
:105660003E00020BEA20AA906FEFF0906FEB1BEA6E
:1056700020793E0002906FE71BEA00791E00026D60
:1056800033906FF01BEA306D33906FF21BEA30906D
:105690006FEFE090701EF0906FE7693E00020BEA3A
:1056A000204D23680474018001E47E144CAB7E0419
:1056B00000FE7E3401CE9AFE2ABA906FE7693E0062
:1056C000020BEA204D237803025A21906FEB693ECA
:1056D00000020BEA209AFDD8A2906FF01BEA3090EE
:1056E0006FEB691E00020BEA009F119AFDD811288A
:1056F00027742D906FE7693E00020BEA207A1BB0F9
:10570000906FE7693E00020BEA200B34906FE77957
:105710003E00021BEA20806A906FEB693E00020B9C
:10572000EA204D23785C7430906FE7693E00020BED
:10573000EA207A1BB0906FE7693E00020BEA200B6B
:1057400034906FE7793E00021BEA20742E906FE7D9
:10575000693E00020BEA207A1BB0906FE7693E00B9
:10576000020BEA200B34906FE7793E00021BEA201F
:105770007430906FE7693E00020BEA207A1BB0029A
:105780005A21906FF00BEA207CB49AFDD86A7F0111
:10579000906FEB693E00020BEA209AFDD635906FC0
:1057A000EB793E00021BEA20801E6D117E04412031
:1057B000906FEB693E00020BEA209AFDD6F0906FE5
:1057C000EB793E00021BEA2090701E7EEBA07E70FB
:1057D000017CBA9CB7F0BEA00078CF906FEB693E19
:1057E00000020BEA209AFDD8A2906FF21BEA30E487
:1057F00090701EF0906FF00BEA307E24000A9AFD44
:10580000DF2C90701E7EEB7074012CB7F07402AC2C
:10581000B77E346FF42D357A71827A61831BEA206A
:105820007E24000A906FF00BEA309AFDDF2C1BEA11
:10583000306D22906FF00BEA30BD3278B70258CE4F
:105840006D2290701E7EEB707402ACB77E346FF2E6
:105850002D357A71827A61830BEA30BD32481B9014
:10586000701E7EEB707402ACB77E346FF22D357A09
:1058700071827A61830BEA00801D90701E7EEB704E
:105880007402ACB77E346FF22D357A71827A6183FF
:105890000BEA306D009D037E1400302D10906FE7F1
:1058A000693E00020BEA207A1B30906FE7693E00E8
:1058B000020BEA200B34906FE7793E00021BEA20CE
:1058C00090701E7EEBA07E70017CBA9CB7F0907049
:1058D0001EE0BEB0006803025840906FEFE0BEB01B
:1058E000007803025A21E490701EF0742E906FE746
:1058F000693E00020BEA207A1BB0906FE7693E0018
:10590000020BEA200B34906FE7793E00021BEA207D
:105910006D22906FF20BEA30BD3278127430906FC6
:10592000E7693E00020BEA207A1BB0025A21804B45
:10593000906FF20BEA307E24000A9AFDDF2C907003
:105940001E7EEB7074012CB7F07402ACB77E34701D
:105950000C2D357A71827A61831BEA207E24000A3D
:10596000906FF20BEA309AFDDF2C1BEA30906FEF5C
:105970007EEBA07E70017CBA9CB7F0906FEFE0BE2A
:10598000B00078AC025A156D2290701E7EEB7074D8
:1059900002ACB77E34700A2D357A71827A61830B3E
:1059A000EA30BD32481B90701E7EEB707402ACB7BB
:1059B0007E34700A2D357A71827A61830BEA008019
:1059C0001D90701E7EEB707402ACB77E34700A2D91
:1059D000357A71827A61830BEA306D009D037E1403
:1059E00000302D10906FE7693E00020BEA207A1B11
:1059F00030906FE7693E00020BEA200B34906FE7AE
:105A0000793E00021BEA2090701E7EEBA07E7001A2
:105A10007CBA9CB7F090701EE0BEB00068030259DB
:105A200087AA9077841BEA00791E00029077846928
:105A30001E00020BEA009AFCFFEC6D229077887939
:105A40003E00021BEA209F1190778C793E00021BDA
:105A5000EA20E4907790F0E4907791F09077846971
:105A60003E00020BEA204D23680474018001E47EAD
:105A7000144CAB7E0400FE7E3402219AFE2ABA90BA
:105A80007784693E00020BEA204D237803025C050F
:105A9000907791E0BEB0007803025B9390778469C1
:105AA0003E00020BEA207E1BA07461BCAB482F9025
:105AB0007784693E00020BEA207E1BA07466BCABB3
:105AC000181C907784693E00020BEA207E1B701A36
:105AD000577E4400579D54907790F0025B64907716
:105AE00084693E00020BEA207E1BA07441BCAB48D7
:105AF0002E907784693E00020BEA207E1BA074463C
:105B0000BCAB181B907784693E00020BEA207E1B19
:105B1000701A577E4400379D54907790F0804590DE
:105B20007784693E00020BEA207E1BA07430BCAB78
:105B30005803025C05907784693E00020BEA207EE0
:105B40001BA07439BCAB0803025C05907784693EE6
:105B500000020BEA207E1B701A577E4400309D54D1
:105B6000907790F090778C691E00020BEA00740425
:105B70002F001478FB9077907EEB70740F5C7B0A9B
:105B8000376D224D314D2090778C793E00021BEA13
:105B900020803F907784693E00020BEA207E1BB094
:105BA000BEB030782D907784693E00020BEA200B5E
:105BB000347E1BB0BEB0787819907784693E0002BD
:105BC0000BEA200B34793E00021BEA207401907727
:105BD00091F0907784693E00020BEA200B34793E05
:105BE00000021BEA20907788693E00020BEA207EC3
:105BF0002800017F019F02791E00021BEA004D234D
:105C00006803025A7F90778C693E00020BEA20AA53
:105C10009072C41BEA20793E00029072C01BEA0019
:105C2000791E00027E344CDA7E2400FE7E1472C897
:105C30007E04000174109AFDE001E49072E4F0909B
:105C400072C0693E00020BEA204D23680474018093
:105C500001E47E144CAB7E0400FE7E34025F9AFEAB
:105C60002ABA74309072C0693E00020BEA207A1B97
:105C7000B09072C0693E00020BEA200B349072C0F3
:105C8000793E00021BEA2074789072C0693E0002DF
:105C90000BEA207A1BB09072C0693E00020BEA202A
:105CA0000B349072C0793E00021BEA209072C069EA
:105CB0003E00020BEA204D237803025D959072C4EA
:105CC000693E00020BEA204D23781274309072C0B6
:105CD000693E00020BEA207A1BB0025D95804A9073
:105CE00072C4695E00020BEA407EA00F5CAB90724A
:105CF000E47EEB7074012CB7F00A277E3472D82D45
:105D0000327A71827A61837AEBA074049072C469EA
:105D10003E00020BEA201E341E2450034E60801405
:105D200078F4793E00021BEA209072C4693E0002BA
:105D30000BEA204D2378A880539072E4E00A2B7E72
:105D40003472D72D327A71827A6183E01A2B7E34D5
:105D500072C82D327A71827A6183E09072C0693E96
:105D600000020BEA207A1BB09072C0693E00020B61
:105D7000EA200B349072C0793E00021BEA20907238
:105D8000E47EEBA07E70017CBA9CB7F09072E4E0F8
:105D9000BEB00078A4AA9075CFF09075CB1BEA0036
:105DA000791E00029075C71BEA20793E0002E4903C
:105DB00075D9F0E49075DAF09075CFE0BEB0007858
:105DC00003025E7D9075C7693E00020BEA20907564
:105DD000D1793E00021BEA209075D1693E00020B8A
:105DE000EA20BE180000581E9075D1693E00020BD3
:105DF000EA206E34FFFF6E24FFFF0B1C9075D179F3
:105E00003E00021BEA209075D0E00A1B6D009075E1
:105E1000D1693E00020BEA209AFDDFCB7E180030EC
:105E20002F019075CB693E00020BEA207A1B30905F
:105E300075D0E00A1B6D009075D1693E00020BEA37
:105E4000209AFDDFCB793E00021BEA209075DA7EB6
:105E5000EBA074012CBAF09075D1693E00020BEAF8
:105E6000204D2368159075CB693E00020BEA200B8C
:105E700034793E00021BEA20808C025F2C9075C7AB
:105E8000693E00020BEA209075D5793E00021BEABC
:105E9000209075D0E00A1B6D009075D5693E000218
:105EA0000BEA209AFDDF7A7CB39075D9F09075D912
:105EB0007EEBA0740ABCAB400C7EA0379075D9E095
:105EC0002CBAF0800A7EA0309075D9E02CBAF09000
:105ED00075D9E09075CB693E00020BEA207A1BB0C1
:105EE0009075D0E00A1B6D009075D5693E00020BDD
:105EF000EA209AFDDF7A793E00021BEA209075DAEB
:105F00007EEBA074012CBAF09075D5693E00020BAF
:105F1000EA204D2368169075CB693E00020BEA20FB
:105F20000B34793E00021BEA20025E919075DAE0A4
:105F3000229078221BEA20793E000290781E1BEA0C
:105F400000791E00029F11907826793E00021BEA1C
:105F5000200260037E080001907822693E00020B57
:105F6000EA209F10907826691E00020BEA009F101D
:105F70007D1390781E693E00020BEA202D317E1BB6
:105F8000B090782AF0907826693E00020BEA207DD6
:105F90001390781E693E00020BEA202D317E1B30E3
:105FA0007E280001907822693E00020BEA209F12B1
:105FB000907826695E00020BEA409F127D0390787C
:105FC0001E693E00020BEA202D307A1B3090782AA1
:105FD000E0907826693E00020BEA207D1390781E3F
:105FE000693E00020BEA202D317A1BB090782669B9
:105FF0001E00020BEA007E1800012F10793E0002FD
:106000001BEA20907822693E00020BEA207F011EE5
:10601000141E0450034E2080907826693E00020B27
:10602000EA20BF012803025F5422906DE61BEA209C
:10603000793E0002906DE21BEA00791E00027E3478
:106040004CEA7E2400FE7E146E237E04000174114F
:106050009AFDE0019F11906DF2793E00021BEA204B
:10606000906DE2693E00020BEA20906DF6793E00E9
:10607000021BEA20906DE2693E00020BEA204D23EC
:10608000681C906DEA693E00020BEA204D23680E01
:10609000906DE6693E00020BEA204D2378059F11C2
:1060A0000267120266C7906DEA693E00020BEA20A1
:1060B0007E1BB0BEB0256853906DEA693E00020BAE
:1060C000EA207E1B300B34793E00021BEA20906DE3
:1060D000F6693E00020BEA207A1B30906DF6693EAD
:1060E00000020BEA200B34906DF6793E00021BEAA9
:1060F00020906DF2691E00020BEA007E1800012F4D
:1061000010793E00021BEA200266C7906DEA693EE4
:1061100000020BEA200B34793E00021BEA20906D4E
:10612000EA693E00020BEA207E1BB0249D78030240
:10613000643124F0780302635E24FB780302648EEA
:106140002414680302666D906DEE693E00020BEA4E
:10615000201B35793E00021BEA20906DEE693E005F
:10616000020BEA200B1A30906DFC1BEA306D339065
:106170006E0E1BEA306D33906E101BEA306D22906C
:106180006DFC0BEA30BD32581C7E340001906E105D
:106190001BEA30906DFC0BEA306E34FFFF0B34903D
:1061A0006DFC1BEA30906DFC0BEA307E24000A9AED
:1061B000FDDF2C7E5400302D52906E0E0BEA207EB7
:1061C0003400012D321BEA307E346DFE2D327A719F
:1061D000827A6183F07E24000A906DFC0BEA309A8B
:1061E000FDDF2C1BEA306D22906DFC0BEA30BD32D6
:1061F000080E906E0E0BEA207E34000FBD2348A5DA
:10620000906E100BEA206D33BD23681E742D906EC6
:106210000E0BEA207E3400012D321BEA307E346DF5
:10622000FE2D327A71827A6183F06D33906DFA1BA4
:10623000EA308073906DFA0BEA207E346DFE2D32C9
:106240007A71827A6183E0906E34F0906DFA0BEA95
:1062500030906E0E0BEA209D237E346DFD2D327A38
:1062600071827A6183E0906DFA0BEA207E346DFED4
:106270002D327A71827A6183F0906E34E0906DFAFB
:106280000BEA30906E0E0BEA209D237E346DFD2DBF
:10629000327A71827A6183F0906DFA0BEA207E3453
:1062A00000012D321BEA30906E0E0BEA307E240086
:1062B000029AFDDF2C7D23906DFA0BEA30BD325837
:1062C000030262346D33906DFA1BEA30805C906D8E
:1062D000FA0BEA207E346DFE2D327A71827A618368
:1062E000E0906DF6693E00020BEA207A1BB0906DDB
:1062F000F6693E00020BEA200B34906DF6793E0001
:10630000021BEA20906DF2691E00020BEA007E1863
:1063100000012F10793E00021BEA20906DFA0BEA73
:10632000207E3400012D321BEA30906E0E0BEA20E5
:10633000906DFA0BEA30BD3258217E180001906D45
:10634000E6691E00020BEA009F01906DF2693E00B3
:10635000020BEA20BF1050030262CE0266B4906DB9
:10636000EE693E00020BEA201B36793E00021BEA72
:1063700020906DEE691E00020BEA00693000020BEE
:106380000A20906E12793E00021BEA20906E12697C
:106390003E00020BEA204D2378127E344CA47E246A
:1063A00000FE906E12793E00021BEA208050906E33
:1063B00012693E00020BEA207E1B300B34793E004E
:1063C000021BEA20906DF6693E00020BEA207A1B60
:1063D00030906DF6693E00020BEA200B34906DF6AA
:1063E000793E00021BEA20906DF2691E00020BEA62
:1063F000007E1800012F10793E00021BEA20906EEB
:1064000012693E00020BEA207E1BB0BEB000681E7F
:106410007E180001906DE6691E00020BEA009F01E4
:10642000906DF2693E00020BEA20BF1040800266C8
:10643000B4906DEE693E00020BEA201B35793E00F8
:10644000021BEA20906DEE693E00020BEA200B1A57
:1064500010906DF6693E00020BEA207A1B30906DB9
:10646000F6693E00020BEA200B34906DF6793E008F
:10647000021BEA20906DF2691E00020BEA007E18F2
:1064800000012F10793E00021BEA200266B4906DD5
:10649000EE693E00020BEA201B36793E00021BEA41
:1064A00020906DEE691E00020BEA00693000020BBD
:1064B0000A20906E16793E00021BEA206D33906E22
:1064C0000E1BEA30906E16693E00020BEA207E2415
:1064D000000F5D237E346E232D327A71827A6183C0
:1064E000E0906E0E0BEA207E3400012D321BEA3064
:1064F0007E346E1A2D327A71827A6183F074049040
:106500006E16693E00020BEA201E341E2450034E14
:1065100060801478F4793E00021BEA20906E1669C0
:106520003E00020BEA20BE180000280E906E0E0BF3
:10653000EA207E340008BD23488A6D33906DFA1B33
:10654000EA308073906DFA0BEA207E346E1A2D3299
:106550007A71827A6183E0906E34F0906DFA0BEA82
:1065600030906E0E0BEA209D237E346E192D327A08
:1065700071827A6183E0906DFA0BEA207E346E1AA4
:106580002D327A71827A6183F0906E34E0906DFAE8
:106590000BEA30906E0E0BEA209D237E346E192D8F
:1065A000327A71827A6183F0906DFA0BEA207E3440
:1065B00000012D321BEA30906E0E0BEA307E240073
:1065C000029AFDDF2C7D23906DFA0BEA30BD325824
:1065D000030265446D33906DFA1BEA30805C906D68
:1065E000FA0BEA207E346E1A2D327A71827A618338
:1065F000E0906DF6693E00020BEA207A1BB0906DC8
:10660000F6693E00020BEA200B34906DF6793E00ED
:10661000021BEA20906DF2691E00020BEA007E1850
:1066200000012F10793E00021BEA20906DFA0BEA60
:10663000207E3400012D321BEA30906E0E0BEA20D2
:10664000906DFA0BEA30BD3258217E180001906D32
:10665000E6691E00020BEA009F01906DF2693E00A0
:10666000020BEA20BF1050030265DE8047906DEAFE
:10667000693E00020BEA207E1B30906DF6693E00F9
:10668000020BEA207A1B30906DF6693E00020BEA9D
:10669000200B34906DF6793E00021BEA20906DF2DB
:1066A000691E00020BEA007E1800012F10793E00DF
:1066B000021BEA20906DEA693E00020BEA200B34CF
:1066C000793E00021BEA20906DEA693E00020BEA67
:1066D000207E1BB0BEB00068217E180001906DE6E0
:1066E000691E00020BEA009F01906DF2693E0002F4
:1066F0000BEA20BF1050030260A6E4906DF6693EDD
:1067000000020BEA207A1BB0906DF2693E00020B8A
:10671000EA20AA906D011BEA20793E0002906CFDF0
:106720001BEA00791E00029F11906D05793E000260
:106730001BEA207E346CFD7E240001906D09793EB9
:1067400000021BEA20027020906D01693E00020BDE
:10675000EA207E1BB0906D0DF0906D0DE0BEB0256F
:106760006803026FC9906D01693E00020BEA200BBD
:1067700034793E00021BEA207E1BB024DBBEB054FD
:10678000400302700D7EA003A490678D73026F8E8C
:1067900002700D02700D02700D02700D02700D027C
:1067A000700D02700D02700D02700D02700D0270FE
:1067B0000D02700D02700D02700D02700D02700D51
:1067C00002700D02700D02700D02700D02700D024C
:1067D000700D02700D02700D02700D02700D0270CE
:1067E0000D02700D02700D02700D02700D02700D21
:1067F0000269DE02700D02700D02700D02700D0252
:10680000700D02700D02700D02700D02700D02709D
:106810000D02700D02700D02700D02700D02700DF0
:1068200002700D02700D026D9402700D02700D0267
:10683000700D02700D02700D02700D02700D02706D
:106840000D02700D02700D02688C0268F202700D6C
:106850000269DE02700D02700D0268F202700D0214
:10686000700D02700D02700D02700D026CDC026E74
:10687000E802700D02700D026E4C02700D026C2465
:1068800002700D02700D026D9402700D906D096919
:106890003E00020BEA201B36793E00021BEA2090E4
:1068A0006D09693E00020BEA20695100020B1A4093
:1068B000906D0EF0906D0EE0906CFD693E00020B45
:1068C000EA207A1BB0906CFD693E00020BEA200BB7
:1068D00034793E00021BEA20906D05691E00020B10
:1068E000EA007E1800012F10793E00021BEA200208
:1068F000700D906D09693E00020BEA201B36793E4F
:1069000000021BEA20906D09691E00020BEA006973
:106910003000020B0A20906D2F793E00021BEA2006
:10692000740A9075D0F0906D2F693E00020BEA203A
:106930007E146D0E7E0400017401125D96906D331D
:10694000F0906D2F693E00020BEA20BE180000583F
:10695000237EA02D906D33E00A2B7E346D0E2D32F8
:106960007A71827A61837AEBA0906D337EEBA074AA
:10697000012CBAF07E146D0E7E040001906D33E0A0
:106980000A3B6D22125F31906D33E00A3BCA397EBB
:10699000346D0E7E240001906CFD691E00020BEA2E
:1069A000009AFDFFD21BFD906D33E00A1B906CFD39
:1069B000693E00020BEA202D31793E00021BEA20DD
:1069C000906D33E00A1B6D00906D05693E00020B6F
:1069D000EA202F10793E00021BEA2002700D906D14
:1069E00009693E00020BEA201B36793E00021BEAD1
:1069F00020906D09691E00020BEA00693000020B4D
:106A00000A20906D2F793E00021BEA20740A9075CF
:106A1000D0F0906D2F693E00020BEA209AFDD8A2BB
:106A20007E146D0E7E0400017401125D96906D332C
:106A3000F0906D2F691E00020BEA009F119AFDD89D
:106A40001128237EA02D906D33E00A2B7E346D0E2D
:106A50002D327A71827A61837AEBA0906D337EEB6E
:106A6000A074012CBAF07E146D0E7E040001906DAE
:106A700033E00A3B6D22125F31906D33E00A3BCA6E
:106A8000397E346D0E7E240001906CFD691E00027B
:106A90000BEA009AFDFFD21BFD906D33E00A1B90BC
:106AA0006CFD693E00020BEA202D31793E00021B8D
:106AB000EA20906D33E00A1B6D00906D05693E0081
:106AC000020BEA202F10793E00021BEA20906D2F66
:106AD000693E00020BEA209AFDD8A27CB49AFDD848
:106AE000657F01906D2F693E00020BEA209AFDD66A
:106AF000357E1424007E0449749AFDD6F0906D2FE3
:106B0000793E00021BEA20906D2F693E00020BEADD
:106B1000204D236827740A9075D0F0906D2F693E40
:106B200000020BEA209AFDD8A27E146D0E7E0400AE
:106B3000017401125D96906D33F0802A7430906D6F
:106B400013F07430906D12F07430906D11F0743059
:106B5000906D10F07430906D0FF07430906D0EF0F9
:106B60007406906D33F080237EA030906D33E00A80
:106B70002B7E346D0E2D327A71827A61837AEBA08E
:106B8000906D337EEBA074012CBAF0906D337EEBE8
:106B9000A07406BCAB40D17EA02E906D33E00A2BD2
:106BA0007E346D0E2D327A71827A61837AEBA090F9
:106BB0006D337EEBA074012CBAF07E146D0E7E0452
:106BC0000001906D33E00A3B6D22125F31906D330E
:106BD000E00A3BCA397E346D0E7E240001906CFDC4
:106BE000691E00020BEA009AFDFFD21BFD906D3377
:106BF000E00A1B906CFD693E00020BEA202D317902
:106C00003E00021BEA20906D33E00A1B6D00906D80
:106C100005693E00020BEA202F10793E00021BEAB4
:106C20002002700D906D09693E00020BEA201B36B0
:106C3000793E00021BEA20906D09691E00020BEAF2
:106C400000693000020B0A20906D2F793E00021B74
:106C5000EA20740A9075D0F0906D2F693E00020B07
:106C6000EA207E146D0E7E040001E4125D96906DA4
:106C700033F07E146D0E7E040001906D33E00A3B0C
:106C80006D22125F31906D33E00A3BCA397E346D5C
:106C90000E7E240001906CFD691E00020BEA009A32
:106CA000FDFFD21BFD906D33E00A1B906CFD693E29
:106CB00000020BEA202D31793E00021BEA20906D84
:106CC00033E00A1B6D00906D05693E00020BEA205F
:106CD0002F10793E00021BEA2002700D906D0969A9
:106CE0003E00020BEA201B36793E00021BEA209090
:106CF0006D09691E00020BEA00693000020B0A20D0
:106D0000906D2F793E00021BEA2074089075D0F038
:106D1000906D2F693E00020BEA207E146D0E7E04FA
:106D20000001E4125D96906D33F07E146D0E7E04CA
:106D30000001906D33E00A3B6D22125F31906D339C
:106D4000E00A3BCA397E346D0E7E240001906CFD52
:106D5000691E00020BEA009AFDFFD21BFD906D3305
:106D6000E00A1B906CFD693E00020BEA202D317990
:106D70003E00021BEA20906D33E00A1B6D00906D0F
:106D800005693E00020BEA202F10793E00021BEA43
:106D90002002700D906D09693E00020BEA201B363F
:106DA000793E00021BEA20906D09691E00020BEA81
:106DB00000693000020B0A20906D2F793E00021B03
:106DC000EA2074109075D0F0906D2F693E00020B90
:106DD000EA207E146D0E7E040001E4125D96906D33
:106DE00033F07E146D0E7E040001906D33E00A3B9B
:106DF0006D22125F31906D33E00A3BCA397E346DEB
:106E00000E7E240001906CFD691E00020BEA009AC0
:106E1000FDFFD21BFD906D33E00A1B906CFD693EB7
:106E200000020BEA202D31793E00021BEA20906D12
:106E300033E00A1B6D00906D05693E00020BEA20ED
:106E40002F10793E00021BEA2002700D906D096937
:106E50003E00020BEA201B36793E00021BEA20901E
:106E60006D09691E00020BEA00693000020B0A205E
:106E7000906D0E793E00021BEA208057906D0E69DE
:106E80003E00020BEA207E1B30906CFD693E000242
:106E90000BEA207A1B30906CFD693E00020BEA2061
:106EA0000B34793E00021BEA20906D05691E00023A
:106EB0000BEA007E1800012F10793E00021BEA2029
:106EC000906D0E693E00020BEA200B34793E000201
:106ED0001BEA20906D0E693E00020BEA207E1BB07B
:106EE000BEB000789702700D906D09693E00020BEC
:106EF000EA201B36793E00021BEA20906D09691ECC
:106F000000020BEA00693000020B0A20906D2F7915
:106F10003E00021BEA2074109075D0F0906D2F692E
:106F20003E00020BEA207E146D0E7E040001E41286
:106F30005D967E146D0E7E0400017E180008125FBF
:106F4000317E340008CA397E346D0E7E24000190F3
:106F50006CFD691E00020BEA009AFDFFD21BFD903A
:106F60006CFD693E00020BEA202E340008793E00D9
:106F7000021BEA207E080008906D05693E00020BA6
:106F8000EA202F10793E00021BEA2002700D7425C2
:106F9000906CFD693E00020BEA207A1BB0906CFDFC
:106FA000693E00020BEA200B34793E00021BEA2006
:106FB000906D05691E00020BEA007E1800012F107B
:106FC000793E00021BEA208044906D01693E000278
:106FD0000BEA207E1B30906CFD693E00020BEA201C
:106FE0007A1B30906CFD693E00020BEA200B34796D
:106FF0003E00021BEA20906D05691E00020BEA00AC
:107000007E1800012F10793E00021BEA20906D01CE
:10701000693E00020BEA200B34793E00021BEA2095
:10702000906D01693E00020BEA207E1BB0BEB000ED
:107030006803026748906D05693E00020BEA20AACA
:10704000906E371BEA00791E0002906E351BEA3005
:107050007E34498E7E2400FE7E146E437E04000141
:1070600074409AFDE0016D33906E831BEA306D33FE
:10707000906E851BEA30906E37691E00020BEA00A5
:107080006D337E240080BF0150030272E90272D585
:10709000906E3F693E00020BEA20BE1800402806B1
:1070A0007E340040800A906E3F693E00020BEA2069
:1070B000906E831BEA30906E830BEA30CA39906E73
:1070C00037693E00020BEA207E146E437E04000105
:1070D0009AFDFFD21BFD906E830BEA106D00906E3F
:1070E0003F693E00020BEA209F10793E00021BEA36
:1070F00020906E830BEA10906E37693E00020BEA17
:10710000202D31793E00021BEA20906E830BEA00AD
:107110007E1400019D017E1400FF5D10906E350B02
:10712000EA301A261A242F112F117E544A7A7E44EF
:1071300000FE2F21693200020B2A207A1B30906E4C
:10714000830BEA207E3400019D237E34FF005D32F4
:107150007D130A12906E350BEA301A261A242F116D
:107160002F117E544A0E7E4400FE2F216932000208
:107170000B2A207A1B307E346E437D130A12906EE8
:10718000350BEA301A261A242F112F117E544A2665
:107190007E4400FE2F21693200020B2A207A1B3028
:1071A0007E146E43906E350BEA301A261A242F1186
:1071B0002F117E544A3E7E4400FE2F216932000288
:1071C0000B2A207A1B30906E850BEA10906E3B697B
:1071D0003E00020BEA202D317D130A12906E350B12
:1071E000EA301A261A242F112F117E544A267E4483
:1071F00000FE2F21693200020B2A207A1B30906E8C
:10720000850BEA10906E3B693E00020BEA202D319F
:107210007D13906E350BEA301A261A242F112F1188
:107220007E544A3E7E4400FE2F21693200020B2A22
:10723000207A1B307440906E350BEA301A261A24DF
:107240002F112F117E144A6E7E0400FE2F0169302B
:1072500000020B0A207A1BB074C1906E350BEA3025
:107260001A261A242F112F117E1449767E0400FE4F
:107270002F01693000020B0A207A1BB0906E350B8B
:10728000EA301A261A242F112F117E144A867E0402
:1072900000FE2F01693000020B0A207E1BB030E097
:1072A000DBE4906E350BEA301A261A242F112F11C9
:1072B0007E144A867E0400FE2F01693000020B0A0C
:1072C000207A1BB0906E830BEA20906E850BEA301B
:1072D0002D321BEA30906E3F693E00020BEA204DD2
:1072E0002368030270900274AF906E3F693E000203
:1072F0000BEA207D037E1400019D017E1400FF5DDA
:10730000106D00906E350BEA301A261A242F112FBB
:10731000117E544A7A7E4400FE2F21693200020B0E
:107320002A207A1B30906E3F693E00020BEA207DD6
:10733000237E3400019D237E34FF005D326D227C6C
:1073400036906E350BEA301A261A242F112F117E33
:10735000544A0E7E4400FE2F21693200020B2A207F
:107360007A1B30906E37693E00020BEA207D130ACB
:1073700012906E350BEA301A261A242F112F117E27
:10738000544A267E4400FE2F21693200020B2A2037
:107390007A1B30906E37693E00020BEA207D139015
:1073A0006E350BEA301A261A242F112F117E544AFB
:1073B0003E7E4400FE2F21693200020B2A207A1BF8
:1073C00030906E3B693E00020BEA207D130A12905A
:1073D0006E350BEA301A261A242F112F117E544ACB
:1073E0001A7E4400FE2F21693200020B2A207A1BEC
:1073F00030906E3B693E00020BEA207D13906E35A3
:107400000BEA301A261A242F112F117E544A327E8D
:107410004400FE2F21693200020B2A207A1B3074AF
:1074200060906E350BEA301A261A242F112F117E28
:10743000144A6E7E0400FE2F01693000020B0A2000
:107440007A1BB074C1906E350BEA301A261A242FBD
:10745000112F117E1449767E0400FE2F0169300041
:10746000020B0A207A1BB0906E350BEA301A261AEE
:10747000242F112F117E144A867E0400FE2F0169ED
:107480003000020B0A207E1BB030E0DBE4906E354A
:107490000BEA301A261A242F112F117E144A867EE9
:1074A0000400FE2F01693000020B0A207A1BB0AAEB
:1074B000906E891BEA00791E0002906E871BEA30ED
:1074C0007E3449CE7E2400FE7E146E917E0400013F
:1074D00074409AFDE0016D33906ED11BEA30906EDE
:1074E00089691E00020BEA006D337E240080BF0113
:1074F00050030276D20276BE906E8D693E00020B7A
:10750000EA20BE18004028067E340040800A906EB3
:107510008D693E00020BEA20906ED11BEA30906E1E
:10752000D10BEA30CA39906E89693E00020BEA201D
:107530007E146E917E0400019AFDFFD21BFD906EB9
:10754000D10BEA106D00906E8D693E00020BEA20AF
:107550009F10793E00021BEA20906ED10BEA10903A
:107560006E89693E00020BEA202D31793E00021B34
:10757000EA20906ED10BEA007E1400019D017E147A
:1075800000FF5D10906E870BEA301A261A242F1127
:107590002F117E544A7A7E4400FE2F216932000268
:1075A0000B2A207A1B30906ED10BEA207E3400012A
:1075B0009D237E34FF005D327D130A12906E870B8F
:1075C000EA301A261A242F112F117E544A0E7E44B7
:1075D00000FE2F21693200020B2A207A1B307E34F4
:1075E0006E917D130A12906E870BEA301A261A24C8
:1075F0002F112F117E544A267E4400FE2F2169321E
:1076000000020B2A207A1B307E146E91906E870B3D
:10761000EA301A261A242F112F117E544A3E7E4436
:1076200000FE2F21693200020B2A207A1B307440A1
:10763000906E870BEA301A261A242F112F117E1410
:107640004A6E7E0400FE2F01693000020B0A207A88
:107650001BB074C1906E870BEA301A261A242F11C2
:107660002F117E1449767E0400FE2F01693000023E
:107670000B0A207A1BB0906E870BEA301A261A2468
:107680002F112F117E144A867E0400FE2F016930CF
:1076900000020B0A207E1BB030E0DBE4906E870B0B
:1076A000EA301A261A242F112F117E144A867E04DE
:1076B00000FE2F01693000020B0A207A1BB0906E89
:1076C0008D693E00020BEA204D2368030274F80224
:1076D000783A906E8D693E00020BEA207D037E149D
:1076E00000019D017E1400FF5D106D00906E870B00
:1076F000EA301A261A242F112F117E544A7A7E441A
:1077000000FE2F21693200020B2A207A1B30906E76
:107710008D693E00020BEA207D237E3400019D230B
:107720007E34FF005D326D227C36906E870BEA302E
:107730001A261A242F112F117E544A0E7E4400FE61
:107740002F21693200020B2A207A1B30906E896942
:107750003E00020BEA207D130A12906E870BEA307E
:107760001A261A242F112F117E544A267E4400FE19
:107770002F21693200020B2A207A1B30906E896912
:107780003E00020BEA207D13906E870BEA301A262A
:107790001A242F112F117E544A3E7E4400FE2F21C1
:1077A000693200020B2A207A1B307440906E870BDE
:1077B000EA301A261A242F112F117E144A6E7E04E5
:1077C00000FE2F01693000020B0A207A1BB074C141
:1077D000906E870BEA301A261A242F112F117E146F
:1077E00049767E0400FE2F01693000020B0A207AE0
:1077F0001BB0906E870BEA301A261A242F112F1116
:107800007E144A867E0400FE2F01693000020B0AB6
:10781000207E1BB030E0DBE4906E870BEA301A2646
:107820001A242F112F117E144A867E0400FE2F0188
:10783000693000020B0A207A1BB0AA907A1E1BEA5C
:1078400000791E0002907A1C1BEA30907A22693E71
:1078500000020BEA207D037E1400019D017E1400CE
:10786000FF5D106D00907A1C0BEA301A261A242F47
:10787000112F117E544A7A7E4400FE2F2169320076
:10788000020B2A207A1B30907A22693E00020BEA12
:10789000207D237E3400019D237E34FF005D326D08
:1078A000227C36907A1C0BEA301A261A242F112FCC
:1078B000117E544A0E7E4400FE2F21693200020BD5
:1078C0002A207A1B30907A1E693E00020BEA207D46
:1078D000130A12907A1C0BEA301A261A242F112F41
:1078E000117E544A1A7E4400FE2F21693200020B99
:1078F0002A207A1B30907A1E693E00020BEA207D16
:1079000013907A1C0BEA301A261A242F112F117E9D
:10791000544A327E4400FE2F21693200020B2A2095
:107920007A1B307420907A1C0BEA301A261A242F06
:10793000112F117E144A6E7E0400FE2F0169300063
:10794000020B0A207A1BB074C1907A1C0BEA301A21
:10795000261A242F112F117E1449767E0400FE2F43
:1079600001693000020B0A207A1BB0907A1C0BEAE6
:10797000301A261A242F112F117E144A867E0400F5
:10798000FE2F01693000020B0A207E1BB030E0DBC5
:10799000E4907A1C0BEA301A261A242F112F117E3C
:1079A000144A867E0400FE2F01693000020B0A2073
:1079B0007A1BB0AA907ED0F0907ECE1BEA307E1863
:1079C0000001906E8D793E00021BEA20907ECE0B66
:1079D000EA307E147ED07E0400019AFC74B0AA9036
:1079E0007A281BEA00791E0002907A261BEA309062
:1079F0007A2C693E00020BEA20906E8D793E0002DF
:107A00001BEA20907A260BEA30907A28691E000241
:107A10000BEA009AFC74B0AA907E411BEA20907E8B
:107A20003F1BEA307E180002906E8D793E00021BEB
:107A3000EA20907E3F0BEA307E147E417E040001F6
:107A40009AFC74B0AA907A321BEA00791E00029068
:107A50007A301BEA30907A36693E00020BEA202F1A
:107A600011906E8D793E00021BEA20907A300BEA6D
:107A700030907A32691E00020BEA009AFC74B0AAB8
:107A8000907E467AEB50907E45F0907E431BEA3024
:107A90007E180001906E8D793E00021BEA20907ED8
:107AA000430BEA307E147E457E0400019AFC74B0DC
:107AB0007E180001906E8D793E00021BEA20907EB8
:107AC000430BEA307E147E467E0400019AFC74B0BB
:107AD000AA9079B31BEA00791E00029079B2F09067
:107AE00079B01BEA307E180001906E8D793E00025D
:107AF0001BEA209079B00BEA307E1479B27E040044
:107B0000019AFC74B09079B7693E00020BEA2090AC
:107B10006E8D793E00021BEA209079B00BEA30901E
:107B200079B3691E00020BEA009AFC74B0AA907C3B
:107B3000E21BEA10907CE01BEA20907CDE1BEA301E
:107B40007E180002906E8D793E00021BEA20907C28
:107B5000DE0BEA307E147CE07E0400019AFC74B0F7
:107B60007E180002906E8D793E00021BEA20907C08
:107B7000DE0BEA307E147CE27E0400019AFC74B0D5
:107B8000AA9078A01BEA00791E000290789E1BEA5A
:107B90002090789C1BEA307E180002906E8D793E12
:107BA00000021BEA2090789C0BEA307E14789E7EBF
:107BB0000400019AFC74B09078A4693E00020BEABC
:107BC000202F11906E8D793E00021BEA2090789C48
:107BD0000BEA309078A0691E00020BEA009AFC7450
:107BE000B0AA907ED11BEA30E4907ED3F07E1800DC
:107BF00001907A22793E00021BEA20907ED10BEAA6
:107C0000307E147ED37E0400019AFC783B907ED3B4
:107C1000E0AA907A3C1BEA00791E0002907A3A1B97
:107C2000EA30907A40693E00020BEA20907A22798D
:107C30003E00021BEA20907A3A0BEA30907A3C69C7
:107C40001E00020BEA009AFC783BAA907E471BEAD2
:107C5000307E180002907A22793E00021BEA2090C2
:107C60007E470BEA307E147E497E0400019AFC7840
:107C70003B907E490BEA30AA907A461BEA00791EB7
:107C80000002907A441BEA30907A4A693E00020B67
:107C9000EA202F11907A22793E00021BEA20907A86
:107CA000440BEA30907A46691E00020BEA009AFC07
:107CB000783BAA907E4DF0907E4B1BEA30E4907E9C
:107CC0004EF07E180001906E8D793E00021BEA2076
:107CD000907E4B0BEA307E147E4D7E0400019AFCB0
:107CE00074B07E180001907A22793E00021BEA20CF
:107CF000907E4B0BEA307E147E4E7E0400019AFC8F
:107D0000783B907E4EE0AA9079BE1BEA00791E0077
:107D1000029079BDF09079BB1BEA307E180001908B
:107D20006E8D793E00021BEA209079BB0BEA307E13
:107D30001479BD7E0400019AFC74B09079C2693E4A
:107D400000020BEA20907A22793E00021BEA209082
:107D500079BB0BEA309079BE691E00020BEA009AEB
:107D6000FC783BAA907CE61BEA20907CE41BEA307E
:107D70007E180002906E8D793E00021BEA20907CF6
:107D8000E40BEA307E147CE67E0400019AFC74B0B9
:107D90007E180002907A22793E00021BEA20907C35
:107DA000E40BEA307E147CE87E0400019AFC783B08
:107DB000907CE80BEA30AA9078AC1BEA00791E00B0
:107DC000029078AA1BEA209078A81BEA307E18005F
:107DD00002906E8D793E00021BEA209078A80BEA93
:107DE000307E1478AA7E0400019AFC74B09078B0BA
:107DF000693E00020BEA20907A22793E00021BEADB
:107E0000209078A80BEA309078AC691E00020BEA4B
:107E1000009AFC783BAA9077BE1BEA00791E00020C
:107E20009077BC1BEA309077C2693E00020BEA20D3
:107E3000906E3B793E00021BEA209077C6693E00B7
:107E4000020BEA20906E3F793E00021BEA209077F9
:107E5000BC0BEA309077BE691E00020BEA009AFC68
:107E60007040AA9077CC1BEA00791E00029077CA76
:107E70001BEA309077D0693E00020BEA20906E3BFF
:107E8000793E00021BEA209077D4693E00020BEA9B
:107E9000202F11906E3F793E00021BEA209077CA96
:107EA0000BEA309077CC691E00020BEA009AFC7056
:107EB00040AA90762F1BEA00791E000290762D1BB7
:107EC000EA2090762B1BEA309F1190763B793E009A
:107ED000021BEA209076350BEA307E24FF005D23FA
:107EE0009076330BEA107E34FF005D31BD326811AD
:107EF000E47E14494C7E0400FE7E3402519AFE2A30
:107F0000BA9076330BEA207E3400FF5D327E240087
:107F10000174017E1400109AFD29C79076350BEA92
:107F2000207E3400FF5D327E24000174017E140047
:107F3000109AFD29C79076370BEA207E34FFFFBDEB
:107F40002368189076370BEA207E3400FF5D326D8F
:107F50002274017E1400039AFD29C79076390BEA3A
:107F6000207E34FFFFBD2368199076390BEA207E0E
:107F70003400FF5D327E240001E47E1400109AFD7F
:107F800029C790762F693E00020BEA20BE18968022
:107F900040649076330BEA207E3400FF5D326D2220
:107FA0009AFD22CD9076350BEA207E3400FF5D32BB
:107FB0006D229AFD22CD9076370BEA207E34FFFFAA
:107FC000BD2368129076370BEA207E3400FF5D32C5
:107FD0006D229AFD22CD9076390BEA207E34FFFF88
:107FE000BD2368129076390BEA207E3400FF5D32A3
:107FF0006D229AFD22CD90762B0BEA301B346874EB
:108000001B3478030281A50B3568030282B153A2A9
:10801000F39076330BEA307D231A247E3400035D1F
:10802000321B3468141B3468151B3468162E340058
:10803000037813E5A2F5A2800D43A204800843A2B1
:1080400008800343A20CE4F5CE43CE9043CE0390C8
:10805000762D0BEA301B35680D1B34680E0B357816
:108060000D43CE04800843CE08800343CE0C43CE9C
:10807000400282B174FC7E14FD6C7E04007E7E0B97
:10808000705C7B7A0B709076330BEA307D231A2478
:108090007E3400035D321B34681E1B34682E1B3493
:1080A000683E2E340003784A7E14FD6C7E04007E08
:1080B0007E0B707A0B70803A74017E14FD6C7E0426
:1080C000007E7E0B704C7B7A0B70802674027E14CF
:1080D000FD6C7E04007E7E0B704C7B7A0B708012F0
:1080E00074037E14FD6C7E04007E7E0B704C7B7AE4
:1080F0000B70E47E34F8007E24007E7A1BB074900E
:108100007E14F8007E04007E7E0B704C7B7A0B7030
:1081100090762F691E00020BEA00907DFB693E00FD
:10812000020BEA209AFDDF7A90763B793E00021B33
:10813000EA2074037E14F8007E04007E7E0B704CEF
:108140007B7A0B7090762D0BEA301B35681C1B3444
:10815000682C0B35783A74047E14F8007E04007E97
:108160007E0B704C7B7A0B70802674087E14F800AE
:108170007E04007E7E0B704C7B7A0B708012740C38
:108180007E14F8007E04007E7E0B704C7B7A0B70B0
:1081900074407E14F8007E04007E7E0B704C7B7A67
:1081A0000B700282B174F37E14FD6C7E04007E7E3F
:1081B0000B705C7B7A0B709076330BEA307D231A60
:1081C000247E3400035D321B34681E1B34682E1B72
:1081D00034683E2E340003784A7E14FD6C7E040021
:1081E0007E7E0B707A0B70803A74047E14FD6C7E78
:1081F00004007E7E0B704C7B7A0B70802674087EA8
:1082000014FD6C7E04007E7E0B704C7B7A0B7080BC
:1082100012740C7E14FD6C7E04007E7E0B704C7B11
:108220007A0B70E47E34F8207E24007E7A1BB074D2
:10823000907E14F8207E04007E7E0B704C7B7A0BBF
:108240007074037E14F8207E04007E7E0B704C7BDD
:108250007A0B7090762D0BEA301B35681C1B346846
:108260002C0B35783A74047E14F8207E04007E7E50
:108270000B704C7B7A0B70802674087E14F8207E7D
:1082800004007E7E0B704C7B7A0B708012740C7E27
:1082900014F8207E04007E7E0B704C7B7A0B707489
:1082A000407E14F8207E04007E7E0B704C7B7A0B9F
:1082B00070E490762B0BEA301A261A242F112F1116
:1082C0007E1449827E0400FE2F01693000020B0AF1
:1082D000207A1BB0741090762B0BEA301A261A24E1
:1082E0002F112F117E144A627E0400FE2F01693087
:1082F00000020B0A207A1BB090762F691E00020B39
:10830000EA00907DFB693E00020BEA209AFDDF7ACD
:108310004D0178046DFF80047EF400017D3F1A3624
:108320001AE690762F691E00020BEA00907DFB6929
:108330003E00020BEA209AFDDF7A2F1790763B79F8
:108340003E00021BEA2090763B693E00020BEA20C9
:10835000BE1800FF280E7E1800FF90763B793E0085
:10836000021BEA2090763B691E00020BEA00907621
:108370002B0BEA301A261A242F112F117E544A9201
:108380007E4400FE2F21693200020B2A207A1B3026
:10839000E490762B0BEA301A261A242F112F117E27
:1083A000144A867E0400FE2F01693000020B0A2069
:1083B0007A1BB0E490762B0BEA301A261A242F1180
:1083C0002F117E144A6E7E0400FE2F0169300002D8
:1083D0000B0A207A1BB0E490762B0BEA301A261A8F
:1083E000242F112F117E144A4A7E0400FE2F0169AA
:1083F0003000020B0A207A1BB0E490762B0BEA3097
:108400001A261A242F112F117E144A567E0400FEBC
:108410002F01693000020B0A207A1BB074C19076DC
:108420002B0BEA301A261A242F112F117E144976AD
:108430007E0400FE2F01693000020B0A207A1BB077
:10844000AA907ED6F0907ED41BEA30907ED40BEAC0
:10845000301B3468191B3468410B35786974C0F5DA
:10846000CD907ED6E0F5CFE5CD30E7FB806974C0D6
:108470007E34F8017E24007E7A1BB0907ED6E07EAA
:1084800034F8027E24007E7A1BB07E34F8017E240C
:10849000007E7E1BB030E7F2803D74C07E34F82150
:1084A0007E24007E7A1BB0907ED6E07E34F8227E59
:1084B00024007E7A1BB07E34F8217E24007E7E1B51
:1084C000B030E7F28011E47E14494C7E0400FE7E59
:1084D0003402F79AFE2ABAAA907E51F0907E4F1B82
:1084E000EA3074FF907E52F0907E4F0BEA301B34DE
:1084F00068231B34685A0B35680302858B74C0F5FA
:10850000CD907E51E0F5CFE5CD30E7FBE5CF907E15
:1085100052F002859C74C07E34F8017E24007E7A7D
:108520001BB0907E51E07E34F8027E24007E7A1BE0
:10853000B07E34F8017E24007E7E1BB030E7F27EF0
:1085400034F8027E24007E7E1BB0907E52F0804C78
:1085500074C07E34F8217E24007E7A1BB0907E5158
:10856000E07E34F8227E24007E7A1BB07E34F8212F
:108570007E24007E7E1BB030E7F27E34F8227E241B
:10858000007E7E1BB0907E52F08011E47E14494C38
:108590007E0400FE7E3403159AFE2ABA907E52E0D5
:1085A000AA907ED9F0907ED71BEA30907ED70BEA56
:1085B00030907ED9E09AFC8441AA907A501BEA0060
:1085C000791E0002907A4E1BEA308020907A4E0B82
:1085D000EA30907A50691E00020BEA007E0BB00B65
:1085E00014791E00021BEA009AFC8441907A5469B7
:1085F0003E00020BEA207E2800017F019F02791EC7
:1086000000021BEA004D2378C3AA907E551BEA2086
:10861000907E531BEA30907E530BEA30907E550BD0
:10862000EA107E24FF005D217D520A5A9AFC8441A3
:10863000907E530BEA30907E550BEA207E5400FF6B
:108640005D529AFC8441AA907A5A1BEA00791E0076
:1086500002907A581BEA308047907A580BEA3090A3
:108660007A5A691E00020BEA000B0A107E24FF00F2
:108670005D217D520A5A9AFC8441907A580BEA3067
:10868000907A5A691E00020BEA000B0A200B15793A
:108690001E00021BEA007E5400FF5D529AFC8441DA
:1086A000907A5E693E00020BEA207E2800017F017D
:1086B0009F02791E00021BEA004D23789CAA907E3F
:1086C0005A7AEB50907E59F0907E571BEA30907E9C
:1086D000570BEA30907E59E09AFC8441907E570B0C
:1086E000EA30907E5AE09AFC8441AA9079C91BEA4C
:1086F00000791E00029079C8F09079C61BEA30908C
:1087000079C60BEA309079C8E09AFC8441802090C9
:1087100079C60BEA309079C9691E00020BEA007E27
:108720000BB00B14791E00021BEA009AFC844190E6
:1087300079CD693E00020BEA207E2800017F019F6F
:1087400002791E00021BEA004D2378C3AA907CEE3A
:108750001BEA10907CEC1BEA20907CEA1BEA30902C
:108760007CEA0BEA30907CEC0BEA107E24FF005D83
:10877000217D520A5A9AFC8441907CEA0BEA30909F
:108780007CEC0BEA207E5400FF5D529AFC84419001
:108790007CEA0BEA30907CEE0BEA107E24FF005D51
:1087A000217D520A5A9AFC8441907CEA0BEA30906F
:1087B0007CEE0BEA207E5400FF5D529AFC8441AAB5
:1087C0009078B81BEA00791E00029078B61BEA2068
:1087D0009078B41BEA309078B40BEA309078B60BFE
:1087E000EA107E24FF005D217D520A5A9AFC8441E2
:1087F0009078B40BEA309078B60BEA207E5400FFF4
:108800005D529AFC84419078B40BEA309078B86954
:108810001E00020BEA000B0A107E24FF005D217D82
:10882000520A5A9AFC84419078B40BEA309078B896
:10883000691E00020BEA000B0A200B15791E0002CC
:108840001BEA007E5400FF5D529AFC8441AA907F8F
:10885000141BEA30907F140BEA30E49AFC84D8AA07
:10886000907A641BEA00791E0002907A621BEA305B
:10887000802E907A620BEA30E49AFC84D8907A6475
:10888000693E00020BEA207A1BB0907A64693E00D0
:10889000020BEA200B34907A64793E00021BEA2036
:1088A000907A68693E00020BEA207E2800017F0171
:1088B0009F02791E00021BEA004D2378B5AA907E24
:1088C0005B1BEA306D33907E5D1BEA30907E5B0B64
:1088D000EA30E49AFC84D80A3B907E5D1BEA309033
:1088E0007E5B0BEA30E49AFC84D80A2B907E5D0B09
:1088F000EA307C676C774D32907E5D1BEA30907E6B
:108900005D0BEA30AA907A6E1BEA00791E00029095
:108910007A6C1BEA30805A907A6C0BEA30E49AFC4D
:1089200084D80A1B907A6E693E00020BEA201B1A5B
:1089300010907A6C0BEA30E49AFC84D80A0B907A97
:108940006E693E00020BEA200B1A107C236C334D3B
:1089500010907A6E693E00020BEA201B1A10907A82
:108960006E693E00020BEA200B35793E00021BEADD
:1089700020907A72693E00020BEA207E2800017F77
:10898000019F02791E00021BEA004D237889AA90FC
:108990007EDCF0907EDA1BEA30907EDA0BEA3090D3
:1089A0007EDCE09AFC8441907EDA0BEA30E49AFCAB
:1089B00084D8AA9079D41BEA00791E00029079D35A
:1089C000F09079D11BEA309079D10BEA309079D3CD
:1089D000E09AFC8441802E9079D10BEA30E49AFC35
:1089E00084D89079D4693E00020BEA207A1BB090BB
:1089F00079D4693E00020BEA200B349079D4793E99
:108A000000021BEA209079D8693E00020BEA207E22
:108A10002800017F019F02791E00021BEA004D23FE
:108A200078B5AA907CF21BEA20907CF01BEA306DAE
:108A300033907CF41BEA30907CF00BEA30907CF2AF
:108A40000BEA107E24FF005D217D520A5A9AFC84B5
:108A500041907CF00BEA30907CF20BEA207E5400CF
:108A6000FF5D529AFC8441907CF00BEA30E49AFC62
:108A700084D80A3B907CF41BEA30907CF00BEA30FF
:108A8000E49AFC84D80A2B907CF40BEA307C676C67
:108A9000774D32907CF41BEA30907CF40BEA30AADC
:108AA0009078C41BEA00791E00029078C21BEA206D
:108AB0009078C01BEA309078C00BEA309078C20BF7
:108AC000EA107E24FF005D217D520A5A9AFC8441FF
:108AD0009078C00BEA309078C20BEA207E5400FFF9
:108AE0005D529AFC8441805A9078C00BEA30E49A37
:108AF000FC84D80A1B9078C4693E00020BEA201B54
:108B00001A109078C00BEA30E49AFC84D80A0B90D3
:108B100078C4693E00020BEA200B1A107C236C33E8
:108B20004D109078C4693E00020BEA201B1A109089
:108B300078C4693E00020BEA200B35793E00021B27
:108B4000EA209078C8693E00020BEA207E280001E6
:108B50007F019F02791E00021BEA004D237889AA3B
:108B60009077DA1BEA00791E00029077D81BEA3072
:108B700080739077DE693E00020BEA204D23684542
:108B80009077D80BEA309077DA691E00020BEA0082
:108B90007E0BB00B14791E00021BEA009AFC84D8ED
:108BA0009077DE693E00020BEA207A1BB09077DEF8
:108BB000693E00020BEA200B349077DE793E00021A
:108BC0001BEA2080209077D80BEA309077DA691E74
:108BD00000020BEA007E0BB00B14791E00021BEAA8
:108BE000009AFC84419077E2693E00020BEA207E05
:108BF0002800017F019F02791E00021BEA004D231D
:108C00006803028B72AA9077E81BEA00791E0002C3
:108C10009077E61BEA30028CF99077EC693E00020F
:108C20000BEA204D237803028CA89077E60BEA30FC
:108C30009077E8691E00020BEA000B0A107E24FF01
:108C4000005D217D520A5A9AFC84D80A1B9077EC69
:108C5000693E00020BEA201B1A109077E60BEA30FF
:108C60009077E8691E00020BEA000B0A509AFC8418
:108C7000D80A0B9077EC693E00020BEA200B1A1021
:108C80007C236C334D109077EC693E00020BEA2098
:108C90001B1A109077EC693E00020BEA200B357925
:108CA0003E00021BEA20803E9077E60BEA30907788
:108CB000E8691E00020BEA000B0A107E24FF005D2B
:108CC000217D520A5A9AFC84419077E60BEA309053
:108CD00077E8691E00020BEA000B0A207E5400FFB1
:108CE0005D529AFC84419077E8693E00020BEA20CD
:108CF0000B35793E00021BEA209077F0693E0002B6
:108D00000BEA207E2800017F019F02791E00021BD2
:108D1000EA004D236803028C19AA9076431BEA00EF
:108D2000791E00029076411BEA2090763F1BEA30C4
:108D30009F1190764F793E00021BEA209076490BF6
:108D4000EA307E24FF005D239076470BEA107E34E4
:108D5000FF005D31BD326811E47E14494C7E040091
:108D6000FE7E34046A9AFE2ABA9076470BEA207E89
:108D70003400FF5D327E24000174017E1400109ADD
:108D8000FD29C79076490BEA207E3400FF5D327ED4
:108D900024000174017E1400109AFD29C790764BBF
:108DA0000BEA207E34FFFFBD23681690764B0BEA5A
:108DB000207E3400FF5D326D2274016D119AFD2911
:108DC000C790764D0BEA207E34FFFFBD23681990D3
:108DD000764D0BEA207E3400FF5D327E240001E4F4
:108DE0007E1400109AFD29C7907643693E00020B5D
:108DF000EA20BE18968040649076470BEA207E34C5
:108E000000FF5D326D229AFD22CD9076490BEA205B
:108E10007E3400FF5D326D229AFD22CD90764B0BA1
:108E2000EA207E34FFFFBD23681290764B0BEA20C8
:108E30007E3400FF5D326D229AFD22CD90764D0B7F
:108E4000EA207E34FFFFBD23681290764D0BEA20A6
:108E50007E3400FF5D326D229AFD22CD90763F0B6D
:108E6000EA301B347803028F201B347803029063AE
:108E70000B3568030291A353A2F39076470BEA30B7
:108E80007D231A247E3400035D321B3468141B34A6
:108E900068151B3468162E3400037813E5A2F5A27A
:108EA000800D43A204800843A208800343A20CE47F
:108EB000F5CE43CE90907643691E00020BEA0090F7
:108EC0007DFB693E00020BEA209AFDDF7A90764F27
:108ED000793E00021BEA2090764F693E00020BEAC1
:108EE000201E341E2450034E60807E0800012F0196
:108EF0007E34FE907E24007E7A1B309076410BEA11
:108F0000301B35680D1B34680E0B35780D43CE04CD
:108F1000800843CE08800343CE0C43CE400291A389
:108F200074FC7E14FD6C7E04007E7E0B705C7B7A8C
:108F30000B709076470BEA307D231A247E340003B1
:108F40005D321B34681E1B34682E1B34683E2E3481
:108F50000003784A7E14FD6C7E04007E7E0B707ADE
:108F60000B70803A74017E14FD6C7E04007E7E0BD3
:108F7000704C7B7A0B70802674027E14FD6C7E042C
:108F8000007E7E0B704C7B7A0B70801274037E1413
:108F9000FD6C7E04007E7E0B704C7B7A0B70E47E51
:108FA00034F8007E24007E7A1BB074907E14F800A2
:108FB0007E04007E7E0B704C7B7A0B70907643694A
:108FC0001E00020BEA00907DFB693E00020BEA20C6
:108FD0009AFDDF7A90764F793E00021BEA20907668
:108FE0004F693E00020BEA201E341E2450034E60DF
:108FF000807E0800012F017E34F8087E24007E7AEE
:109000001B309076410BEA301B35681C1B34682CF2
:109010000B35783A74047E14F8007E04007E7E0BD3
:10902000704C7B7A0B70802674087E14F8007E04E6
:10903000007E7E0B704C7B7A0B708012740C7E1459
:10904000F8007E04007E7E0B704C7B7A0B707440BF
:109050007E14F8007E04007E7E0B704C7B7A0B70D1
:109060000291A374F37E14FD6C7E04007E7E0B706F
:109070005C7B7A0B709076470BEA307D231A247E56
:109080003400035D321B34681E1B34682E1B3468A9
:109090003E2E340003784A7E14FD6C7E04007E7EF2
:1090A0000B707A0B70803A74047E14FD6C7E0400A1
:1090B0007E7E0B704C7B7A0B70802674087E14FDCC
:1090C0006C7E04007E7E0B704C7B7A0B7080127479
:1090D0000C7E14FD6C7E04007E7E0B704C7B7A0B44
:1090E00070E47E34F8207E24007E7A1BB074907E7B
:1090F00014F8207E04007E7E0B704C7B7A0B7090FF
:109100007643691E00020BEA00907DFB693E000277
:109110000BEA209AFDDF7A90764F793E00021BEA37
:109120002090764F693E00020BEA201E341E245028
:10913000034E60807E0800012F017E34F8287E24D3
:10914000007E7A1B309076410BEA301B35681C1B81
:1091500034682C0B35783A74047E14F8207E0400B1
:109160007E7E0B704C7B7A0B70802674087E14F820
:10917000207E04007E7E0B704C7B7A0B7080127414
:109180000C7E14F8207E04007E7E0B704C7B7A0BE4
:109190007074407E14F8207E04007E7E0B704C7B41
:1091A0007A0B70AA907B731BEA20793E0002907BB9
:1091B00073693E00020BEA20907B77793E00021B28
:1091C000EA20907B77693E00020BEA207E280001AE
:1091D0007F019F02791E00021BEA004D2378E3AA5B
:1091E000907E371BEA00791E0002907E37693E00B0
:1091F000020BEA204D23680474018001E47E144EC2
:109200002E7E0400FE7E3400439AFE2ABA907E37FA
:10921000693E00020BEA200B1A3074019AFD2621E8
:10922000907E37693E00020BEA200B350B1A307432
:10923000019AFD2621907E37691E00020BEA002E5E
:10924000140005693000020B0A209AFC91A4907E5C
:1092500037693E00020BEA200B350B1A30E49AFD09
:109260002621907E37691E00020BEA002E140005AD
:10927000693000020B0A209AFC91A4907E37693E67
:1092800000020BEA200B1A30E49AFD2621AA907EF8
:109290003B1BEA00791E0002907E3B693E00020BF8
:1092A000EA204D23680474018001E47E144E2E7E72
:1092B0000400FE7E3400569AFE2ABA907E3B693E38
:1092C00000020BEA200B350B1A30E49AFD262190A0
:1092D0007E3B693E00020BEA200B1A30E49AFD2621
:1092E00021907E3B691E00020BEA002E14000569E6
:1092F0003000020B0A209AFC91A4907E3B693E004C
:10930000020BEA200B1A3074019AFD2621907E3B55
:10931000691E00020BEA002E140005693000020BE2
:109320000A209AFC91A4907E3B693E00020BEA2041
:109330000B350B1A3074019AFD2621907E3B691E75
:1093400000020BEA002E140005693000020B0A200F
:109350009AFC91A4AA907DCDF0907DC91BEA00797A
:109360001E0002907DC9693E00020BEA204D236871
:109370000474018001E47E144E2E7E0400FE7E34CF
:10938000006B9AFE2ABA907DC9693E00020BEA2062
:109390000B1A30E49AFD2621907DCDE0BEB0006826
:1093A00017907DC9693E00020BEA200B350B1A307D
:1093B00074019AFD26218014907DC9693E00020B3C
:1093C000EA200B350B1A30E49AFD2621907DC969FD
:1093D0001E00020BEA002E140005693000020B0A81
:1093E000209AFC91A4907DC9693E00020BEA200BF3
:1093F0001A3074019AFD2621907DC9691E00020B66
:10940000EA002E140005693000020B0A209AFC9134
:10941000A4907DC9693E00020BEA200B1A30E49A41
:10942000FD2621907DC9693E00020BEA200B350B19
:109430001A3074019AFD2621AA907DCE1BEA00798C
:109440001E0002E4907DD2F0907DCE693E00020BBA
:10945000EA204D23680474018001E47E144E2E7EC0
:109460000400FE7E3400889AFE2ABA907DCE693EC2
:1094700000020BEA200B1A30E49AFD2621907DCEE3
:10948000693E00020BEA200B350B1A3074019AFD7D
:109490002621907DCE691E00020BEA002E140005E5
:1094A000693000020B0A209AFC91A4907DCE693E9F
:1094B00000020BEA200B1A3074019AFD2621907DE0
:1094C000CE691E00020BEA002E140005693000026E
:1094D0000B0A209AFC91A4907DCE693E00020BEA13
:1094E000200B350B1A309AFD2424BEB00068067498
:1094F00001907DD2F0907DCE693E00020BEA200BF8
:109500001A30E49AFD2621907DCE691E00020BEAF6
:10951000002E140005693000020B0A209AFC91A469
:10952000907DD2E0AA907CB8F0907CB41BEA0079E0
:109530001E00027480907CB9F0907CB4693E0002F9
:109540000BEA204D23680474018001E47E144E2E42
:109550007E0400FE7E3400AC9AFE2ABA0295FC908E
:109560007CB9E0907CB87EEB705C7B0A276D33BDE4
:10957000236817907CB4693E00020BEA200B350B80
:109580001A3074019AFD26218014907CB4693E0043
:10959000020BEA200B350B1A30E49AFD2621907C51
:1095A000B9E01EB0F0907CB4691E00020BEA002EF8
:1095B000140005693000020B0A209AFC91A4907CEB
:1095C000B4693E00020BEA200B1A3074019AFD26A2
:1095D00021907CB4691E00020BEA002E140005697C
:1095E0003000020B0A209AFC91A4907CB4693E00E2
:1095F000020BEA200B1A30E49AFD2621907CB9E098
:10960000BEB000680302955F907CB4691E00020B37
:10961000EA009AFC9439BEB0017803E48002740138
:10962000AA907C46F0907C421BEA00791E0002E47E
:10963000907C47F07408907C48F0907C42693E0032
:10964000020BEA204D23680474018001E47E144E6D
:109650002E7E0400FE7E3400C79AFE2ABA907C4219
:10966000693E00020BEA200B1A30E49AFD26219095
:109670007C42691E00020BEA002E140005693000CE
:10968000020B0A209AFC91A4907C42693E00020BD6
:10969000EA200B350B1A3074019AFD262180789050
:1096A0007C42693E00020BEA200B1A30E49AFD2648
:1096B00021907C42691E00020BEA002E140005690D
:1096C0003000020B0A209AFC91A4907C42693E0073
:1096D000020BEA200B1A3074019AFD2621907C427D
:1096E000691E00020BEA002E140005693000020B0F
:1096F0000A209AFC91A4907C42693E00020BEA2069
:109700000B350B1A309AFD24247CAB907C47E03E4D
:10971000B04CBA907C47F0907C487EEBA07E700104
:109720007CBA9CB7F0BEA000680302969F907C4272
:10973000693E00020BEA200B1A30E49AFD262190C4
:109740007C42691E00020BEA002E140005693000FD
:10975000020B0A209AFC91A4907C42691E00020B25
:10976000EA00907C46E09AFC9355907C47E0AA90F2
:109770007DD7F0907DD31BEA00791E0002907DD347
:10978000693E00020BEA204D23680474018001E465
:109790007E144E2E7E0400FE7E3400EA9AFE2ABA23
:1097A000907DD3691E00020BEA009AFC91E0907D47
:1097B000D3691E00020BEA00907DD3693E00020BC4
:1097C000EA200B367E1BB03EB09AFC9525907DD3E7
:1097D000691E00020BEA00907DD7E09AFC95259067
:1097E0007DD3691E00020BEA009AFC928EAA907843
:1097F000701BEA20793E000290786C1BEA00791E0B
:10980000000290786C693E00020BEA204D23680448
:1098100074018001E47E144E2E7E0400FE7E34002E
:10982000FC9AFE2ABA907870693E00020BEA204D3D
:1098300023680474018001E47E144E2E7E0400FE31
:109840007E3400FD9AFE2ABA90786C691E00020BE5
:10985000EA009AFC91E090786C691E00020BEA0025
:1098600090786C693E00020BEA200B367E1BB03EFE
:10987000B09AFC9525802490786C691E00020BEA52
:1098800000907870693E00020BEA207E1BB00B341A
:10989000793E00021BEA209AFC9525907874693E77
:1098A00000020BEA207E2800017F019F02791E0042
:1098B000021BEA004D2378BF90786C691E00020BF2
:1098C000EA009AFC928EAA907CBE1BEA30907CBA89
:1098D0001BEA00791E0002907CBA693E00020BEA86
:1098E000204D23680474018001E47E144E2E7E0412
:1098F00000FE7E3401119AFE2ABA907CBA691E00DD
:10990000020BEA009AFC91E0907CBA691E00020BFF
:10991000EA00907CBA693E00020BEA200B367E1BFF
:10992000B03EB09AFC9525907CBA691E00020BEA05
:1099300000907CBE0BEA207E34FF005D327D530A2E
:109940005A9AFC9525907CBA691E00020BEA009099
:109950007CBE0BEA407E5400FF5D549AFC95259036
:109960007CBA691E00020BEA009AFC928EAA9078DB
:109970007C1BEA20793E00029078781BEA00791E71
:109980000002907878693E00020BEA204D236804BB
:1099900074018001E47E144E2E7E0400FE7E3401AC
:1099A000249AFE2ABA90787C693E00020BEA204D88
:1099B00023680474018001E47E144E2E7E0400FEB0
:1099C0007E3401259AFE2ABA907878691E00020B2F
:1099D000EA009AFC91E0907878691E00020BEA0098
:1099E000907878693E00020BEA200B367E1BB03E71
:1099F000B09AFC9525804F907878691E00020BEA9A
:109A00000090787C693E00020BEA200B1A207E341D
:109A1000FF005D327D530A5A9AFC9525907878694B
:109A20001E00020BEA0090787C693E00020BEA20DF
:109A30000B1A400B35793E00021BEA207E5400FFD2
:109A40005D549AFC9525907880693E00020BEA20CF
:109A50007E2800017F019F02791E00021BEA004D53
:109A6000237894907878691E00020BEA009AFC92A1
:109A70008EAA907CC57AEB70907CC4F0907CC01B61
:109A8000EA00791E0002907CC0693E00020BEA20C9
:109A90004D23680474018001E47E144E2E7E040080
:109AA000FE7E34013B9AFE2ABA907CC0691E0002F9
:109AB0000BEA009AFC91E0907CC0691E00020BEA60
:109AC00000907CC0693E00020BEA200B367E1BB082
:109AD0003EB09AFC9525907CC0691E00020BEA00FE
:109AE000907CC4E09AFC9525907CC0691E00020B16
:109AF000EA00907CC5E09AFC9525907CC0691E0028
:109B0000020BEA009AFC928EAA9078301BEA207928
:109B10003E000290782FF090782B1BEA00791E000F
:109B20000290782B693E00020BEA204D23680474F2
:109B3000018001E47E144E2E7E0400FE7E34014F2F
:109B40009AFE2ABA907830693E00020BEA204D2333
:109B5000680474018001E47E144E2E7E0400FE7EB3
:109B60003401509AFE2ABA90782B691E00020BEA43
:109B7000009AFC91E090782B691E00020BEA00909D
:109B8000782B693E00020BEA200B367E1BB03EB0FC
:109B90009AFC952590782B691E00020BEA009078BC
:109BA0002FE09AFC9525802490782B691E00020BEB
:109BB000EA00907830693E00020BEA207E1BB00B71
:109BC00034793E00021BEA209AFC9525907834698E
:109BD0003E00020BEA207E2800017F019F02791ED1
:109BE00000021BEA004D2378BF90782B691E00020B
:109BF0000BEA009AFC928EAA907B811BEA20907B54
:109C00007F1BEA30907B7B1BEA00791E0002907B71
:109C10007B693E00020BEA204D2368047401800139
:109C2000E47E144E2E7E0400FE7E3401669AFE2AE7
:109C3000BA907B7B691E00020BEA009AFC91E090CF
:109C40007B7B691E00020BEA00907B7B693E000271
:109C50000BEA200B367E1BB03EB09AFC9525907B1C
:109C60007B691E00020BEA00907B7F0BEA207E34AA
:109C7000FF005D327D530A5A9AFC9525907B7B69E3
:109C80001E00020BEA00907B7F0BEA407E5400FF2F
:109C90005D549AFC9525907B7B691E00020BEA00BF
:109CA000907B810BEA207E34FF005D327D530A5A9F
:109CB0009AFC9525907B7B691E00020BEA00907B45
:109CC000810BEA407E5400FF5D549AFC9525907B01
:109CD0007B691E00020BEA009AFC928EAA9077A480
:109CE0001BEA309077A01BEA00791E00029077A053
:109CF000693E00020BEA204D23680474018001E4F0
:109D00007E144E2E7E0400FE7E34017C9AFE2ABA1A
:109D10009077A6693E00020BEA204D236804740187
:109D20008001E47E144E2E7E0400FE7E34017D9A76
:109D3000FE2ABA9077A0691E00020BEA009AFC91F5
:109D4000E09077A0691E00020BEA009077A0693EC0
:109D500000020BEA200B367E1BB03EB09AFC952524
:109D60009077A0691E00020BEA009077A40BEA200E
:109D70007E34FF005D327D530A5A9AFC9525907718
:109D8000A0691E00020BEA009077A40BEA407E5403
:109D900000FF5D549AFC9525804F9077A0691E00C6
:109DA000020BEA009077A6693E00020BEA200B1A2C
:109DB000207E34FF005D327D530A5A9AFC9525902F
:109DC00077A0691E00020BEA009077A6693E0002A8
:109DD0000BEA200B1A400B35793E00021BEA207E6D
:109DE0005400FF5D549AFC95259077AA693E0002C5
:109DF0000BEA207E2800017F019F02791E00021BD2
:109E0000EA004D2378949077A0691E00020BEA00C7
:109E10009AFC928EAA907DD81BEA00791E0002E47B
:109E2000907DDCF0907DD8693E00020BEA204D2346
:109E3000680474018001E47E144E2E7E0400FE7ED0
:109E40003401949AFE2ABA907DD8691E00020BEA6A
:109E5000009AFC91E0907DD8691E00020BEA009008
:109E60007DD8693E00020BEA200B367E1BA03EA087
:109E700074014CBA9AFC9525907DD8691E00020B9E
:109E8000EA0074019AFC9621907DDCF0907DD869FF
:109E90001E00020BEA009AFC928E907DDCE0AA90F4
:109EA00078881BEA20793E00029078841BEA0079CA
:109EB0001E0002907884693E00020BEA204D236860
:109EC0000474018001E47E144E2E7E0400FE7E3474
:109ED00001A89AFE2ABA907888693E00020BEA200F
:109EE0004D23680474018001E47E144E2E7E04002C
:109EF000FE7E3401A99AFE2ABA907884691E000277
:109F00000BEA009AFC91E0907884691E00020BEA4B
:109F100000907884693E00020BEA200B367E1BA07D
:109F20003EA074014CBA9AFC9525804490788469CF
:109F30001E00020BEA0090788C693E00020BEA20BA
:109F40004D23780474018001E49AFC96219078886E
:109F5000693E00020BEA207A1BB0907888693E00C7
:109F6000020BEA200B34907888793E00021BEA202D
:109F700090788C693E00020BEA207E2800017F0168
:109F80009F02791E00021BEA004D23789F9078847F
:109F9000691E00020BEA009AFC928EAA907CC61BF6
:109FA000EA00791E00026D33907CCA1BEA30907C77
:109FB000C6693E00020BEA204D236804740180014B
:109FC000E47E144E2E7E0400FE7E3401BE9AFE2AEC
:109FD000BA907CC6691E00020BEA009AFC91E090E0
:109FE0007CC6691E00020BEA00907CC6693E000236
:109FF0000BEA200B367E1BA03EA074014CBA9AFCE3
:10A000009525907CC6691E00020BEA00E49AFC9636
:10A01000210A3B907CCA1BEA30907CC6691E000274
:10A020000BEA0074019AFC96210A2B907CCA0BEA79
:10A03000307C676C774D32907CCA1BEA30907CC6CE
:10A04000691E00020BEA009AFC928E907CCA0BEA11
:10A0500030AA9078941BEA20793E00029078901BF9
:10A06000EA00791E0002907890693E00020BEA2017
:10A070004D23680474018001E47E144E2E7E04009A
:10A08000FE7E3401D29AFE2ABA907894693E00028C
:10A090000BEA204D23680474018001E47E144E2EE7
:10A0A0007E0400FE7E3401D39AFE2ABA907890692D
:10A0B0001E00020BEA009AFC91E0907890691E0065
:10A0C000020BEA00907890693E00020BEA200B3602
:10A0D0007E1BA03EA074014CBA9AFC95258074901A
:10A0E0007890691E00020BEA00E49AFC96210A1B94
:10A0F000907894693E00020BEA201B1A1090789029
:10A10000691E00020BEA00907898693E00020BEA93
:10A11000204D23780474018001E49AFC96210A0BF7
:10A12000907894693E00020BEA200B1A107C236C95
:10A13000334D10907894693E00020BEA201B1A10F0
:10A14000907894693E00020BEA200B35793E0002BC
:10A150001BEA20907898693E00020BEA207E2800D6
:10A16000017F019F02791E00021BEA004D23680354
:10A1700002A0DF907890691E00020BEA009AFC9220
:10A180008EAA907CD0F0907CCC1BEA00791E000255
:10A19000E4907CD1F0907CCC693E00020BEA204D2B
:10A1A00023680474018001E47E144E2E7E0400FEB8
:10A1B0007E3401EA9AFE2ABA907CCC691E00020B1A
:10A1C000EA009AFC91E0907CCC691E00020BEA0048
:10A1D000907CCC693E00020BEA200B367E1BB03E21
:10A1E000B09AFC9525907CCC691E00020BEA009089
:10A1F0007CD0E09AFC9525907CCC691E00020BEA8D
:10A20000009AFC91E0907CCC691E00020BEA009061
:10A210007CCC693E00020BEA200B367E1BA03EA0E0
:10A2200074014CBA9AFC9525907CCC691E00020BF7
:10A23000EA0074019AFC9621907CD1F0907CCC6964
:10A240001E00020BEA009AFC928E907CD1E0AA904C
:10A25000783D1BEA20793E000290783CF0907838F7
:10A260001BEA00791E0002907838693E00020BEA72
:10A27000204D23680474018001E47E144E2E7E0478
:10A2800000FE7E3402019AFE2ABA90783D693E00B3
:10A29000020BEA204D23680474018001E47E144E11
:10A2A0002E7E0400FE7E3402029AFE2ABA9078388E
:10A2B000691E00020BEA009AFC91E0907838691E52
:10A2C00000020BEA00907838693E00020BEA200B8E
:10A2D000367E1BB03EB09AFC9525907838691E00FA
:10A2E000020BEA0090783CE09AFC9525907838695A
:10A2F0001E00020BEA009AFC91E0907838691E007B
:10A30000020BEA00907838693E00020BEA200B3617
:10A310007E1BA03EA074014CBA9AFC952580449007
:10A320007838691E00020BEA00907841693E00020D
:10A330000BEA204D23780474018001E49AFC9621F5
:10A3400090783D693E00020BEA207A1BB090783D80
:10A35000693E00020BEA200B3490783D793E000202
:10A360001BEA20907841693E00020BEA207E28001B
:10A37000017F019F02791E00021BEA004D23789F96
:10A38000907838691E00020BEA009AFC928EAA901F
:10A390007B871BEA30907B831BEA00791E00026DED
:10A3A00033907B891BEA30907B83693E00020BEA85
:10A3B000204D23680474018001E47E144E2E7E0437
:10A3C00000FE7E34021A9AFE2ABA907B83691E0030
:10A3D000020BEA009AFC91E0907B83691E00020B5D
:10A3E000EA00907B83693E00020BEA200B367E1B5D
:10A3F000B03EB09AFC9525907B83691E00020BEA63
:10A4000000907B870BEA207E34FF005D327D530A8B
:10A410005A9AFC9525907B83691E00020BEA0090F6
:10A420007B870BEA407E5400FF5D549AFC95259093
:10A430007B83691E00020BEA009AFC91E0907B830B
:10A44000691E00020BEA00907B83693E00020BEA62
:10A45000200B367E1BA03EA074014CBA9AFC9525B9
:10A46000907B83691E00020BEA00E49AFC96210AA5
:10A470003B907B891BEA30907B83691E00020BEACC
:10A480000074019AFC96210A2B907B890BEA307CA0
:10A49000676C774D32907B891BEA30907B83691E15
:10A4A00000020BEA009AFC928E907B890BEA30AA9C
:10A4B0009077B21BEA309077AE1BEA00791E00025B
:10A4C0009077AE693E00020BEA204D2368047401C8
:10A4D0008001E47E144E2E7E0400FE7E3402339A08
:10A4E000FE2ABA9077B4693E00020BEA204D236839
:10A4F0000474018001E47E144E2E7E0400FE7E343E
:10A5000002349AFE2ABA9077AE691E00020BEA0066
:10A510009AFC91E09077AE691E00020BEA009077FA
:10A52000AE693E00020BEA200B367E1BB03EB09AAD
:10A53000FC95259077AE691E00020BEA009077B279
:10A540000BEA207E34FF005D327D530A5A9AFC9557
:10A55000259077AE691E00020BEA009077B20BEAF5
:10A56000407E5400FF5D549AFC95259077AE691E9D
:10A5700000020BEA009AFC91E09077AE691E00029F
:10A580000BEA009077AE693E00020BEA200B367EA4
:10A590001BA03EA074014CBA9AFC9525807490775C
:10A5A000AE691E00020BEA00E49AFC96210A1B9099
:10A5B00077B4693E00020BEA201B1A109077AE694F
:10A5C0001E00020BEA009077B8693E00020BEA20F9
:10A5D0004D23780474018001E49AFC96210A0B90C3
:10A5E00077B4693E00020BEA200B1A107C236C330F
:10A5F0004D109077B4693E00020BEA201B1A1090B0
:10A6000077B4693E00020BEA200B35793E00021B4D
:10A61000EA209077B8693E00020BEA207E2800010C
:10A620007F019F02791E00021BEA004D236803028E
:10A63000A59E9077AE691E00020BEA009AFC928EEE
:10A64000AA9076071BEA20793E00029076031BEA67
:10A6500000791E0002907603693E00020BEA204D4D
:10A6600023680474018001E47E144E2E7E0400FEF3
:10A670007E3402519AFE2ABA907607693E00020B98
:10A68000EA204D23680474018001E47E144E2E7E7E
:10A690000400FE7E3402529AFE2ABA90760F693E7A
:10A6A00000020BEA204D23680474018001E47E144B
:10A6B0004E2E7E0400FE7E3402539AFE2ABA907615
:10A6C00003691E00020BEA009AFC91E09076036990
:10A6D0001E00020BEA00907603693E00020BEA209E
:10A6E0000B367E1BB03EB09AFC95258024907603F5
:10A6F000691E00020BEA00907607693E00020BEA31
:10A70000207E1BB00B34793E00021BEA209AFC9598
:10A710002590760B693E00020BEA207E2800017F1F
:10A72000019F02791E00021BEA004D2378BF90763C
:10A7300013693E00020BEA204D23780302A7D39051
:10A740007603691E00020BEA009AFC91E090760302
:10A75000691E00020BEA00907603693E00020BEAD4
:10A76000200B367E1BA03EA074014CBA9AFC9525A6
:10A770008044907603691E00020BEA00907613690C
:10A780003E00020BEA204D23780474018001E49A14
:10A79000FC962190760F693E00020BEA207A1BB0EE
:10A7A00090760F693E00020BEA200B3490760F7909
:10A7B0003E00021BEA20907613693E00020BEA205D
:10A7C0007E2800017F019F02791E00021BEA004DD6
:10A7D00023789F907603691E00020BEA009AFC9290
:10A7E0008EAA90761B1BEA20793E00029076171BFA
:10A7F000EA00791E0002907617693E00020BEA20FB
:10A800004D23680474018001E47E144E2E7E040002
:10A81000FE7E3402749AFE2ABA90761B693E0002CC
:10A820000BEA204D23680474018001E47E144E2E4F
:10A830007E0400FE7E3402759AFE2ABA9076236961
:10A840003E00020BEA204D23680474018001E47E7F
:10A85000144E2E7E0400FE7E3402769AFE2ABA90B2
:10A860007617691E00020BEA009AFC91E0907617B9
:10A87000691E00020BEA00907617693E00020BEA9F
:10A88000200B367E1BB03EB09AFC9525804F90760B
:10A8900017691E00020BEA0090761B693E00020B4E
:10A8A000EA200B1A207E34FF005D327D530A5A9A4B
:10A8B000FC9525907617691E00020BEA0090761B26
:10A8C000693E00020BEA200B1A400B35793E00026C
:10A8D0001BEA207E5400FF5D549AFC952590761F5C
:10A8E000693E00020BEA207E2800017F019F027969
:10A8F0001E00021BEA004D237894907627693E00E3
:10A90000020BEA204D23780302A9D2907617691E24
:10A9100000020BEA009AFC91E0907617691E000293
:10A920000BEA00907617693E00020BEA200B367E98
:10A930001BA03EA074014CBA9AFC952580749076B9
:10A9400017691E00020BEA00E49AFC96210A1B908C
:10A950007623693E00020BEA201B1A1090761769D5
:10A960001E00020BEA00907627693E00020BEA20E7
:10A970004D23780474018001E49AFC96210A0B901F
:10A980007623693E00020BEA200B1A107C236C33FD
:10A990004D10907623693E00020BEA201B1A10909E
:10A9A0007623693E00020BEA200B35793E00021B3C
:10A9B000EA20907627693E00020BEA207E280001FB
:10A9C0007F019F02791E00021BEA004D23680302EB
:10A9D000A93E907617691E00020BEA009AFC928E3F
:10A9E000AA907CD77AEB70907CD6F0907CD21BEA50
:10A9F00000791E0002907CD2693E00020BEA204DD5
:10AA000023680474018001E47E144E2E7E0400FE4F
:10AA10007E3402979AFE2ABA907CD2691E00020BFD
:10AA2000EA009AFC91E0907CD2691E00020BEA00D9
:10AA3000907CD2693E00020BEA200B367E1BB03EB2
:10AA4000B09AFC9525907CD2691E00020BEA00901A
:10AA50007CD6E09AFC9525907CD2691E00020BEA18
:10AA600000907CD7E09AFC9525907CD2691E00026C
:10AA70000BEA009AFC928EAA907CDCF0907CD81BAA
:10AA8000EA00791E0002E4907CDDF0907CD8693EFB
:10AA900000020BEA204D23680474018001E47E1457
:10AAA0004E2E7E0400FE7E3402AA9AFE2ABA907CC4
:10AAB000D8691E00020BEA009AFC91E0907CD869EC
:10AAC0001E00020BEA00907CD8693E00020BEA20CF
:10AAD0000B367E1BB03EB09AFC9525907CD8691E43
:10AAE00000020BEA00907CDCE09AFC9525907CD873
:10AAF000691E00020BEA009AFC928E907CD8691EB7
:10AB000000020BEA009AFC91E0907CD8691E0002DA
:10AB10000BEA00907CD8693E00020BEA200B367EDF
:10AB20001BA03EA074014CBA9AFC9525907CD86974
:10AB30001E00020BEA0074019AFC9621907CDDF065
:10AB4000907CD8691E00020BEA009AFC928E907CE1
:10AB5000DDE0AA90784A1BEA20793E00029078490D
:10AB6000F09078451BEA00791E0002907845693E16
:10AB700000020BEA204D23680474018001E47E1476
:10AB80004E2E7E0400FE7E3402C49AFE2ABA9078CD
:10AB9000500BEA2090784E0BEA30BD326804740105
:10ABA0008001E47E144E2E7E0400FE7E3402C59A9F
:10ABB000FE2ABA90784E0BEA10907845693E000262
:10ABC0000BEA201B1A109078500BEA109078456918
:10ABD0003E00020BEA200B351B1A10907849E090DA
:10ABE0007845693E00020BEA200B367A1BB090785C
:10ABF0004A691E00020BEA00907845693E00020B8C
:10AC0000EA202E340005791100021B1A0090784EBC
:10AC10000BEA307E24000174017E1400119AFD2994
:10AC2000C79078500BEA307E24000174017E140036
:10AC3000119AFD29C7AA906F241BEA20906F201B50
:10AC4000EA00791E0002906F1E1BEA307E344C5CD5
:10AC50007E2400FE7E146F267E04000174409AFD5F
:10AC6000E0016D33906F661BEA3002B016906F24DE
:10AC70000BEA207E340040BD2328067E340040804D
:10AC800006906F240BEA30906F661BEA30906F6677
:10AC90000BEA30CA39906F20693E00020BEA207E31
:10ACA000146F267E0400019AFDFFD21BFD906F6693
:10ACB0000BEA20906F240BEA309D321BEA30906F34
:10ACC000660BEA10906F20693E00020BEA202D31DE
:10ACD000793E00021BEA206CAA6D22906F1E0BEADF
:10ACE00030BD32482B906F1E0BEA207E340003BD2E
:10ACF00023181D906F1E0BEA101A021A0074042FFD
:10AD0000001478FB7E34FA307E24007E2F10801CE5
:10AD1000906F1E0BEA301A261A247E1400309AFD1A
:10AD2000DF6F7E14F6907E04007E2F107A1BA06CDD
:10AD3000AA6D22906F1E0BEA30BD32482B906F1E19
:10AD40000BEA207E340003BD23181D906F1E0BEA12
:10AD5000101A021A0074042F001478FB7E34FA32A1
:10AD60007E24007E2F10801C906F1E0BEA301A2666
:10AD70001A247E1400309AFDDF6F7E14F6927E0452
:10AD8000007E2F107A1BA0906F660BEA507E440065
:10AD9000019D547CAB6D22906F1E0BEA30BD324892
:10ADA0002B906F1E0BEA207E340003BD23181D90EC
:10ADB0006F1E0BEA101A021A0074042F001478FB9D
:10ADC0007E34FA337E24007E2F10801C906F1E0B81
:10ADD000EA301A261A247E1400309AFDDF6F7E14A2
:10ADE000F6957E04007E2F107A1BA0906F660BEA0A
:10ADF000307E2400019D327D530A5A6D22906F1ED1
:10AE00000BEA30BD32482A906F1E0BEA207E3400D8
:10AE100003BD23181C906F1E0BEA301A261A247FDC
:10AE2000012F002F007E34FA887E24007E2F1080B0
:10AE30001C906F1E0BEA301A261A247E1400309ADA
:10AE4000FDDF6F7E14F6947E04007E2F107A1BB017
:10AE50007E346F267D530A5A7CAB6D22906F1E0B99
:10AE6000EA30BD32482B906F1E0BEA207E3400037F
:10AE7000BD23181D906F1E0BEA101A021A007404ED
:10AE80002F001478FB7E34FA357E24007E2F10804C
:10AE90001C906F1E0BEA301A261A247E1400309A7A
:10AEA000FDDF6F7E14F6987E04007E2F107A1BA0C3
:10AEB0007E546F267CAB6D22906F1E0BEA30BD3244
:10AEC000482B906F1E0BEA207E340003BD23181D13
:10AED000906F1E0BEA101A021A0074042F001478E7
:10AEE000FB7E34FA367E24007E2F10801C906F1E6D
:10AEF0000BEA301A261A247E1400309AFDDF6F7E8A
:10AF000014F6997E04007E2F107A1BA07EA0C06DDF
:10AF100022906F1E0BEA30BD32482B906F1E0BEA59
:10AF2000207E340003BD23181D906F1E0BEA101AFB
:10AF3000021A0074042F001478FB7E34FA317E2448
:10AF4000007E2F10801C906F1E0BEA301A261A24E8
:10AF50007E1400309AFDDF6F7E14F6917E04007E31
:10AF60002F107A1BA06D22906F1E0BEA30BD324865
:10AF70002B906F1E0BEA207E340003BD23181D901A
:10AF80006F1E0BEA101A021A0074042F001478FBCB
:10AF90007E34FA327E24007E2F10801C906F1E0BB0
:10AFA000EA301A261A247E1400309AFDDF6F7E14D0
:10AFB000F6927E04007E2F107E1BB030E0A76CAAB4
:10AFC0006D22906F1E0BEA30BD32482B906F1E0B26
:10AFD000EA207E340003BD23181D906F1E0BEA107B
:10AFE0001A021A0074042F001478FB7E34FA317EA2
:10AFF00024007E2F10801C906F1E0BEA301A261A38
:10B00000247E1400309AFDDF6F7E14F6917E0400DA
:10B010007E2F107A1BA0906F240BEA206D33BD2386
:10B02000680302AC6DAA907B8D1BEA00791E0002BA
:10B03000907B8B1BEA30907B8D691E00020BEA002F
:10B040009AFCFFEC907B911BEA30907B8B0BEA30F3
:10B05000907B8D691E00020BEA00907B910BEA2029
:10B060009AFCAC36AA907EDFF0907EDD1BEA309031
:10B070007EDD0BEA307E147EDF7E0400017E24003C
:10B08000019AFCAC36AA907F161BEA306CAA6D229E
:10B09000907F160BEA30BD32482B907F160BEA20CA
:10B0A0007E340003BD23181D907F160BEA101A0290
:10B0B0001A0074042F001478FB7E34FA3B7E2400BF
:10B0C0007E2F10801C907F160BEA301A261A247EE1
:10B0D0001400309AFDDF6F7E14F6A57E04007E2FEB
:10B0E000107A1BA0E46D22907F160BEA30BD324827
:10B0F0002A907F160BEA207E340003BD23181C9093
:10B100007F160BEA301A261A247F012F002F007EAB
:10B1100034FA8A7E24007E2F10801C907F160BEA62
:10B12000301A261A247E1400309AFDDF6F7E14F642
:10B13000A47E04007E2F107A1BB0907F160BEA408D
:10B140007E5472222D547CAB6D22907F160BEA3018
:10B15000BD32482B907F160BEA207E340003BD23BE
:10B16000181D907F160BEA101A021A0074042F00A3
:10B170001478FB7E34FA3E7E24007E2F10801C90D3
:10B180007F160BEA301A261A247E1400309AFDDF4F
:10B190006F7E14F6A97E04007E2F107A1BA0907F8C
:10B1A000160BEA207E3472222D327D530A5A7CAB74
:10B1B0006D22907F160BEA30BD32482B907F160B24
:10B1C000EA207E340003BD23181D907F160BEA1081
:10B1D0001A021A0074042F001478FB7E34FA3D7EA4
:10B1E00024007E2F10801C907F160BEA301A261A3E
:10B1F000247E1400309AFDDF6F7E14F6A87E0400D2
:10B200007E2F107A1BA07EA0A16D22907F160BEAE4
:10B2100030BD32482B907F160BEA207E340003BDF0
:10B2200023181D907F160BEA101A021A0074042FBF
:10B23000001478FB7E34FA397E24007E2F10801CA7
:10B24000907F160BEA301A261A247E1400309AFDDD
:10B25000DF6F7E14F6A17E04007E2F107A1BA0AA59
:10B26000907C4C1BEA00791E0002907C4BF0907C95
:10B27000491BEA30907C4BE0BEB00068607EA08045
:10B280006D22907C490BEA30BD32482B907C490BF3
:10B29000EA207E340003BD23181D907C490BEA3060
:10B2A0001A261A2474042F111478FB7E14FA387E9F
:10B2B00004007E2F01801C907C490BEA301A261A6C
:10B2C000247E1400309AFDDF6F7E14F6A07E040009
:10B2D0007E2F017E0B704C7A7A0B70805E7EA07F91
:10B2E0006D22907C490BEA30BD32482B907C490B93
:10B2F000EA207E340003BD23181D907C490BEA3000
:10B300001A261A2474042F111478FB7E14FA387E3E
:10B3100004007E2F01801C907C490BEA301A261A0B
:10B32000247E1400309AFDDF6F7E14F6A07E0400A8
:10B330007E2F017E0B705C7A7A0B70907C4C691EBC
:10B3400000020BEA00907C490BEA203E243E247E5A
:10B3500034722A2D327A71827A6183791E00021B3F
:10B36000EA00AA907EE01BEA306D22907EE00BEAB4
:10B3700030BD32482B907EE00BEA207E340003BDC6
:10B3800023181D907EE00BEA101A021A0074042F95
:10B39000001478FB7E34FA3A7E24007E2F10801C45
:10B3A000907EE00BEA301A261A247E1400309AFDB3
:10B3B000DF6F7E14F6A27E04007E2F107E1BA07429
:10B3C000035CBABEB00068A1907EE00BEA207E3438
:10B3D00072222D327A71827A6183E0907EE2F06C83
:10B3E000AA6D22907EE00BEA30BD32482B907EE0C1
:10B3F0000BEA207E340003BD23181D907EE00BEA8B
:10B40000101A021A0074042F001478FB7E34FA3AE2
:10B410007E24007E2F10801C907EE00BEA301A26DE
:10B420001A247E1400309AFDDF6F7E14F6A27E048B
:10B43000007E2F107A1BA0907EE00BEA309AFCB0C1
:10B4400086907EE2E0AA907C521BEA00791E000200
:10B45000907C501BEA30E4907C56F0907C500BEAD4
:10B46000207E3472222D327A71827A6183E0907C60
:10B4700052693E00020BEA207A1BB06D22907C508C
:10B480000BEA30BD32482B907C500BEA207E340012
:10B4900003BD23181D907C500BEA101A021A007489
:10B4A000042F001478FB7E34FA3A7E24007E2F109D
:10B4B000801C907C500BEA301A261A247E1400302F
:10B4C0009AFDDF6F7E14F6A27E04007E2F107E1B95
:10B4D000A074035CBABEB00068667401907C56F03C
:10B4E0007EA0FC6D22907C500BEA30BD32482B9040
:10B4F0007C500BEA207E340003BD23181D907C5045
:10B500000BEA301A261A2474042F111478FB7E14C7
:10B51000FA3A7E04007E2F01801C907C500BEA30AA
:10B520001A261A247E1400309AFDDF6F7E14F6A2CC
:10B530007E04007E2F017E0B705C7A7A0B70800592
:10B54000E4907C56F0907C500BEA309AFCB08690E8
:10B550007C56E0AA907F181BEA306CAA6D22907F7F
:10B56000180BEA30BD32482B907F180BEA207E344E
:10B570000003BD23181D907F180BEA101A021A0051
:10B5800074042F001478FB7E34FA307E24007E2F62
:10B5900010801C907F180BEA301A261A247E1400A3
:10B5A000309AFDDF6F7E14F6907E04007E2F107AB5
:10B5B0001BA06CAA6D22907F180BEA30BD32482B7D
:10B5C000907F180BEA207E340003BD23181D907F66
:10B5D000180BEA101A021A0074042F001478FB7E6C
:10B5E00034FA327E24007E2F10801C907F180BEAE4
:10B5F000301A261A247E1400309AFDDF6F7E14F66E
:10B60000927E04007E2F107A1BA06CAA6D22907F80
:10B61000180BEA30BD32482B907F180BEA207E349D
:10B620000003BD23181D907F180BEA101A021A00A0
:10B6300074042F001478FB7E34FA317E24007E2FB0
:10B6400010801C907F180BEA301A261A247E1400F2
:10B65000309AFDDF6F7E14F6917E04007E2F107A03
:10B660001BA06CAA6D22907F180BEA30BD32482BCC
:10B67000907F180BEA207E340003BD23181D907FB5
:10B68000180BEA101A021A0074042F001478FB7EBB
:10B6900034FA387E24007E2F10801C907F180BEA2D
:10B6A000301A261A247E1400309AFDDF6F7E14F6BD
:10B6B000A07E04007E2F107A1BA06CAA6D22907FC2
:10B6C000180BEA30BD32482B907F180BEA207E34ED
:10B6D0000003BD23181D907F180BEA101A021A00F0
:10B6E00074042F001478FB7E34FA3A7E24007E2FF7
:10B6F00010801C907F180BEA301A261A247E140042
:10B70000309AFDDF6F7E14F6A27E04007E2F107A41
:10B710001BA06CAA6D22907F180BEA30BD32482B1B
:10B72000907F180BEA207E340003BD23181D907F04
:10B73000180BEA101A021A0074042F001478FB7E0A
:10B7400034FA397E24007E2F10801C907F180BEA7B
:10B75000301A261A247E1400309AFDDF6F7E14F60C
:10B76000A17E04007E2F107A1BA06CAA6D22907F10
:10B77000180BEA30BD32482B907F180BEA207E343C
:10B780000003BD23181D907F180BEA101A021A003F
:10B7900074042F001478FB7E34FA3B7E24007E2F45
:10B7A00010801C907F180BEA301A261A247E140091
:10B7B000309AFDDF6F7E14F6A57E04007E2F107A8E
:10B7C0001BA0E46D22907F180BEA30BD32482A900E
:10B7D0007F180BEA207E340003BD23181C907F18CD
:10B7E0000BEA301A261A247F012F002F007E34FA2C
:10B7F0008A7E24007E2F10801C907F180BEA301A5E
:10B80000261A247E1400309AFDDF6F7E14F6A47E83
:10B8100004007E2F107A1BB0907F180BEA407E54F4
:10B8200072222D547CAB6D22907F180BEA30BD3212
:10B83000482B907F180BEA207E340003BD23181D8F
:10B84000907F180BEA101A021A0074042F00147863
:10B85000FB7E34FA3E7E24007E2F10801C907F18E1
:10B860000BEA301A261A247E1400309AFDDF6F7E10
:10B8700014F6A97E04007E2F107A1BA0907F180B6F
:10B88000EA207E3472222D327D530A5A7CAB6D221F
:10B89000907F180BEA30BD32482B907F180BEA20BE
:10B8A0007E340003BD23181D907F180BEA101A0286
:10B8B0001A0074042F001478FB7E34FA3D7E2400B5
:10B8C0007E2F10801C907F180BEA301A261A247ED7
:10B8D0001400309AFDDF6F7E14F6A87E04007E2FE0
:10B8E000107A1BA07EA00F6D22907F180BEA30BD4E
:10B8F00032482B907F180BEA207E340003BD2318BA
:10B900001D907F180BEA101A021A0074042F0014FD
:10B9100078FB7E34FA387E24007E2F10801C907FC6
:10B92000180BEA301A261A247E1400309AFDDF6FB5
:10B930007E14F6A07E04007E2F107A1BA07EA0A1AC
:10B940006D22907F180BEA30BD32482B907F180B88
:10B95000EA207E340003BD23181D907F180BEA10E7
:10B960001A021A0074042F001478FB7E34FA397E10
:10B9700024007E2F10801C907F180BEA301A261AA4
:10B98000247E1400309AFDDF6F7E14F6A17E040041
:10B990007E2F107A1BA0AA9077FA1BEA209077F6E8
:10B9A0001BEA00791E00029077F41BEA309077FEC4
:10B9B0000BEA307E2400049AFE380A7E144C317E55
:10B9C0000400FE7E34017A9AFE2ABA9077FC0BEAD4
:10B9D000301A367E24000F5D239077FA0BEA307D13
:10B9E000131A127E34000F5D31BD32780474018069
:10B9F00001E47E144C317E0400FE7E34017F9AFE09
:10BA00002ABA9077FA0BEA307D231A240E240E24EA
:10BA10000E240E249077F40BEA30BD3278057EA018
:10BA20000180026CAA740F5CBA7E144C317E040053
:10BA3000FE7E3401849AFE2ABA9077FA0BEA307DB2
:10BA4000231A240E240E240E240E249077F40BEADD
:10BA500030BD3278057EA00180026CAA740F5CBAFA
:10BA60007E144C317E0400FE7E3401859AFE2ABA93
:10BA70009077FA0BEA207E3400FF5D327E240001CD
:10BA800074017E1400109AFD29C79077FC0BEA2000
:10BA90007E3400FF5D326D2274017E1400039AFD36
:10BAA00029C79077F6691E00020BEA00907DFB69BA
:10BAB0003E00020BEA209AFDDF7A74027F011E1419
:10BAC0001E0450034E20801478F46D337E24000150
:10BAD0009F109078001BEA309077F40BEA50BE5428
:10BAE0000008400302C56B7EA003A490BAEF730266
:10BAF000BB0702BBF102BCFE02BE3202BF8A02C11A
:10BB00000502C28002C3FB9077FE0BEA207E340060
:10BB100001BD2378224398505389F09078000BEAB6
:10BB200050F58B9078000BEA307D530A5AF58D431F
:10BB30008E40D3D28E80289077FE0BEA207E340090
:10BB400002BD23781A4398509078000BEA50F5D73D
:10BB50009078000BEA307D530A5AF5D6438E155380
:10BB6000A23F9077FC0BEA207E340040BD2378157D
:10BB70009077FA0BEA207E340041BD237807E5A2D6
:10BB8000F5A202C56B9077FC0BEA207E340146BD1E
:10BB90002378149077FA0BEA207E340147BD23788E
:10BBA0000643A24002C56B9077FC0BEA207E34026C
:10BBB00026BD2378149077FA0BEA207E340227BD45
:10BBC00023780643A28002C56B9077FC0BEA207EA7
:10BBD000340353BD23680302C56B9077FA0BEA2048
:10BBE0007E340354BD23680302C56B43A2C002C563
:10BBF0006B9077FE0BEA207E340002BD23781A4357
:10BC00009A509078000BEA50F5D79078000BEA3004
:10BC10007D530A5AF5D6438E1453BAFE74DF7E1450
:10BC2000FD697E04007E7E0B705C7B7A0B709077E2
:10BC3000FC0BEA207E341020BD2378239077FA0B8A
:10BC4000EA207E341021BD237815E5BAF5BA7E14BA
:10BC5000FD697E04007E7E0B707A0B7002C56B90CE
:10BC600077FC0BEA207E341156BD2378229077FAB8
:10BC70000BEA207E341157BD23781443BA017E1499
:10BC8000FD697E04007E7E0B707A0B7002C56B909E
:10BC900077FC0BEA207E341156BD2378279077FA83
:10BCA0000BEA207E341157BD237819E5BAF5BA7432
:10BCB000207E14FD697E04007E7E0B704C7B7A0B27
:10BCC0007002C56B9077FC0BEA207E341156BD23C1
:10BCD000680302C56B9077FA0BEA207E341157BDDA
:10BCE00023680302C56B43BA0174207E14FD697E8C
:10BCF00004007E7E0B704C7B7A0B7002C56B9077D4
:10BD0000FE0BEA207E340002BD2378199078000BE8
:10BD1000EA50F5D79078000BEA307D530A5AF5D6F1
:10BD2000438E1480259077FE0BEA207E340003BDFD
:10BD30002378179078000BEA50F5D59078000BEA3D
:10BD4000307D530A5AF5D443DD0A43AC5053BAFD53
:10BD500074BF7E14FD697E04007E7E0B705C7B7A6E
:10BD60000B709077FC0BEA207E342010BD237823E3
:10BD70009077FA0BEA207E342011BD237815E5BABE
:10BD8000F5BA7E14FD697E04007E7E0B707A0B701E
:10BD900002C56B9077FC0BEA207E342160BD2378CE
:10BDA000229077FA0BEA207E342161BD2378144378
:10BDB000BA027E14FD697E04007E7E0B707A0B70E1
:10BDC00002C56B9077FC0BEA207E342296BD237867
:10BDD000279077FA0BEA207E342297BD237819E565
:10BDE000BAF5BA74407E14FD697E04007E7E0B7045
:10BDF0004C7B7A0B7002C56B9077FC0BEA207E348B
:10BE00002360BD23680302C56B9077FA0BEA207E9E
:10BE10003423C7BD23680302C56B43BA0274407E56
:10BE200014FD697E04007E7E0B704C7B7A0B7002E1
:10BE3000C56B9077FE0BEA207E340002BD23782B81
:10BE40009078000BEA50F5D79078000BEA307D53DC
:10BE50000A5AF5D6438E1474FE7E14FDBC7E04008F
:10BE60007E7E0B705C7B7A0B7080379077FE0BEADE
:10BE7000207E340004BD2378299078000BEA50F529
:10BE8000D39078000BEA307D530A5AF5D243DDA0F7
:10BE900074017E14FDBC7E04007E7E0B704C7B7AA8
:10BEA0000B7043FD5053BAFB747F7E14FD697E0412
:10BEB000007E7E0B705C7B7A0B709077FC0BEA2027
:10BEC0007E343012BD2378239077FA0BEA207E343B
:10BED0003013BD237815E5BAF5BA7E14FD697E04EA
:10BEE000007E7E0B707A0B7002C56B9077FC0BEABC
:10BEF000207E343162BD2378229077FA0BEA207ECF
:10BF0000343163BD23781443BA047E14FD697E0482
:10BF1000007E7E0B707A0B7002C56B9077FC0BEA8B
:10BF2000207E3432B2BD2378279077FA0BEA207E48
:10BF30003432B3BD237819E5BAF5BA74807E14FDA6
:10BF4000697E04007E7E0B704C7B7A0B7002C56BA1
:10BF50009077FC0BEA207E343362BD23680302C570
:10BF60006B9077FA0BEA207E3433D1BD236803024D
:10BF7000C56B43BA0474807E14FD697E04007E7E26
:10BF80000B704C7B7A0B7002C56B9077FE0BEA202E
:10BF90007E340002BD23782B9078000BEA50F5D751
:10BFA0009078000BEA307D530A5AF5D6438E14740C
:10BFB000FE7E14F76D7E04007E7E0B705C7B7A0B38
:10BFC0007080589077FE0BEA207E340005BD237800
:10BFD0004A9078000BEA107E34FBB77E24007E7A0C
:10BFE0001B309078000BEA307D130A127E34FBB6CA
:10BFF0007E24007E7A1B30740A7E14FBB37E04001C
:10C000007E7E0B704C7B7A0B7074017E14F76D7E14
:10C0100004007E7E0B704C7B7A0B7074507E14F79C
:10C02000407E04007E7E0B704C7B7A0B7074FC7E2D
:10C0300014FD6A7E04007E7E0B705C7B7A0B709030
:10C0400077FC0BEA207E344014BD23781F9077FAEA
:10C050000BEA207E344015BD2378117E14FD6A7EE4
:10C0600004007E7E0B707A0B7002C56B9077FC0B20
:10C07000EA207E344150BD2378239077FA0BEA20E2
:10C080007E344151BD23781574017E14FD6A7E040F
:10C09000007E7E0B704C7B7A0B7002C56B9077FC38
:10C0A0000BEA207E344224BD2378239077FA0BEAF2
:10C0B000207E344225BD23781574027E14FD6A7EED
:10C0C00004007E7E0B704C7B7A0B7002C56B907700
:10C0D000FC0BEA207E344330BD23680302C56B901D
:10C0E00077FA0BEA207E344331BD23680302C56B27
:10C0F00074037E14FD6A7E04007E7E0B704C7B7A96
:10C100000B7002C56B9077FE0BEA207E340002BDF7
:10C1100023782B9078000BEA50F5D79078000BEA43
:10C12000307D530A5AF5D6438E1474FE7E14F79D63
:10C130007E04007E7E0B705C7B7A0B70805890775B
:10C14000FE0BEA207E340006BD23784A9078000B6F
:10C15000EA107E34FBB57E24007E7A1B3090780096
:10C160000BEA307D130A127E34FBB47E24007E7A03
:10C170001B3074A07E14FBB37E04007E7E0B704CDB
:10C180007B7A0B7074017E14F79D7E04007E7E0B1B
:10C19000704C7B7A0B7074507E14F7707E04007EB6
:10C1A0007E0B704C7B7A0B7074F37E14FD6A7E04F8
:10C1B000007E7E0B705C7B7A0B709077FC0BEA2024
:10C1C0007E345016BD23781F9077FA0BEA207E3418
:10C1D0005017BD2378117E14FD6A7E04007E7E0B0D
:10C1E000707A0B7002C56B9077FC0BEA207E34519D
:10C1F00072BD2378239077FA0BEA207E345173BD09
:10C2000023781574047E14FD6A7E04007E7E0B7014
:10C210004C7B7A0B7002C56B9077FC0BEA207E3466
:10C220005242BD2378239077FA0BEA207E345243A2
:10C23000BD23781574087E14FD6A7E04007E7E0B93
:10C24000704C7B7A0B7002C56B9077FC0BEA207EFA
:10C25000345336BD23680302C56B9077FA0BEA208E
:10C260007E345337BD23680302C56B740C7E14FD06
:10C270006A7E04007E7E0B704C7B7A0B7002C56B6D
:10C280009077FE0BEA207E340002BD23782B907855
:10C29000000BEA50F5D79078000BEA307D530A5A2C
:10C2A000F5D6438E1474FE7E14F7CD7E04007E7E98
:10C2B0000B705C7B7A0B7080589077FE0BEA207EC7
:10C2C000340007BD23784A9078000BEA107E34FBD7
:10C2D000BF7E24007E7A1B309078000BEA307D13FD
:10C2E0000A127E34FBBE7E24007E7A1B30740A7EE6
:10C2F00014FBBB7E04007E7E0B704C7B7A0B70744B
:10C30000017E14F7CD7E04007E7E0B704C7B7A0B91
:10C310007074507E14F7A07E04007E7E0B704C7B00
:10C320007A0B7074CF7E14FD6D7E04007E7E0B70E0
:10C330005C7B7A0B709077FC0BEA207E346060BDEA
:10C3400023781F9077FA0BEA207E346061BD237852
:10C35000117E14FD6D7E04007E7E0B707A0B7002E0
:10C36000C56B9077FC0BEA207E3461B4BD23782343
:10C370009077FA0BEA207E3461B5BD2378157410EE
:10C380007E14FD6D7E04007E7E0B704C7B7A0B70FC
:10C3900002C56B9077FC0BEA207E3462A0BD237847
:10C3A000239077FA0BEA207E3462A1BD23781574BE
:10C3B000207E14FD6D7E04007E7E0B704C7B7A0B1C
:10C3C0007002C56B9077FC0BEA207E346322BD239C
:10C3D000680302C56B9077FA0BEA207E346323BDB5
:10C3E00023680302C56B74307E14FD6D7E04007EED
:10C3F0007E0B704C7B7A0B7002C56B9077FE0BEA5C
:10C40000207E340002BD23782B9078000BEA50F593
:10C41000D79078000BEA307D530A5AF5D6438E1434
:10C4200074FE7E14F7CD7E04007E7E0B705C7B7AFA
:10C430000B7080589077FE0BEA207E340008BD23F5
:10C44000784A9078000BEA107E34FBBD7E24007E93
:10C450007A1B309078000BEA307D130A127E34FB91
:10C46000BC7E24007E7A1B3074A07E14FBBB7E044D
:10C47000007E7E0B704C7B7A0B7074017E14F7FD8E
:10C480007E04007E7E0B704C7B7A0B7074507E14A1
:10C49000F7D07E04007E7E0B704C7B7A0B70743F6D
:10C4A0007E14FD6D7E04007E7E0B705C7B7A0B70CB
:10C4B0009077FC0BEA207E347062BD23781F907762
:10C4C000FA0BEA207E347063BD2378117E14FD6D73
:10C4D0007E04007E7E0B707A0B7002C56B9077FC39
:10C4E0000BEA207E3471B6BD2378229077FA0BEAEE
:10C4F000207E3471B7BD23781474407E14FD6D7EA8
:10C5000004007E7E0B704C7B7A0B70805E9077FC13
:10C510000BEA207E3472A2BD2378229077FA0BEAD0
:10C52000207E3472A3BD23781474807E14FD6D7E4A
:10C5300004007E7E0B704C7B7A0B70802E9077FC13
:10C540000BEA207E347370BD2378209077FA0BEAD3
:10C55000207E347371BD23781274C07E14FD6D7E0D
:10C5600004007E7E0B704C7B7A0B709077F40BEAA4
:10C57000309AFCB554AA90766D1BEA209076691B20
:10C58000EA00791E00029076671BEA307E344C9CEC
:10C590007E2400FE7E1476717E04000174089AFDEC
:10C5A000E0019076670BEA207E3476712D327A7145
:10C5B000827A6183E0907679F06D229076670BEA5B
:10C5C00030BD3248129076670BEA207E340007BDFA
:10C5D00023180474018001E47E144C317E0400FEB3
:10C5E0007E3402E39AFE2ABA90766F0BEA30907797
:10C5F000FC1BEA30907679E00A3B9077FE1BEA302C
:10C600009076670BEA30907669691E00020BEA00AB
:10C6100090766D0BEA209AFCB997AA907F70F09003
:10C620007F70E0BEB008400302C6D27EA003A49093
:10C63000C6337302C64B02C65202C67202C68802D5
:10C64000C69E02C6B702C6C302C6D89AFCDF050260
:10C65000C6E0E4906B3DF0E4906B30F0E4906B3317
:10C66000F0E4906A39F0E4906AB3F0E4906B32F051
:10C670008066E4906B30F0E4906B33F0E4906AB342
:10C68000F0E4906B32F08050E4906B35F0E4906A07
:10C69000B3F0E4906B32F0E4906B3CF0803AE490BD
:10C6A0006B31F06D33906B371BEA30E4906B3EF0EA
:10C6B000E4906B3CF08021E4906AB4F0E4906B3E2F
:10C6C000F08015E4906B34F06D33906B2E1BEA30E4
:10C6D00080069AFCDF058008907F70E0906B2DF05B
:10C6E00022907F457AEB70907F44F0907F457EEBFF
:10C6F000A0907F44E0BCBA2810907F45E00A4B90A0
:10C700007F44E00A5B9D54800E907F44E00A4B908A
:10C710007F45E00A5B9D54227419907F71F0806C14
:10C72000907F71E00A2B7E3465592D327A71827ABE
:10C7300061837EEBA0907F71E00A2B7E3464DF2D55
:10C74000327A71827A6183E0BCBA2836907F71E0D8
:10C750000A2B7E3465592D327A71827A61837EEBA1
:10C7600070907F71E00A1B7E2464DF2D217A518254
:10C770007A41837EEBA09CA7746EBCAB2804740145
:10C7800080177EA005907F71E02CBAF0907F717EBB
:10C79000EBA07441BCAB2888E4229065C77EEBA077
:10C7A000740ABCAB400474018001E42290654D7EA4
:10C7B000EBA074B1BCAB380474018001E422907F1B
:10C7C000461BEA306D22907F460BEA30BD3258039B
:10C7D000E48018907F460BEA207E3400BCBD2348DD
:10C7E0000474BB8006907F460BEA50AA907D517A74
:10C7F000EB70907D50F0907D51E00A2B907D50E0E1
:10C800000A3B9D32907D521BEA306D22907D520B87
:10C81000EA30BD32481A907D520BEA200E240E24D5
:10C82000907D50E00A3B2D32907D541BEA30801CF5
:10C83000907D520BEA306D229D230E240E24907DB4
:10C8400050E00A3B9D32907D541BEA30907D540BA2
:10C85000EA309AFCC7BE229075797AEB60907577C2
:10C860001BEA109075751BEA209075747AEB709036
:10C870007573F09075737EEBA0907574E0BCBA3858
:10C880000302CABF907573E00A2B907574E00A3BEF
:10C890009D3290757E1BEA309075750BEA2090757D
:10C8A000770BEA309D3290757A1BEA306D229075D5
:10C8B0007A0BEA30BD32680302C93F907573E00A13
:10C8C0003B7E2400012D23907574E00A3BBD323875
:10C8D0000302CABF907579E0BEB0007831907573DD
:10C8E000E00A0B7E146AB62D107E04000190757369
:10C8F000E00A2B907574E00A3B9D327E2400019D76
:10C90000329075750BEA509AFE392102CABF9075B4
:10C9100073E00A0B7E146A3C2D107E0400019075B2
:10C9200073E00A2B907574E00A3B9D327E2400016F
:10C930009D329075750BEA509AFE392102CABF7E6E
:10C9400034000190757C1BEA306D2290757A0BEAF9
:10C9500030BD32581C90757A0BEA306E34FFFF0BF5
:10C960003490757A1BEA307E34FFFF90757C1BEAA9
:10C970003090757E0BEA2090757A0BEA30BD325804
:10C98000166D339075801BEA3090757A0BEA309003
:10C9900075821BEA30803290757E0BEA2090757AA2
:10C9A0000BEA309AFDDF2C9075801BEA3090757E83
:10C9B0000BEA109075800BEA00AD1090757A0BEAC7
:10C9C000309D319075821BEA3090757E0BEA300EF7
:10C9D000349075841BEA309075750BEA309075863B
:10C9E0001BEA30907573E00A4B7E5400012D549081
:10C9F0007588F002CAAE9075800BEA1090757C0BBA
:10CA0000EA00AD109075860BEA302D319075861BCB
:10CA1000EA309075820BEA209075840BEA302D3253
:10CA20009075841BEA3090757E0BEA209075840B1C
:10CA3000EA30BD32482890757C0BEA209075860B51
:10CA4000EA302D329075861BEA3090757E0BEA2015
:10CA50009075840BEA309D329075841BEA30907596
:10CA600079E0BEB000781F9075860BEA507CAB90E1
:10CA70007588E00A2B7E346AB52D327A71827A612C
:10CA8000837AEBA0801D9075860BEA507CAB907585
:10CA900088E00A2B7E346A3B2D327A71827A618378
:10CAA0007AEBA09075887EEBA074012CBAF090759B
:10CAB000747EEBA0907588E0BCBA500302C9F622E0
:10CAC0007E146AB57E0400017E340078E49AFE3953
:10CAD00021227E146A3B7E0400017E34007874BB00
:10CAE0009AFE392122907F48F0906B2DE0BEB00075
:10CAF0006833906A3AE0BEB00068067E3400018078
:10CB0000026D33906A38E0BEB00068067E240001F2
:10CB100080026D222D237E340001BD2368079AFC1C
:10CB2000DF0502CCCE906B2DE01468391478030237
:10CB3000CBB314780302CBF614780302CC39147803
:10CB40000302CC5B14780302CC7D2406680302CC7C
:10CB5000CA9AFCCF66BEB000780302CCCE74011234
:10CB6000C61B02CCCE907F48E09AFDA09C907F49E6
:10CB7000F0907F49E0BEB001780302CCCE907F49AF
:10CB8000E0BEB00278079AFCDF0502CCCE906A3A8C
:10CB9000E0BEB000680512D89B80049AFCD0B1902A
:10CBA0006B3DE0BEB000780302CCCE740212C61B0F
:10CBB00002CCCE906A3AE0BEB000680512DA23805B
:10CBC000049AFCD284906B30E0BEB0006820906B79
:10CBD000327EEBA074012CAB7AEBA07402BCAB40AC
:10CBE00005740312C61BE4906B30F002CCCEE490C7
:10CBF0006B32F002CCCE906A3AE0BEB0006805120B
:10CC0000DCA980049AFCD506906B35E0BEB00068C4
:10CC100020906B3C7EEBA074012CAB7AEBA07403EC
:10CC2000BCAB4005740412C61BE4906B35F002CC1B
:10CC3000CEE4906B3CF002CCCE906A3AE0BEB000FD
:10CC4000680512DD9880049AFCD5E3906B31E0BE54
:10CC5000B000687A740512C61B8073906A3AE0BE11
:10CC6000B000680512DDF880049AFCD792906AB48F
:10CC7000E0BEB0006858740612C61B8051906B2E3F
:10CC80000BEA207E340064BD23500F906B2E0BEA1C
:10CC9000207E3400012D321BEA30906A3AE0BEB0AB
:10CCA00000680512DEBE80049AFCD855906B34E013
:10CCB000BEB000780E906B2E0BEA207E340064BD6F
:10CCC00023400B740712C61B80049AFCDF05AA9050
:10CCD0007B2B7AEB60907B2A7AEB70907B29F0902B
:10CCE0007B297EEBA07478BCAB40067477907B29DF
:10CCF000F0907B2A7EEBA07478BCAB4006747790F2
:10CD00007B2AF0907B2A7EEBA0907B29E0BCBA289E
:10CD100048907B2AE0907B2CF0907B29E0907B2D43
:10CD2000F0907B2AE00A2B7E346A3B2D327A7182A6
:10CD30007A6183E00A3B907B2E1BEA30907B29E0EE
:10CD40000A2B7E346AB52D327A71827A6183E00AC9
:10CD50003B907B301BEA308046907B29E0907B2C17
:10CD6000F0907B2AE0907B2DF0907B29E00A2B7ECF
:10CD7000346AB52D327A71827A6183E00A3B907B06
:10CD80002E1BEA30907B2AE00A2B7E346A3B2D3240
:10CD90007A71827A6183E00A3B907B301BEA3090A3
:10CDA0007B2C7EEBA0907B2DE0BCBA6842907B2B65
:10CDB000E0BEB000781D907B2CE0907B2D7EEB7068
:10CDC000907B2E0BEA20907B300BEA106C6612C829
:10CDD00057801C907B2CE0907B2D7EEB70907B2EFF
:10CDE0000BEA20907B300BEA107E600112C857AA34
:10CDF000907C8A7AEB60907C897AEB70907C88F0EA
:10CE0000907C887EEBA07478BCAB40067477907CF5
:10CE100088F0907C897EEBA07478BCAB4006747778
:10CE2000907C89F0907C897EEBA0907C88E0BCBAF5
:10CE3000380302CEE3907C8AE0BEB0007853907C49
:10CE400089E00A2B7E346AB52D327A71827A618349
:10CE5000E00A3B907C8B1BEA30907C88E00A2B7EBA
:10CE6000346AB52D327A71827A6183E00A3B907C14
:10CE70008D1BEA30907C89E0907C887EEB70907C02
:10CE80008B0BEA20907C8D0BEA106C6612C85780E1
:10CE900052907C89E00A2B7E346A3B2D327A718273
:10CEA0007A6183E00A3B907C8B1BEA30907C88E0BF
:10CEB0000A2B7E346A3B2D327A71827A6183E00AD2
:10CEC0003B907C8D1BEA30907C89E0907C887EEBE7
:10CED00070907C8B0BEA20907C8D0BEA107E6001B9
:10CEE00012C857AA907C0B1BEA00791E00027E3400
:10CEF0000073907C0F1BEA30805B907C0F0BEA1074
:10CF0000907C0B693E00020BEA202D317E1BB09015
:10CF10007C11F0907C0F0BEA10907C0B693E0002B4
:10CF20000BEA202D311B367E1BB0907C12F0907CDA
:10CF300011E0907C127EEB7012C6E17CAB7414BCE5
:10CF4000AB2803E4801F7E240004907C0F0BEA30A2
:10CF50009D321BEA30907C0F0BEA207E34001CBD12
:10CF60002318977401AA7E1464DF7E0400019AFCE2
:10CF7000CEE4907F4AF07E1465597E0400019AFC4D
:10CF8000CEE4907F4BF0907F4BE0BEB000782990CC
:10CF90007F4AE0BEB000682012C79A0A2B6D33BDED
:10CFA0002368157401906B3BF07401906A38F0E4CB
:10CFB000906A3AF074018042907F4AE0BEB00078F7
:10CFC00029907F4BE0BEB000682012C7AC0A2B6DE1
:10CFD00033BD2368157401906B3BF0E4906A38F020
:10CFE0007401906A3AF074018010E4906B3BF0E4B5
:10CFF000906A38F0E4906A3AF0E4AA7E1464DF7E26
:10D000000400019AFCCEE4907F4CF07E1465597EBA
:10D010000400019AFCCEE4907F4DF0906A38E0BEA7
:10D02000B0006824907F4DE0BEB0007818907F4C2F
:10D03000E0BEB000680F12C79A0A2B6D33BD23689B
:10D040000474018001E48040906A3AE0BEB0006858
:10D0500024907F4CE0BEB0007818907F4DE0BEB0C9
:10D0600000680F12C7AC0A2B6D33BD23680474012E
:10D070008001E48013907F4D7EEBA0907F4CE0BC5C
:10D08000BA680474018001E4AA9AFCCFFBBEB00028
:10D090007819906A397EEBA074012CAB7AEBA074FE
:10D0A00003BCAB400BE412C61B8005E4906A39F068
:10D0B00022E4907D5AF0E4907D5BF07475907D568B
:10D0C000F08058907D56E00A2B7E3465592D327AD7
:10D0D00071827A6183E0907D57F0907D56E00A2B53
:10D0E0007E3465572D327A71827A6183E0907D5863
:10D0F000F0907D58E00A3B907D57E00A2B9D237EFF
:10D1000034000FBD23480A907D56E0907D5AF08090
:10D11000167EA002907D56E09CBAF0907D567EEB84
:10D12000A0741EBCAB389C907D5AE0BEB00078065F
:10D1300012D08902D283907D5AE00A5B7E440004BB
:10D140009D54907D56F002D214907D56E00A2B7EBD
:10D1500034655D2D327A71827A6183E0907D57F07B
:10D16000907D56E00A2B7E3465592D327A71827A91
:10D170006183E0907D59F0907D56E00A2B7E346506
:10D18000552D327A71827A6183E0907D58F0907DDE
:10D19000577EEBA0907D59E0BCBA406E907D587EE2
:10D1A000EBA0907D59E0BCBA4060907D597EEBA029
:10D1B000741EBCAB2854907D597EEBA0745EBCAB52
:10D1C0005048907D56E00A2B7E3464DF2D327A7110
:10D1D000827A61837EEBA0907D59E0BCAB282B90D6
:10D1E0007D56E00A2B7E3464DF2D327A71827A61BB
:10D1F000837EEBA0907D59E09CAB7414BCAB400ADD
:10D20000907D56E0907D5BF080197EA004907D5665
:10D21000E09CBAF0907D567EEBA0740CBCAB400352
:10D2200002D149907D5BE0BEB0006810907D5AE06D
:10D23000907D5B7EEB706C669AFCCDF0907D5BE040
:10D24000BEB000683B12C79A0A2B6D33BD2368300D
:10D250009065B77EEBA07402BCAB38249065AE7EBF
:10D26000EBA07402BCAB381812C7180A2B6D33BD83
:10D2700023680D7401906B3DF0E4906A39F08003EF
:10D2800012D089AAE4907C19F0E4907C1AF07473AF
:10D29000907C13F002D3CF907C13E00A2B7E346590
:10D2A0005D2D327A71827A6183E0907C18F0907CF7
:10D2B00013E00A2B7E34655B2D327A71827A6183AA
:10D2C000E0907C14F0907C13E00A2B7E3465592D9D
:10D2D000327A71827A6183E0907C15F0907C13E061
:10D2E0000A2B7E3465572D327A71827A6183E09001
:10D2F0007C16F0907C13E00A2B7E3465552D327A33
:10D3000071827A6183E0907C17F0907C157EEBA0AF
:10D310007408BCAB500302D3C5907C147EEBA09084
:10D320007C15E0BCBA500302D3C5907C14E00A3BE4
:10D33000907C15E00A2B9D237E340014BD23480306
:10D3400002D3C5907C187EEBA0907C14E0BCBA4060
:10D3500074907C18E00A3B907C14E00A2B9D237E9D
:10D36000340014BD23585E907C167EEBA0907C1593
:10D37000E0BCBA4050907C16E00A3B907C15E00A75
:10D380002B9D237E340014BD23583A907C177EEBEE
:10D39000A0907C16E0BCBA402C907C17E00A3B9031
:10D3A0007C16E00A2B9D237E340014BD2358169072
:10D3B0007C157EEBA07414BCAB280A907C13E09023
:10D3C0007C19F080197EA002907C13E09CBAF0904A
:10D3D0007C137EEBA07414BCAB280302D297907C24
:10D3E00019E0BEB0006815E4906AB3F07477907CE1
:10D3F000197EEB706C669AFCCDF0801E906AB37E4D
:10D40000EBA074012CAB7AEBA07403BCAB5003020D
:10D41000D505740112C61B02D505907C197EEBA0C0
:10D42000743CBCAB40067401906B33F07451907C3B
:10D4300013F002D4CD907C13E00A2B7E3465592D75
:10D44000327A71827A6183E0907C14F0907C13E0F0
:10D450000A2B7E3465572D327A71827A6183E0908F
:10D460007C16F0907C14E00A3B907C16E00A2B9D21
:10D47000237E34000FBD23484A9065C77EEBA0741D
:10D480000ABCAB403E907C13E00A2B7E3465552DE0
:10D49000327A71827A61837EEBA07414BCAB28234C
:10D4A000907C13E00A2B7E3465532D327A71827A98
:10D4B00061837EEBA07414BCAB28087401907C1AC5
:10D4C000F080197EA002907C13E09CBAF0907C134F
:10D4D0007EEBA0740ABCAB280302D435906B33E01A
:10D4E000BEB0006820907C1AE0BEB000780C907C42
:10D4F000197EEBA0742DBCAB500B7401906B30F017
:10D50000E4906AB3F0AAE4907EB2F07477907EAFB4
:10D51000F002D5AA907EAFE00A2B7E3465572D32FB
:10D520007A71827A6183E0907EB1F0907EAFE00AFA
:10D530002B7E3465592D327A71827A6183E0907E38
:10D54000B0F0907EB0E00A3B907EB1E00A2B9D23C4
:10D550007E340014BD234848907EAFE00A2B7E3411
:10D5600065552D327A71827A61837EEBA07414BC8A
:10D57000AB282D907EAFE00A2B7E3465532D327A96
:10D5800071827A61837EEBA07414BCAB2812907E0A
:10D59000AFE00A5B7E4400029D54907EB2F0801999
:10D5A0007EA002907EAFE09CBAF0907EAF7EEBA0B2
:10D5B000740ABCAB280302D514907EB2E0BEB00062
:10D5C0006820907EB2E07E70777E60019AFCCCCFBE
:10D5D000907EB27EEBA07432BCAB40067401906BBF
:10D5E00035F0AA7477907EB4F074BB907EB6F012DA
:10D5F000CAC0906B370BEA207E340023BD23500F46
:10D60000906B370BEA207E3400012D321BEA307418
:10D6100077907EB3F0803F907EB3E00A2B7E346437
:10D62000DF2D327A71827A6183E0907EB5F0907E50
:10D63000B67EEBA0907EB5E0BCBA5010907EB5E00F
:10D64000907EB6F0907EB3E0907EB4F07EA0029023
:10D650007EB3E09CBAF0907EB37EEBA07406BCABC8
:10D6600038B5907EB47EEBA07402BCAB380302D711
:10D670001F907EB47EEBA07476BCAB400302D71F34
:10D68000907EB4E00A2B7E3464DF2D327A71827A88
:10D690006183E00A3B907EB4E00A1B7E2464DD2DAA
:10D6A000217A51827A4183E00A2B9D237E34001E29
:10D6B000BD235834907EB4E00A2B7E3464DF2D32D3
:10D6C0007A71827A6183E00A3B907EB4E00A1B7E25
:10D6D0002464E12D217A51827A4183E00A2B9D2333
:10D6E0007E34001EBD23480C907EB47EEBA07428CF
:10D6F000BCAB502B748D9065D07EEB7012C7EC9054
:10D700006AB2F0740F906AB5F0740F906A3BF0E45F
:10D710007E70777E60019AFCCCCFE4906AB5F09081
:10D720006B370BEA207E340023BD23400D7401903B
:10D730006B31F0E4906B3EF08057906B370BEA2032
:10D740007E340014BD2340449065117EEBA074B478
:10D75000BCAB283890651B7EEBA074B4BCAB282C06
:10D7600090658B7EEBA07402BCAB5020906B3E7E2C
:10D77000EBA074012CAB7AEBA07403BCAB40127429
:10D7800001906B31F0E4906B3EF08005E4906B3ECD
:10D79000F0AA12CAC0748D9065D07EEB7012C7ECEF
:10D7A000906AB2F0740A906AB5F0740A906A3BF01D
:10D7B000E47E70777E60019AFCCCCFE4906AB5F08D
:10D7C0009065777EEBA07410BCAB38189065817EB5
:10D7D000EBA07410BCAB380C90658B7EEBA0741082
:10D7E000BCAB28709065077EEBA074AABCAB5064FC
:10D7F0009065117EEBA074AABCAB505890651B7E5F
:10D80000EBA074AABCAB504C9065027EEBA0906478
:10D81000FDE0BCBA503E9065077EEBA0906502E04B
:10D82000BCBA50309065117EEBA090650CE0BCBA9C
:10D83000502290650C7EEBA0906507E0BCBA5014B6
:10D840009065167EEBA0906511E0BCBA500674019D
:10D85000906AB4F0AA74777E70286C669AFCCDF05A
:10D860007E1465597E0400019AFCCEE40A2B6D33C8
:10D87000BD2368267E1464DF7E0400019AFCCEE49A
:10D880000A2B6D33BD2368129065C77EEBA074052B
:10D89000BCAB40067401906B34F0AAE4907D60F05C
:10D8A000E4907D61F07475907D5CF08058907D5CB3
:10D8B000E00A2B7E3464DF2D327A71827A6183E054
:10D8C000907D5DF0907D5CE00A2B7E3464DD2D322E
:10D8D0007A71827A6183E0907D5EF0907D5DE00AEE
:10D8E0003B907D5EE00A2B9D237E34000FBD2348D4
:10D8F0000A907D5CE0907D60F080167EA002907DB5
:10D900005CE09CBAF0907D5C7EEBA0741EBCAB38F2
:10D910009C907D60E0BEB000780612D08902DA22C9
:10D92000907D60E00A5B7E4400049D54907D5CF035
:10D9300002D9B2907D5CE00A2B7E3464E32D327A0A
:10D9400071827A6183E0907D5DF0907D5CE00A2BCE
:10D950007E3464DF2D327A71827A6183E0907D5F5C
:10D96000F0907D5CE00A2B7E3464DB2D327A71828C
:10D970007A6183E0907D5EF0907D5D7EEBA0907D8E
:10D980005FE0BCBA3822907D5E7EEBA0907D5FE0C8
:10D99000BCBA3814907D5F7EEBA0749DBCAB500880
:10D9A000907D5CE0907D61F07EA004907D5CE09CC9
:10D9B000BAF0907D5C7EEBA0740CBCAB400302D946
:10D9C00033907D61E0BEB0006811907D60E0907D95
:10D9D000617EEB707E60019AFCCDF0907D61E0BECF
:10D9E000B000683B12C7AC0A2B6D33BD2368309082
:10D9F000653D7EEBA074B9BCAB40249065347EEBF2
:10DA0000A074B9BCAB401812C7180A2B6D33BD23E4
:10DA1000680D7401906B3DF0E4906A39F080031258
:10DA2000D08922E4907C21F0E4907C22F074739001
:10DA30007C1BF002DB71907C1BE00A2B7E3464E3DC
:10DA40002D327A71827A6183E0907C20F0907C1B89
:10DA5000E00A2B7E3464E12D327A71827A6183E0B0
:10DA6000907C1CF0907C1BE00A2B7E3464DF2D320E
:10DA70007A71827A6183E0907C1DF0907C1BE00AD1
:10DA80002B7E3464DD2D327A71827A6183E0907C62
:10DA90001EF0907C1BE00A2B7E3464DB2D327A7101
:10DAA000827A6183E0907C1FF0907C1D7EEBA074F5
:10DAB000B3BCAB280302DB67907C1C7EEBA0907CA0
:10DAC0001DE0BCBA280302DB67907C1DE00A3B9096
:10DAD0007C1CE00A2B9D237E340014BD23480302E6
:10DAE000DB67907C207EEBA0907C1CE0BCBA280316
:10DAF00002DB67907C1CE00A3B907C20E00A2B9DB7
:10DB0000237E340014BD23585E907C1E7EEBA090D3
:10DB10007C1DE0BCBA3850907C1DE00A3B907C1E16
:10DB2000E00A2B9D237E340014BD23583A907C1FBD
:10DB30007EEBA0907C1EE0BCBA382C907C1EE00AE4
:10DB40003B907C1FE00A2B9D237E340014BD23589C
:10DB500016907C1D7EEBA074A7BCAB500A907C1B7A
:10DB6000E0907C21F080197EA002907C1BE09CBAA2
:10DB7000F0907C1B7EEBA07414BCAB280302DA3659
:10DB8000907C21E0BEB0006816E4906AB3F0747730
:10DB9000907C217EEB707E60019AFCCDF0801E901F
:10DBA0006AB37EEBA074012CAB7AEBA07403BCAB20
:10DBB000500302DCA8740112C61B02DCA8907C2171
:10DBC0007EEBA0743CBCAB40067401906B33F074E8
:10DBD00051907C1BF002DC70907C1BE00A2B7E34A1
:10DBE00064DF2D327A71827A6183E0907C1CF09040
:10DBF0007C1BE00A2B7E3464DD2D327A71827A61DF
:10DC000083E0907C1EF0907C1EE00A3B907C1CE040
:10DC10000A2B9D237E34000FBD23484A90654D7E1C
:10DC2000EBA074B1BCAB383E907C1BE00A2B7E3479
:10DC300064DB2D327A71827A61837EEBA074A7BC9B
:10DC4000AB5023907C1BE00A2B7E3464D92D327AB2
:10DC500071827A61837EEBA074A7BCAB500874011B
:10DC6000907C22F080197EA002907C1BE09CBAF090
:10DC7000907C1B7EEBA0740ABCAB280302DBD8901F
:10DC80006B33E0BEB0006820907C22E0BEB000782C
:10DC90000C907C217EEBA0742DBCAB500B740190DA
:10DCA0006B30F0E4906AB3F022E4907EBAF07477BF
:10DCB000907EB7F002DD4D907EB7E00A2B7E346493
:10DCC000DD2D327A71827A6183E0907EB9F0907EA8
:10DCD000B7E00A2B7E3464DF2D327A71827A618359
:10DCE000E0907EB8F0907EB9E00A3B907EB8E00A02
:10DCF0002B9D237E340014BD234848907EB7E00A54
:10DD00002B7E3464DB2D327A71827A61837EEBA0C4
:10DD100074A7BCAB502D907EB7E00A2B7E3464D93B
:10DD20002D327A71827A61837EEBA074A7BCAB50EE
:10DD300012907EB7E00A5B7E4400029D54907EBA4A
:10DD4000F080197EA002907EB7E09CBAF0907EB77A
:10DD50007EEBA0740ABCAB280302DCB7907EBAE06D
:10DD6000BEB0006832906B2C7EEBA0741EBCAB5032
:10DD700006741E906B2CF07477907EBA7EEB706CFC
:10DD8000669AFCCCCF907EBA7EEBA07432BCAB40DE
:10DD9000067401906B35F02212CAD2906B370BEAF1
:10DDA000207E340023BD23500F906B370BEA207E7A
:10DDB0003400012D321BEA30740A9065567EEB70F8
:10DDC00012C7EC906B2CF074AF906AB5F074AF9002
:10DDD0006A3BF074776C776C669AFCCCCF74BB901E
:10DDE0006A3BF0906B370BEA207E340023BD234062
:10DDF000067401906B31F02212CAD2740A906556F3
:10DE00007EEB7012C7EC906B2CF074AF906AB5F09B
:10DE100074AF906A3BF074776C776C669AFCCCCFE9
:10DE200074BB906A3BF09064FD7EEBA074ABBCAB1E
:10DE3000401B9065077EEBA074ABBCAB400F9065B8
:10DE4000117EEBA074ABBCAB400302DEBD906581DC
:10DE50007EEBA07411BCAB286490658B7EEBA07444
:10DE600011BCAB28589065957EEBA07411BCAB2813
:10DE70004C90657C7EEBA0906577E0BCBA283E9024
:10DE800065817EEBA090657CE0BCBA283090658B04
:10DE90007EEBA0906586E0BCBA28229065867EEB7A
:10DEA000A0906581E0BCBA28149065907EEBA090AC
:10DEB000658BE0BCBA28067401906AB4F0227477CE
:10DEC0007E70287E60019AFCCDF07E1465597E0438
:10DED00000019AFCCEE40A2B6D33BD2368267E1424
:10DEE00064DF7E0400019AFCCEE40A2B6D33BD236F
:10DEF000681290654D7EEBA074B6BCAB3806740119
:10DF0000906B34F022E4906B3BF0E4906B3DF0E4D6
:10DF1000906A38F0E4906A3AF0E4906B30F0E49064
:10DF20006B35F0E4906B31F0E4906AB4F0E4906B00
:10DF300034F0E4906B33F0E4906A39F0E4906AB323
:10DF4000F0E4906B32F0E4906B3CF0E4906B3EF0C8
:10DF5000E4906B2DF06D33906B371BEA306D33908E
:10DF60006B2E1BEA30AA907F63F0D3D2B5C3C2B543
:10DF7000C3C2F97E340001907F63E09AFC79B4D388
:10DF8000D2F9D3D2B5C3C2B522907BD11BEA00909F
:10DF90007BCF1BEA10907BCD1BEA20907BCB1BEA4A
:10DFA00030907A9A0BEA20907BCB0BEA30BD32504E
:10DFB0000474018001E47E144E017E0400FE7E3470
:10DFC000006B9AFE2ABA907A9C0BEA20907BCD0BCC
:10DFD000EA30BD32500474018001E47E144E017EAB
:10DFE0000400FE7E34006C9AFE2ABA907A9A0BEAFC
:10DFF00020907BCF0BEA30BD32500474018001E4E5
:10E000007E144E017E0400FE7E34006D9AFE2ABA14
:10E01000907A9C0BEA20907BD10BEA30BD32500401
:10E0200074018001E47E144E017E0400FE7E340003
:10E030006E9AFE2ABA742A12DF667E340001907B43
:10E04000CB0BEA209AFC7A187E340001907BCF0B30
:10E05000EA209AFC7A18742B12DF667E3400019055
:10E060007BCD0BEA209AFC7A187E340001907BD19C
:10E070000BEA209AFC7A18742C12DF6622906165F4
:10E080001BEA306D336D22907A9A0BEA107E040001
:10E09000019D10907A9C0BEA007E5400019D0512B0
:10E0A000DF896D339061671BEA30802C9061650BCE
:10E0B000EA209061670BEA103E147E3461692D31CD
:10E0C0007A71827A61831BEA209061670BEA207E75
:10E0D0003400012D321BEA309061670BEA207E3458
:10E0E00000F0BD2340C66D339061671BEA30802D80
:10E0F0007E1800F0907A36793E00021BEA207E34CA
:10E1000000017E1461697E0400019AFC7A459061E9
:10E11000670BEA207E3400012D321BEA30906167E4
:10E120000BEA207E340140BD2340C5AA907F261B08
:10E13000EA30907F260BEA30907A981BEA30907A8A
:10E14000980BEA301B34680E1B3468201B34681CA3
:10E150002E340003782A7E3400F0907A9A1BEA303D
:10E160007E340140907A9C1BEA3080147E3401405A
:10E17000907A9A1BEA307E3400F0907A9C1BEA3049
:10E18000AA907E7D1BEA20907E7B1BEA30907E7BEE
:10E190000BEA30907A941BEA30907E7D0BEA309047
:10E1A0007A961BEA30AA907D301BEA10907D2E1BD8
:10E1B000EA20907D2C1BEA30907A9A0BEA20907D21
:10E1C0002C0BEA30BD32500474018001E47E144E01
:10E1D000017E0400FE7E3400C59AFE2ABA907A9C25
:10E1E0000BEA20907D2E0BEA30BD32500474018082
:10E1F00001E47E144E017E0400FE7E3400C69AFEC9
:10E200002ABA907D2C0BEA30907D2E0BEA20907D6F
:10E210002C0BEA10907D2E0BEA0012DF897E340071
:10E2200001907D300BEA209AFC7A18AA907BD7F0F7
:10E23000907BD51BEA20907BD31BEA30907A9A0B17
:10E24000EA20907BD30BEA30BD3250047401800188
:10E25000E47E144E017E0400FE7E3400D99AFE2A2C
:10E26000BA907A9C0BEA20907BD50BEA30BD3250F5
:10E270000474018001E47E144E017E0400FE7E34AD
:10E2800000DA9AFE2ABAE4907BD8F002E33B907B56
:10E29000D30BEA30907BD8E00A1B907BD50BEA20A9
:10E2A0002D21907BD30BEA007E1400072D10907B6C
:10E2B000D8E00A5B907BD50BEA002D0512DF899030
:10E2C0007BD7E01A3B3E343E343E343E34907BD81C
:10E2D000E00A2B2D237E34011F2D327E2400FF7E89
:10E2E0001BB0907BDAF0E4907BD9F08037907BDA3A
:10E2F000E030E0107E340001907A940BEA209AFC22
:10E300007A18800E7E340001907A960BEA209AFCEF
:10E310007A18907BDAE01EB0F0907BD97EEBA07487
:10E32000012CBAF0907BD97EEBA07408BCAB40BD49
:10E33000907BD87EEBA074012CBAF0907BD87EEB5A
:10E34000A07410BCAB500302E28EAA907AA21BEA22
:10E3500000791E0002907AA01BEA20907A9E1BEAA8
:10E36000306D33907AA61BEA30907A9A0BEA2090AF
:10E370007A9E0BEA30BD32500474018001E47E14B1
:10E380004E017E0400FE7E3400F79AFE2ABA907A8F
:10E390009C0BEA20907AA00BEA30BD325004740145
:10E3A0008001E47E144E017E0400FE7E3400F89A63
:10E3B000FE2ABA8042907AA60BEA203E243E243EF2
:10E3C00024907A9E0BEA302D32907AA00BEA2090AE
:10E3D0007AA60BEA50907AA2691E00020BEA002D81
:10E3E000157E0BB09AFCE22C907AA60BEA207E34C4
:10E3F00000012D321BEA30907AA60BEA10907AA227
:10E40000693E00020BEA202D317E1BB0BEB00078C1
:10E41000A4AA907B12F0907B101BEA20907B0E1B2D
:10E42000EA30907A9A0BEA20907B0E0BEA30BD32EC
:10E43000500474018001E47E144E017E0400FE7ECF
:10E4400034010E9AFE2ABA907A9C0BEA20907B1037
:10E450000BEA30BD32500474018001E47E144E0199
:10E460007E0400FE7E34010F9AFE2ABA6CAA907BCD
:10E4700012E0BCBA581F907B0E0BEA30907B100B59
:10E48000EA20742D9AFCE22C907B12E064FF049049
:10E490007B12F08012907B0E0BEA30907B100BEA1F
:10E4A0002074209AFCE22C907B12E01A3B7E240020
:10E4B000649AFDDF2C7CB7907B13F0907B12E01AFE
:10E4C0003B7E24000A9AFDDF2C7E24000A9AFDDFA1
:10E4D0002C7CB5907B14F0907B12E01A3B7E2400DC
:10E4E0000A9AFDDF2C7CB5907B15F0E4907B16F04A
:10E4F000804A907B16E00A3B7E2400012D233E24B7
:10E500003E243E24907B0E0BEA302D32907B100B84
:10E51000EA20907B16E00A0B7E147B132D107A31D3
:10E52000827A2183E00A4B7E5400302D549AFCE21B
:10E530002C907B167EEBA074012CBAF0907B167E9B
:10E54000EBA07403BCAB40AAAA907B1BF0907B1994
:10E550001BEA20907B171BEA30907A9A0BEA2090F6
:10E560007B170BEA30BD32500474018001E47E1445
:10E570004E017E0400FE7E3401329AFE2ABA907A61
:10E580009C0BEA20907B190BEA30BD3250047401D9
:10E590008001E47E144E017E0400FE7E3401339A35
:10E5A000FE2ABA907B1BE00A5B7E4400648D549087
:10E5B0007B1CF0907B1BE00A3B7E24000A8D327EA0
:10E5C00024000A9AFDDF2C7CB5907B1DF0907B1B0C
:10E5D000E00A3B7E24000A9AFDDF2C7CB5907B1E6E
:10E5E000F0E4907B1FF08042907B1F7EEB707408FC
:10E5F000ACB7907B170BEA302D35907B190BEA20D6
:10E60000907B1FE00A0B7E147B1C2D107A31827ADE
:10E610002183E00A4B7E5400302D549AFCE22C906A
:10E620007B1F7EEBA074012CBAF0907B1F7EEBA0C9
:10E630007403BCAB40B2AA9079541BEA1090795293
:10E640001BEA209079501BEA30907A9A0BEA2090CE
:10E6500079500BEA30BD32500474018001E47E141D
:10E660004E017E0400FE7E34014E9AFE2ABA907A54
:10E670009C0BEA209079520BEA30BD3250047401B1
:10E680008001E47E144E017E0400FE7E34014F9A28
:10E69000FE2ABA6D229079540BEA30BD325826908A
:10E6A00079500BEA309079520BEA20742D9AFCE2F3
:10E6B0002C9079540BEA306E34FFFF0B3490795470
:10E6C0001BEA3080129079500BEA309079520BEAB5
:10E6D0002074209AFCE22C9079540BEA307E242797
:10E6E000109AFDDF2C7CB7907956F09079540BEAA4
:10E6F000307E2403E89AFDDF2C7E24000A9AFDDF99
:10E700002C7CB5907957F09079540BEA307E240038
:10E71000649AFDDF2C7E24000A9AFDDF2C7CB590E4
:10E720007958F09079540BEA307E24000A9AFDDF84
:10E730002C7E24000A9AFDDF2C7CB5907959F0904C
:10E7400079540BEA307E24000A9AFDDF2C7CB590C8
:10E75000795AF0E490795BF0804A90795BE00A3B6B
:10E760007E2400012D233E243E243E249079500B2C
:10E77000EA302D329079520BEA2090795BE00A0B57
:10E780007E1479562D107A31827A2183E00A4B7EED
:10E790005400302D549AFCE22C90795B7EEBA074EF
:10E7A000012CBAF090795B7EEBA07405BCAB40AA5B
:10E7B000AA9079601BEA1090795E1BEA2090795C40
:10E7C0001BEA30907A9A0BEA2090795C0BEA30BD14
:10E7D00032500474018001E47E144E017E0400FE78
:10E7E0007E3401739AFE2ABA907A9C0BEA209079C3
:10E7F0005E0BEA30BD32500474018001E47E144E99
:10E80000017E0400FE7E3401749AFE2ABA9079607B
:10E810000BEA507E4427108D54907962F090796015
:10E820000BEA307E2403E88D327E24000A8D327C90
:10E83000B5907963F09079600BEA307E2400648DA6
:10E84000327E24000A8D327CB5907964F090796034
:10E850000BEA307E24000A8D327E24000A8D327C41
:10E86000B5907965F09079600BEA307E24000A8DCE
:10E87000327CB5907966F0E4907967F080429079C7
:10E88000677EEB707408ACB790795C0BEA302D357D
:10E8900090795E0BEA20907967E00A0B7E1479622A
:10E8A0002D107A31827A2183E00A4B7E5400302D7C
:10E8B000549AFCE22C9079677EEBA074012CBAF09C
:10E8C0009079677EEBA07405BCAB40B2AA9071AAA8
:10E8D000F09071A61BEA00791E00029071A41BEA59
:10E8E000209071A21BEA30907A9A0BEA209071A2D4
:10E8F0000BEA30BD32500474018001E47E144E01F5
:10E900007E0400FE7E3401939AFE2ABA907A9C0B14
:10E91000EA209071A40BEA30BD32500474018001EA
:10E92000E47E144E017E0400FE7E3401949AFE2A99
:10E93000BA9071AA7EEBA0740ABCAB2806740A9048
:10E9400071AAF09071AA7EEBA074012CBAF09071BC
:10E95000A6693E00020BEA20BE18000058309071F4
:10E96000A6693E00020BEA20906CF9793E00021B7A
:10E97000EA207E1471AB7E0400017E344DFE7E24BD
:10E9800000FE9AFC67137CB79071CDF0803F742035
:10E990009071ABF09071A6693E00020BEA20906C7A
:10E9A000F9793E00021BEA207E1471AC7E0400015E
:10E9B0007E344DFE7E2400FE9AFC67137CB7907176
:10E9C000CDF09071CD7EEBA074012CBAF080237E47
:10E9D000A0209071CDE00A2B7E3471AB2D327A717C
:10E9E000827A61837AEBA09071CD7EEBA074012CCA
:10E9F000BAF09071AA7EEBA09071CDE0BCBA40CF86
:10EA00006CAA9071AAE00A2B7E3471AB2D327A7118
:10EA1000827A61837AEBA09071A20BEA309071A4A4
:10EA20000BEA207E1471AB7E0400019AFCE34BAA32
:10EA30009070C3F09070BF1BEA00791E00029070C6
:10EA4000BD1BEA209070BB1BEA30907A9A0BEA203B
:10EA50009070BB0BEA30BD32500474018001E47E3B
:10EA6000144E017E0400FE7E3401BE9AFE2ABA9046
:10EA70007A9C0BEA209070BD0BEA30BD32500474D2
:10EA8000018001E47E144E017E0400FE7E3401BF4D
:10EA90009AFE2ABA9070C47EEBA07406BCAB28061E
:10EAA00074069070C4F09070C37EEBA0740ABCAB87
:10EAB0002806740A9070C3F09070BF691E00020BA4
:10EAC000EA009F119AFDD81128309070BF693E006E
:10EAD000020BEA20906CF9793E00021BEA207E14BA
:10EAE00070C67E0400017E344DFB7E2400FE9AFC3D
:10EAF00067137CB79070C5F080399070BF693E0095
:10EB0000020BEA20906CF9793E00021BEA207E1489
:10EB100070C77E0400017E344DFB7E2400FE9AFC0B
:10EB200067137CB79070C5F09070C57EEBA0740140
:10EB30002CBAF09070C5E00A5B7E4400079D5490AB
:10EB400070EAF09070C3E00A4B9070EAE01A5B9DA7
:10EB5000547E4400019D549070E8F09070C4E00A27
:10EB60003B9070EAE01A4B2D437E5400012D5490E7
:10EB700070E9F0802E7EA0209070E9E01A2B7E34A0
:10EB800070C62D327A71827A61837AEBA09070E937
:10EB90007EEBA074012CBAF09070E87EEBA07401BB
:10EBA0002CBAF09070E87EEBA0E4BCAB48C7907044
:10EBB000BF691E00020BEA009F119AFDD811281AA6
:10EBC0007EA02D9070E8E01A2B7E3470C62D327A2C
:10EBD00071827A61837AEBA080187EA0209070E821
:10EBE000E01A2B7E3470C62D327A71827A61837A74
:10EBF000EBA06CAA9070E9E01A2B7E3470C62D321F
:10EC00007A71827A61837AEBA09070BB0BEA3090C4
:10EC100070BD0BEA207E1470C67E0400019AFCE3EE
:10EC20004BAA9073C11BEA00791E00029073BF1BB0
:10EC3000EA209073BD1BEA309F119073CD793E009E
:10EC4000021BEA209F119073D1793E00021BEA203B
:10EC5000907A9A0BEA209073BD0BEA30BD325004D3
:10EC600074018001E47E144E017E0400FE7E3401B6
:10EC7000EE9AFE2ABA907A9C0BEA209073BF0BEAB8
:10EC800030BD32500474018001E47E144E017E04D4
:10EC900000FE7E3401EF9AFE2ABA9073BD0BEA3073
:10ECA0009073BF0BEA209073C90BEA009073BD0B01
:10ECB000EA102D107E0400019D109073CB0BEA50DA
:10ECC0009073BF0BEA002D057E5400019D0512DFF5
:10ECD000899F119073CD793E00021BEA2080609FCE
:10ECE000119073D1793E00021BEA2080257E34000A
:10ECF00001907A960BEA209AFC7A189073D1691EDB
:10ED000000020BEA007E1800012F10793E00021B62
:10ED1000EA209073C90BEA106D009073D1693E0030
:10ED2000020BEA20BF1040C59073CD691E00020B94
:10ED3000EA007E1800012F10793E00021BEA2090A5
:10ED400073CB0BEA106D009073CD693E00020BEAA5
:10ED500020BF10408A9F119073CD793E00021BEABC
:10ED60002002EE229073C50BEA109073CD693E002D
:10ED7000020BEA209AFDDF6F9073C90BEA109AFD2F
:10ED8000DF789073D5793E00021BEA209073D56935
:10ED90003E00020BEA207D139073C1693E00020B16
:10EDA000EA202D317E1B700A279073CB0BEA307E50
:10EDB0001400019D31AD329073C70BEA208D326D86
:10EDC000229073D9793E00021BEA209073CD693EF0
:10EDD00000020BEA207D239073BD0BEA302D3290A8
:10EDE00073CB0BEA107E2400019D126D009073D945
:10EDF000695E00020BEA409F029073BF0BEA202D70
:10EE000021907A940BEA109AFCE1A69073CD691ECA
:10EE100000020BEA007E1800012F10793E00021B51
:10EE2000EA209073C90BEA106D009073CD693E0023
:10EE3000020BEA20BF10500302ED64AA9075021B7A
:10EE4000EA00791E0002907501F09074FF1BEA2021
:10EE50009074FD1BEA30907A9A0BEA209074FD0BB7
:10EE6000EA30BD32500474018001E47E144E017E0C
:10EE70000400FE7E3402149AFE2ABA907A9C0BEAB1
:10EE8000209074FF0BEA30BD32500474018001E41D
:10EE90007E144E017E0400FE7E3402159AFE2ABACC
:10EEA000907501E00A5B1E541E541E54907511F0BB
:10EEB0009074FD0BEA309074FF0BEA20907501E02E
:10EEC0009075067EEB10AC1B7E1400019D019074C2
:10EED000FD0BEA102D10907501E00A5B9074FF0B9A
:10EEE000EA002D057E5400019D0512DF896D3390E7
:10EEF00075091BEA3002F02C907506E0907510F051
:10EF0000907511E00A1B9075090BEA00AD10907521
:10EF100002693E00020BEA202D31907512793E0005
:10EF2000021BEA2002F0076D3390750D1BEA3002D8
:10EF3000EFCA7E34000890750B1BEA30805E907536
:10EF40000B0BEA507E4400019D54907512693E00FF
:10EF5000020BEA207E1BA060051EA01478FB740142
:10EF60005CBA90750FF090750FE0BEB00068107E2F
:10EF70003400019075070BEA209AFC7A18800E7E07
:10EF8000340001907A960BEA209AFC7A1890750B5F
:10EF90000BEA307E2400019D321BEA306D22907511
:10EFA0000B0BEA30BD321896907512693E00020BC9
:10EFB000EA200B34793E00021BEA2090750D0BEA23
:10EFC000207E3400012D321BEA30907511E00A2BAF
:10EFD00090750D0BEA30BD32580302EF3290750187
:10EFE000E09075117EEB30AC3B907512693E0002EB
:10EFF0000BEA20907511E00A0B9D302D31907512AF
:10F00000793E00021BEA209075107EEBA07E700115
:10F010007CBA9CB7F0BEA000680302EF2790750988
:10F020000BEA207E3400012D321BEA30907501E09E
:10F030000A2B9075090BEA30BD32580302EEF8AA8C
:10F04000905F74F0905F681BEA00791E0002905F89
:10F05000661BEA20905F641BEA309F11905F757910
:10F060003E00021BEA209F11905F79793E00021B4F
:10F07000EA20907A9A0BEA20905F640BEA30BD3266
:10F08000500474018001E47E144E017E0400FE7E73
:10F0900034024B9AFE2ABA907A9C0BEA20905F6663
:10F0A0000BEA30BD32500474018001E47E144E013D
:10F0B0007E0400FE7E34024C9AFE2ABA905F686994
:10F0C0003E00020BEA204D23680474018001E47EB7
:10F0D000144E017E0400FE7E34024D9AFE2ABAC30D
:10F0E000C2B5905F640BEA30905F660BEA20905FD8
:10F0F000700BEA00905F640BEA102D107E04000193
:10F100009D10905F720BEA50905F660BEA002D0530
:10F110007E5400019D0512DF899F11905F79793E31
:10F1200000021BEA2002F2F5905F6E0BEA10905F7E
:10F1300079693E00020BEA209AFDDF6F905F720B47
:10F14000EA109AFDDF78905F6C0BEA109AFDDF6F92
:10F150007D13905F68693E00020BEA202D319061BB
:10F1600061793E00021BEA209F11905F75793E0095
:10F17000021BEA2002F2A3905F6C0BEA10905F750D
:10F18000693E00020BEA209AFDDF6F905F700BEA88
:10F19000109AFDDF787D13906161693E00020BEAF1
:10F1A000202D317E1B700A37905F7F1BEA30905F05
:10F1B00074E0BEB000680302F23E905F7F0BEA206D
:10F1C0001E241E241E247E34001F5D327C676C7753
:10F1D0003E343E343E34905F7D1BEA30905F7F0BBF
:10F1E000EA301E341E347E24003F5D2374053E2425
:10F1F0001478FB905F7D0BEA304D321BEA30905F54
:10F200007F0BEA301E341E341E347E24001F5D2323
:10F21000905F7D0BEA304D321BEA30905F7D0BEA48
:10F2200020905F75691E00020BEA003E147E345F79
:10F23000812D317A71827A61831BEA20804E905F42
:10F2400074E00A2B905F7F0BEA30BD32501F6D22B5
:10F25000905F75691E00020BEA003E147E345F81E8
:10F260002D317A71827A61831BEA20801F7E24FF10
:10F27000FF905F75691E00020BEA003E147E345F4A
:10F28000812D317A71827A61831BEA20905F7569E2
:10F290001E00020BEA007E1800012F10793E0002CA
:10F2A0001BEA20905F700BEA106D00905F75693E5D
:10F2B00000020BEA20BF10500302F177905F700B41
:10F2C000EA306D22907A36793E00021BEA207E34C5
:10F2D00000017E145F817E0400019AFC7A45905FF4
:10F2E00079691E00020BEA007E1800012F10793E9A
:10F2F00000021BEA20905F720BEA106D00905F79AC
:10F30000693E00020BEA20BF10500302F128D3D25D
:10F31000B5AA7E3413939076331BEA307E34139172
:10F320009076351BEA307E34FFFF9076371BEA304B
:10F330007E34FFFF9076391BEA307E3400016D2267
:10F340007E146C007E0402DC9AFC7EB27E34008166
:10F350007E240001E47E1400109AFD29C77E34004B
:10F36000807E240001E47E1400109AFD29C77E34BB
:10F3700000457E240001E47E1400109AFD29C77E1A
:10F380003400927E24000174017E1400109AFD293D
:10F39000C7907A980BEA309AFCE12C907A940BEAA9
:10F3A00030907A960BEA209AFCE181C3C2F87E1471
:10F3B00003E8907DFB693E00020BEA209AFDDF78AE
:10F3C0007E1400C89AFDDF6F9AFE3588D3D2F87E8E
:10F3D0001403E8907DFB693E00020BEA209AFDDFF2
:10F3E000787E1400649AFDDF6F9AFE3588743612B9
:10F3F000DF667E1403E8907DFB693E00020BEA2085
:10F400009AFDDF787E1400649AFDDF6F9AFE3588DE
:10F410006D22907A980BEA30BD32780B7E34000171
:10F42000E49AFC79B4803E907A980BEA207E34000E
:10F4300001BD23780C7E34000174C09AFC79B4803D
:10F4400024907A980BEA207E340002BD23780C7E4B
:10F4500034000174709AFC79B4800A7E340001741F
:10F46000A09AFC79B4743A12DF667E340001740508
:10F470009AFC79B474B212DF667E340001740C9A7F
:10F48000FC79B47E340001740C9AFC79B47E3400AB
:10F4900001E49AFC79B47E34000174339AFC79B4A7
:10F4A0007E34000174339AFC79B474B712DF667E3F
:10F4B00034000174359AFC79B474BB12DF667E3473
:10F4C000000174379AFC79B474C012DF667E340090
:10F4D00001742C9AFC79B474C212DF667E34000188
:10F4E00074019AFC79B474C312DF667E340001742F
:10F4F000129AFC79B474C412DF667E340001742061
:10F500009AFC79B474C612DF667E340001740F9AD7
:10F51000FC79B474D012DF667E34000174A49AFCC6
:10F5200079B47E34000174A19AFC79B474E012DFDE
:10F53000667E34000174D09AFC79B47E3400017484
:10F54000049AFC79B47E340001740D9AFC79B47E7F
:10F5500034000174119AFC79B47E34000174139A5A
:10F56000FC79B47E340001742B9AFC79B47E3400AB
:10F5700001743F9AFC79B47E34000174549AFC798A
:10F58000B47E340001744C9AFC79B47E340001746A
:10F59000189AFC79B47E340001740D9AFC79B47E1B
:10F5A000340001740B9AFC79B47E340001741F9A04
:10F5B000FC79B47E34000174239AFC79B474E112AE
:10F5C000DF667E34000174D09AFC79B47E34000189
:10F5D00074049AFC79B47E340001740C9AFC79B4FA
:10F5E0007E34000174119AFC79B47E3400017413E6
:10F5F0009AFC79B47E340001742C9AFC79B47E3480
:10F600000001743F9AFC79B47E34000174449AFC82
:10F6100079B47E34000174519AFC79B47E340001CF
:10F62000742F9AFC79B47E340001741F9AFC79B46B
:10F630007E340001741F9AFC79B47E34000174207A
:10F640009AFC79B47E34000174239AFC79B4742155
:10F6500012DF66741112DF667E1403E8907DFB6989
:10F660003E00020BEA209AFDDF787E1400789AFDB6
:10F67000DF6F9AFE3588742912DF66907A960BEA5E
:10F68000309AFCE07DAA907F381BEA30907F380BDF
:10F69000EA207E3400A5BD2358067E3400A5801ADA
:10F6A000907F380BEA207E3402BCBD2308067E34EE
:10F6B00002BC8006907F380BEA3022907BF71BEA71
:10F6C00020793E0002907BF31BEA00791E0002A223
:10F6D000AF9206C3C2AF907BF3693E00020BEA20F3
:10F6E0004D2368139075470BEA10907BF3693E0039
:10F6F000020BEA201B1A10907BF7693E00020BEA0E
:10F70000204D2368139075510BEA10907BF7693EEA
:10F7100000020BEA201B1A10A20692AF22907E89EB
:10F720001BEA20907E871BEA30907E870BEA207EC2
:10F73000340002BD2378069AFCF790804D907E87B6
:10F740000BEA207E340001BD2368086D33907E876C
:10F750001BEA30907E890BEA3012F686907E891B78
:10F76000EA30A2AF9207C3C2AF907E890BEA309015
:10F7700075511BEA30907E870BEA309075471BEA83
:10F7800030E4907546F0A20792AFAA907546E0AAC1
:10F79000A2AF9208C3C2AF7E3400029075471BEA45
:10F7A000307401907546F06D339075571BEA306DDB
:10F7B000339075591BEA306D3390755B1BEA306DE1
:10F7C0003390754D1BEA306D339075551BEA307ED2
:10F7D000146C8D7E0400019AFDEE647E146CB17E83
:10F7E0000400019AFDEE647E3433866D229AFCFAA1
:10F7F0006F7E343B876D229AFCFA6FA20892AFAA03
:10F80000907E8D1BEA20907E8B1BEA30907E8B0BC6
:10F81000EA3012F686907E8B1BEA30907E8D0BEAE2
:10F820003012F686907E8D1BEA30907E8D0BEA209A
:10F83000907E8B0BEA30BD32080C907E8D0BEA3047
:10F84000907E8B1BEA30A2AF9209C3C2AF907E8B31
:10F850000BEA3090754F1BEA30907E8D0BEA3090AA
:10F8600075531BEA30A20992AFAA907BFF1BEA20D6
:10F87000793E0002907BFB1BEA00791E0002907B20
:10F88000FB693E00020BEA204D23683F907BFF6935
:10F890003E00020BEA204D236831A2AF920AC3C298
:10F8A000AF90754F0BEA10907BFB693E00020BEAAC
:10F8B000201B1A109075530BEA10907BFF693E00D5
:10F8C000020BEA201B1A10A20A92AFAA907F3A1BE1
:10F8D000EA30907F3A0BEA207E341D4CBD230806A7
:10F8E0007E341D4C801A907F3A0BEA207E34E2B4BD
:10F8F000BD2358067E34E2B48006907F3A0BEA308E
:10F9000022907E911BEA20907E8F1BEA30907E91A0
:10F910000BEA20907E8F0BEA30BD320808907E9172
:10F920000BEA30801A907E8F0BEA207E3400A5BD52
:10F930002358067E3400A58006907E8F0BEA302285
:10F940006D337E2402707E140A729AFD5F4A7E3403
:10F9500000027E2442507E144A529AFD5F4AAA9FBA
:10F96000119076B8793E00021BEA207E3433867E01
:10F970000842689AFDD0B59F119076B8793E000292
:10F980001BEA207E343B877E0842689AFDD0B57E14
:10F990003400847E240001E47E1400109AFD29C7FF
:10F9A0007E3400857E240001E47E1400109AFD2937
:10F9B000C7AA7E3433867E2405DC9AFCFA6F7E1457
:10F9C00003E8907DFB693E00020BEA209AFDDF7898
:10F9D0007E1403E89AFDDF6F9AFE35887E34338605
:10F9E0007E24FA249AFCFA6F7E1403E8907DFB696A
:10F9F0003E00020BEA209AFDDF787E1403E89AFDB0
:10FA0000DF6F9AFE35887E3433866D229AFCFA6F5A
:10FA10007E343B877E2405DC9AFCFA6F7E1403E873
:10FA2000907DFB693E00020BEA209AFDDF787E1490
:10FA300003E89AFDDF6F9AFE35887E343B877E248B
:10FA4000FA249AFCFA6F7E1403E8907DFB693E006D
:10FA5000020BEA209AFDDF787E1403E89AFDDF6F3F
:10FA60009AFE35887E343B876D229AFCFA6FAA9005
:10FA70007E951BEA20907E931BEA30907E950BEAE0
:10FA80003012F8CC907E951BEA30907E930BEA20E2
:10FA90007E343386BD23784B6D22907E950BEA3001
:10FAA000BD32481E7E34008474019AFD26217E34C6
:10FAB0003386907E950BEA101A021A009AFDCED773
:10FAC000806A7E340084E49AFD26217E3433869059
:10FAD0007E950BEA206D119D121A021A009AFDCE36
:10FAE000D780496D22907E950BEA30BD32481E7E4C
:10FAF00034008574019AFD26217E343B87907E95E3
:10FB00000BEA101A021A009AFDCED7801F7E34002D
:10FB100085E49AFD26217E343B87907E950BEA2072
:10FB20006D119D121A021A009AFDCED7AA7E3400DA
:10FB3000029AFD520F9075491BEA307E3400029AFA
:10FB4000FD55EE6D339AFD520F6E34FFFF0B34906E
:10FB5000754B1BEA306D339AFD55EEAA906C8B0BFA
:10FB6000EA207E340352BD23281E906C8B0BEA30B2
:10FB70007E2403529D329074571BEA307E3400BEBF
:10FB80009074591BEA30801C906C8B0BEA207E34F9
:10FB900003529D329074571BEA307E3400A090745B
:10FBA000591BEA309074590BEA207E3400AFBD2314
:10FBB000280A7E3400AF9074591BEA309074590BB8
:10FBC000EA209074570BEA30BD32280C9074590B20
:10FBD000EA309074571BEA307E1474637E0400018F
:10FBE0007E3474657E2400019AFCF86A7E14747376
:10FBF0007E0400017E3474717E24000112F6BB90F5
:10FC000074650BEA207E3400A5BD23580C7E3400B9
:10FC1000A59074651BEA3080189074650BEA207E0D
:10FC20003402BCBD23080A7E3402BC9074651BEA12
:10FC3000309074630BEA207E3400A5BD23580C7EFF
:10FC40003400A59074631BEA30801C9074650BEA45
:10FC5000209074630BEA30BD32080C9074650BEA97
:10FC6000309074631BEA309074650BEA307E240098
:10FC7000329D329074671BEA309074730BEA207ED9
:10FC8000340001BD23781C9074670BEA20907471D6
:10FC90000BEA30BD32580C9074710BEA30907467E7
:10FCA0001BEA309074670BEA207E3400A5BD235810
:10FCB0000C7E3400A59074671BEA3080189074673E
:10FCC0000BEA207E3402BCBD23080A7E3402BC90BD
:10FCD00074671BEA309074570BEA209074570BEA54
:10FCE00030AD3290745B793E00021BEA209074596B
:10FCF0000BEA209074590BEA30AD3290745F793E74
:10FD000000021BEA209074630BEA209074650BEAF2
:10FD1000309D321A261A2490745B691E00020BEA89
:10FD2000009AFDDF5E90745F691E00020BEA009A84
:10FD3000FDDF7A7D239074650BEA309D3290746903
:10FD40001BEA309074670BEA209074690BEA30BDAF
:10FD50003208089074670BEA3080069074690BEAE9
:10FD6000309075571BEA309074570BEA306D222F94
:10FD7000112F112F119074590BEA109AFDDF789012
:10FD8000746B1BEA309075570BEA3090746D1BEA68
:10FD9000309075570BEA3090746F1BEA30906C8B83
:10FDA0000BEA207E340352BD23282490746B0BEAA7
:10FDB0002090746D0BEA302D321BEA3090746B0B7F
:10FDC000EA2090746F0BEA309D321BEA308030904D
:10FDD0006C8B0BEA207E340352BD23502290746B4F
:10FDE0000BEA2090746D0BEA309D321BEA30907460
:10FDF0006B0BEA2090746F0BEA302D321BEA3090C7
:10FE0000746D0BEA309074670BEA2012F90190755B
:10FE1000591BEA3090746F0BEA309074670BEA203C
:10FE200012F90190755B1BEA30AA7E147F3C7E04B8
:10FE300000019F1112F6BB907F3C0BEA207E34003C
:10FE400002BD2378069AFCF79080307E3405DC9062
:10FE5000754D1BEA307E3405DC9075551BEA307E0B
:10FE600034338690754D0BEA209AFCFA6F7E343B52
:10FE7000879075550BEA209AFCFA6FAAAA9078042D
:10FE80001BEA00791E00029078021BEA309078028B
:10FE90000BEA3090741B1BEA3090780C693E00022C
:10FEA0000BEA204D23780A7E34FE7C7E2400FC8001
:10FEB0000A90780C693E00020BEA2090742F793E7C
:10FEC00000021BEA20907804693E00020BEA204DF4
:10FED00023780A7E34FE7C7E2400FC800A9078041D
:10FEE000693E00020BEA2090742B793E00021BEA67
:10FEF00020907808693E00020BEA204D23780A7EA4
:10FF000034FE7C7E2400FC800A907808693E000262
:10FF10000BEA20907427793E00021BEA20AA907C0D
:10FF2000FE1BEA00791E0002907CFC1BEA30907CEC
:10FF3000FC0BEA309074211BEA309074210BEA200C
:10FF40007E340004BD23782E907CFE693E00020BB7
:10FF5000EA204D23780A7E34FE7C7E2400FC800A51
:10FF6000907CFE693E00020BEA20907433793E00DB
:10FF7000021BEA20802C907CFE693E00020BEA20E6
:10FF80004D23780A7E34FE7C7E2400FC800A907C1F
:10FF9000FE693E00020BEA20907423793E00021BAA
:10FFA000EA20AA907D041BEA00791E0002907D02DF
:10FFB0001BEA30907D020BEA309074371BEA3090D8
:10FFC0007D04693E00020BEA204D23780A7E34FE50
:10FFD0007C7E2400FC800A907D04693E00020BEACE
:10FFE0002090741D793E00021BEA20AA6D33800226
:0FFFF0000B347E0BB00B1470F7AA9AFE0E0CAAFE
:0200000400FDFD
:10000000907F5DF0D3D2B5C3C2B5C3C2F97E3400D0
:1000100001907F5DE09AFC79B4D3D2B5D3D2F9C315
:10002000C2B522907BA91BEA00907BA71BEA109027
:100030007BA51BEA20907BA31BEA30907BA1E00A02
:100040002B907BA30BEA30BD32500474018001E495
:100050007E144DCE7E0400FE7E34006A9AFE2ABADB
:10006000907BA2E00A2B907BA50BEA30BD325004B6
:1000700074018001E47E144DCE7E0400FE7E3400C7
:100080006B9AFE2ABA907BA1E00A2B907BA70BEA21
:1000900030BD32500474018001E47E144DCE7E04E4
:1000A00000FE7E34006C9AFE2ABA907BA2E00A2BF6
:1000B000907BA90BEA30BD32500474018001E47ECC
:1000C000144DCE7E0400FE7E34006D9AFE2ABA6D79
:1000D00022907B9F0BEA30BD32680E907B9F0BEA2B
:1000E000207E340001BD23785C742A1200007E3427
:1000F0000001907BA30BEA107E2400022D219AFCC4
:100100007A187E340001907BA70BEA107E2400024F
:100110002D219AFC7A18742B1200007E3400019075
:100120007BA50BEA107E2400012D219AFC7A187E13
:10013000340001907BA90BEA107E2400012D219A46
:10014000FC7A18805A742A1200007E340001907BD9
:10015000A30BEA107E2400012D219AFC7A187E342C
:100160000001907BA70BEA107E2400012D219AFC50
:100170007A18742B1200007E340001907BA50BEAE4
:10018000107E2400022D219AFC7A187E3400019002
:100190007BA90BEA107E2400022D219AFC7A1874A8
:1001A0002C120000229067B71BEA306D336D22904D
:1001B0007BA1E00A1B7E0400019D10907BA2E00A57
:1001C0000B7E5400019D051200236D339067B91B0F
:1001D000EA30802C9067B70BEA209067B90BEA10E1
:1001E0003E147E3467BB2D317A71827A61831BEABB
:1001F000209067B90BEA207E3400012D321BEA30D3
:100200009067B90BEA207E3400A0BD2340C66D3351
:100210009067B91BEA30802D7E1800A0907A36795D
:100220003E00021BEA207E3400017E1467BB7E0480
:1002300000019AFC7A459067B90BEA207E340001F0
:100240002D321BEA309067B90BEA207E340080BD66
:100250002340C5AA907F1C1BEA30907F1C0BEA301C
:10026000907B9F1BEA30907F1C0BEA207E340002BB
:10027000BD23580E7480907BA1F074A0907BA2F0F7
:10028000800C74A0907BA1F07480907BA2F0AA9067
:100290007E711BEA20907E6F1BEA30907E6F0BEA26
:1002A00030907B9B1BEA30907E710BEA30907B9DF7
:1002B0001BEA30AA907D0C1BEA10907D0A1BEA20F5
:1002C000907D081BEA30907BA1E00A2B907D080B03
:1002D000EA30BD32500474018001E47E144DCE7EBC
:1002E0000400FE7E3400CA9AFE2ABA907BA2E00A7D
:1002F0002B907D0A0BEA30BD32500474018001E47A
:100300007E144DCE7E0400FE7E3400CB9AFE2ABAC7
:10031000907D080BEA30907D0A0BEA20907D080B57
:10032000EA10907D0A0BEA001200237E340001904F
:100330007D0C0BEA209AFC7A18AA907BAFF0907B98
:10034000AD1BEA20907BAB1BEA30907BA1E00A2B2F
:10035000907BAB0BEA30BD32500474018001E47E27
:10036000144DCE7E0400FE7E3400DE9AFE2ABA9042
:100370007BA2E00A2B907BAD0BEA30BD32500474B7
:10038000018001E47E144DCE7E0400FE7E3400DF49
:100390009AFE2ABAE4907BB0F0020449907BAB0B42
:1003A000EA30907BB0E00A1B907BAD0BEA202D2158
:1003B000907BAB0BEA007E1400072D10907BB0E021
:1003C0000A5B907BAD0BEA002D05120023907BAFFA
:1003D000E01A3B3E343E343E343E34907BB0E00A7B
:1003E0002B2D237E34011F2D327E2400FF7E1BB077
:1003F000907BB2F0E4907BB1F08037907BB2E0303C
:10040000E0107E340001907B9B0BEA209AFC7A1866
:10041000800E7E340001907B9D0BEA209AFC7A18B6
:10042000907BB2E01EB0F0907BB17EEBA074012C0B
:10043000BAF0907BB17EEBA07408BCAB40BD907B62
:10044000B07EEBA074012CBAF0907BB07EEBA07470
:1004500010BCAB500302039CAA907A841BEA00797B
:100460001E0002907A821BEA20907A801BEA306D8F
:1004700033907A881BEA30907BA1E00A2B907A8037
:100480000BEA30BD32500474018001E47E144DCE7D
:100490007E0400FE7E3400FC9AFE2ABA907BA2E025
:1004A0000A2B907A820BEA30BD325004740180012D
:1004B000E47E144DCE7E0400FE7E3400FD9AFE2ABA
:1004C000BA8042907A880BEA203E243E243E249053
:1004D0007A800BEA302D32907A820BEA20907A886B
:1004E0000BEA50907A84691E00020BEA002D157EFB
:1004F0000BB09AFD033A907A880BEA207E34000113
:100500002D321BEA30907A880BEA10907A84693E8B
:1005100000020BEA202D317E1BB0BEB00078A4AAE9
:10052000907ADCF0907ADA1BEA20907AD81BEA30D5
:10053000907BA1E00A2B907AD80BEA30BD325004B0
:1005400074018001E47E144DCE7E0400FE7E3401F1
:10055000149AFE2ABA907BA2E00A2B907ADA0BEA70
:1005600030BD32500474018001E47E144DCE7E040F
:1005700000FE7E3401159AFE2ABA6CAA907ADCE05D
:10058000BCBA581F907AD80BEA30907ADA0BEA207E
:10059000742D9AFD033A907ADCE064FF04907ADCD3
:1005A000F08012907AD80BEA30907ADA0BEA207455
:1005B000209AFD033A907ADCE01A3B7E2400649A8C
:1005C000FDDF2C7CB7907ADDF0907ADCE01A3B7E80
:1005D00024000A9AFDDF2C7E24000A9AFDDF2C7C81
:1005E000B5907ADEF0907ADCE01A3B7E24000A9A1D
:1005F000FDDF2C7CB5907ADFF0E4907AE0F0804A61
:10060000907AE0E00A3B7E2400012D233E243E2424
:100610003E24907AD80BEA302D32907ADA0BEA2019
:10062000907AE0E00A0B7E147ADD2D107A31827A1E
:100630002183E00A4B7E5400302D549AFD033A90FA
:100640007AE07EEBA074012CBAF0907AE07EEBA009
:100650007403BCAB40AAAA907AE5F0907AE31BEA57
:1006600020907AE11BEA30907BA1E00A2B907AE19E
:100670000BEA30BD32500474018001E47E144DCE8B
:100680007E0400FE7E3401389AFE2ABA907BA2E0F6
:100690000A2B907AE30BEA30BD32500474018001DA
:1006A000E47E144DCE7E0400FE7E3401399AFE2A8B
:1006B000BA907AE5E00A5B7E4400648D54907AE655
:1006C000F0907AE5E00A3B7E24000A8D327E240019
:1006D0000A9AFDDF2C7CB5907AE7F0907AE5E00A83
:1006E0003B7E24000A9AFDDF2C7CB5907AE8F0E48A
:1006F000907AE9F08042907AE97EEB707408ACB7AA
:10070000907AE10BEA302D35907AE30BEA20907A6B
:10071000E9E00A0B7E147AE62D107A31827A218381
:10072000E00A4B7E5400302D549AFD033A907AE94A
:100730007EEBA074012CBAF0907AE97EEBA07403F2
:10074000BCAB40B2AA9078DC1BEA109078DA1BEAC6
:10075000209078D81BEA30907BA1E00A2B9078D8C3
:100760000BEA30BD32500474018001E47E144DCE9A
:100770007E0400FE7E3401549AFE2ABA907BA2E0E9
:100780000A2B9078DA0BEA30BD32500474018001F4
:10079000E47E144DCE7E0400FE7E3401559AFE2A7E
:1007A000BA6D229078DC0BEA30BD3258269078D8AA
:1007B0000BEA309078DA0BEA20742D9AFD033A9018
:1007C00078DC0BEA306E34FFFF0B349078DC1BEAE8
:1007D0003080129078D80BEA309078DA0BEA2074E7
:1007E000209AFD033A9078DC0BEA307E2427109A99
:1007F000FDDF2C7CB79078DEF09078DC0BEA307E61
:100800002403E89AFDDF2C7E24000A9AFDDF2C7C6D
:10081000B59078DFF09078DC0BEA307E2400649AA3
:10082000FDDF2C7E24000A9AFDDF2C7CB59078E059
:10083000F09078DC0BEA307E24000A9AFDDF2C7EF3
:1008400024000A9AFDDF2C7CB59078E1F09078DCEA
:100850000BEA307E24000A9AFDDF2C7CB59078E20A
:10086000F0E49078E3F0804A9078E3E00A3B7E245D
:1008700000012D233E243E243E249078D80BEA30FC
:100880002D329078DA0BEA209078E3E00A0B7E14A0
:1008900078DE2D107A31827A2183E00A4B7E540073
:1008A000302D549AFD033A9078E37EEBA074012C2E
:1008B000BAF09078E37EEBA07405BCAB40AAAA9096
:1008C00078E81BEA109078E61BEA209078E41BEAAF
:1008D00030907BA1E00A2B9078E40BEA30BD3250D7
:1008E0000474018001E47E144DCE7E0400FE7E344B
:1008F00001799AFE2ABA907BA2E00A2B9078E60B47
:10090000EA30BD32500474018001E47E144DCE7E85
:100910000400FE7E34017A9AFE2ABA9078E80BEA47
:10092000507E4427108D549078EAF09078E80BEAD6
:10093000307E2403E88D327E24000A8D327CB5900F
:1009400078EBF09078E80BEA307E2400648D327EFC
:1009500024000A8D327CB59078ECF09078E80BEAB0
:10096000307E24000A8D327E24000A8D327CB590C0
:1009700078EDF09078E80BEA307E24000A8D327C26
:10098000B59078EEF0E49078EFF080429078EF7ECA
:10099000EB707408ACB79078E40BEA302D359078A2
:1009A000E60BEA209078EFE00A0B7E1478EA2D102F
:1009B0007A31827A2183E00A4B7E5400302D549A9A
:1009C000FD033A9078EF7EEBA074012CBAF090789A
:1009D000EF7EEBA07405BCAB40B2AA90717EF090A4
:1009E000717A1BEA00791E00029071781BEA209050
:1009F00071761BEA30907BA1E00A2B9071760BEAAE
:100A000030BD32500474018001E47E144DCE7E046A
:100A100000FE7E3401999AFE2ABA907BA2E00A2B4E
:100A20009071780BEA30BD32500474018001E47E8D
:100A3000144DCE7E0400FE7E34019A9AFE2ABA90AE
:100A4000717E7EEBA0740ABCAB2806740A90717E9E
:100A5000F090717E7EEBA074012CBAF090717A69EF
:100A60003E00020BEA20BE180000583090717A69EF
:100A70003E00020BEA20906CF9793E00021BEA204E
:100A80007E14717F7E0400017E344DCB7E2400FEF7
:100A90009AFC67137CB79071A1F0803F742090712D
:100AA0007FF090717A693E00020BEA20906CF97930
:100AB0003E00021BEA207E1471807E0400017E3419
:100AC0004DCB7E2400FE9AFC67137CB79071A1F099
:100AD0009071A17EEBA074012CBAF080237EA0203F
:100AE0009071A1E00A2B7E34717F2D327A71827A67
:100AF00061837AEBA09071A17EEBA074012CBAF017
:100B000090717E7EEBA09071A1E0BCBA40CF6CAA40
:100B100090717EE00A2B7E34717F2D327A71827A59
:100B200061837AEBA09071760BEA309071780BEAD2
:100B3000207E14717F7E0400019AFD0459AA9070F2
:100B400093F090708F1BEA00791E000290708D1B4D
:100B5000EA2090708B1BEA30907BA1E00A2B90700A
:100B60008B0BEA30BD32500474018001E47E144DD9
:100B7000CE7E0400FE7E3401C49AFE2ABA907BA287
:100B8000E00A2B90708D0BEA30BD32500474018066
:100B900001E47E144DCE7E0400FE7E3401C59AFE33
:100BA0002ABA9070947EEBA07406BCAB280674063B
:100BB000907094F09070937EEBA0740ABCAB280602
:100BC000740A907093F090708F691E00020BEA0017
:100BD0009F119AFDD811283090708F693E00020B4A
:100BE000EA20906CF9793E00021BEA207E14709690
:100BF0007E0400017E344DC87E2400FE9AFC6713FB
:100C00007CB7907095F0803990708F693E00020B30
:100C1000EA20906CF9793E00021BEA207E1470975E
:100C20007E0400017E344DC87E2400FE9AFC6713CA
:100C30007CB7907095F09070957EEBA074012CBA03
:100C4000F0907095E00A5B7E4400079D549070BA66
:100C5000F0907093E00A4B9070BAE01A5B9D547E5E
:100C60004400019D549070B8F0907094E00A3B905D
:100C700070BAE01A4B2D437E5400012D549070B988
:100C8000F0802E7EA0209070B9E01A2B7E347096F2
:100C90002D327A71827A61837AEBA09070B97EEB03
:100CA000A074012CBAF09070B87EEBA074012CBA3D
:100CB000F09070B87EEBA0E4BCAB48C790708F6931
:100CC0001E00020BEA009F119AFDD811281A7EA07F
:100CD0002D9070B8E01A2B7E3470962D327A718286
:100CE0007A61837AEBA080187EA0209070B8E01A19
:100CF0002B7E3470962D327A71827A61837AEBA0E2
:100D00006CAA9070B9E01A2B7E3470962D327A71ED
:100D1000827A61837AEBA090708B0BEA3090708DB1
:100D20000BEA207E1470967E0400019AFD0459AAF5
:100D3000906666F090665A1BEA00791E0002906683
:100D4000581BEA209066561BEA309F11906667791F
:100D50003E00021BEA209F1190666B793E00021B49
:100D6000EA20907BA1E00A2B9066560BEA30BD3258
:100D7000500474018001E47E144DCE7E0400FE7E9A
:100D80003401FC9AFE2ABA907BA2E00A2B906658A6
:100D90000BEA30BD32500474018001E47E144DCE64
:100DA0007E0400FE7E3401FD9AFE2ABA90665A69DE
:100DB0003E00020BEA204D23680474018001E47EAA
:100DC000144DCE7E0400FE7E3401FE9AFE2ABAC384
:100DD000C2B59066560BEA309066580BEA209066D2
:100DE000620BEA009066560BEA102D107E0400019B
:100DF0009D109066640BEA509066580BEA002D0532
:100E00007E5400019D051200239F1190666B793E70
:100E100000021BEA20020FE59066600BEA10906664
:100E20006B693E00020BEA209AFDDF6F9066640B4F
:100E3000EA109AFDDF7890665E0BEA109AFDDF6F8C
:100E40007D1390665A693E00020BEA202D319067AF
:100E5000B3793E00021BEA209F11906667793E003D
:100E6000021BEA20020F9390665E0BEA1090666701
:100E7000693E00020BEA209AFDDF6F9066620BEA82
:100E8000109AFDDF787D139067B3693E00020BEA8C
:100E9000202D317E1B700A379066711BEA309066F8
:100EA00066E0BEB0006803020F2E9066710BEA2068
:100EB0001E241E241E247E34001F5D327C676C7746
:100EC0003E343E343E3490666F1BEA309066710BC0
:100ED000EA301E341E347E24003F5D2374053E2418
:100EE0001478FB90666F0BEA304D321BEA30906647
:100EF000710BEA301E341E341E347E24001F5D2325
:100F000090666F0BEA304D321BEA3090666F0BEA49
:100F100020906667691E00020BEA003E147E34666C
:100F2000732D317A71827A61831BEA20804E90663C
:100F300066E00A2B9066710BEA30BD32501F6D22BD
:100F4000906667691E00020BEA003E147E346673E9
:100F50002D317A71827A61831BEA20801F7E24FF03
:100F6000FF906667691E00020BEA003E147E34663D
:100F7000732D317A71827A61831BEA2090666769EA
:100F80001E00020BEA007E1800012F10793E0002BD
:100F90001BEA209066620BEA106D00906667693E5E
:100FA00000020BEA20BF105003020E679066620B2E
:100FB000EA306D22907A36793E00021BEA207E34B8
:100FC00000017E1466737E0400019AFC7A459066E7
:100FD0006B691E00020BEA007E1800012F10793E9B
:100FE00000021BEA209066640BEA106D0090666BAD
:100FF000693E00020BEA20BF105003020E18D3D244
:10100000B5AA9073A11BEA00791E000290739F1B82
:10101000EA2090739D1BEA309F119073AD793E00DA
:10102000021BEA209F119073B1793E00021BEA2057
:10103000907BA1E00A2B90739D0BEA30BD325004E7
:1010400074018001E47E144DCE7E0400FE7E3402E5
:10105000309AFE2ABA907BA2E00A2B90739F0BEA8B
:1010600030BD32500474018001E47E144DCE7E0404
:1010700000FE7E3402319AFE2ABA90739D0BEA304C
:1010800090739F0BEA209073A90BEA0090739D0B5D
:10109000EA102D107E0400019D109073AB0BEA50F6
:1010A00090739F0BEA002D057E5400019D051200F0
:1010B000239F119073AD793E00021BEA2080609F50
:1010C000119073B1793E00021BEA2080257E340026
:1010D00001907B9D0BEA209AFC7A189073B1691EEF
:1010E00000020BEA007E1800012F10793E00021B5F
:1010F000EA209073A90BEA106D009073B1693E006D
:10110000020BEA20BF1040C59073AD691E00020BB0
:10111000EA007E1800012F10793E00021BEA2090A1
:1011200073AB0BEA106D009073AD693E00020BEAE1
:1011300020BF10408A9F119073AD793E00021BEAD8
:10114000200212029073A50BEA109073AD693E0065
:10115000020BEA209AFDDF6F9073A90BEA109AFD4B
:10116000DF789073B5793E00021BEA209073B56971
:101170003E00020BEA207D139073A1693E00020B32
:10118000EA202D317E1B700A279073AB0BEA307E6C
:101190001400019D31AD329073A70BEA208D326DA2
:1011A000229073B9793E00021BEA209073AD693E2C
:1011B00000020BEA207D2390739D0BEA302D3290C4
:1011C00073AB0BEA107E2400019D126D009073B981
:1011D000695E00020BEA409F0290739F0BEA202D8C
:1011E00021907B9B0BEA109AFD02B49073AD691EAF
:1011F00000020BEA007E1800012F10793E00021B4E
:10120000EA209073A90BEA106D009073AD693E005F
:10121000020BEA20BF105003021144AA7E3413933C
:101220009076331BEA307E3413919076351BEA308A
:101230007E34FFFF9076371BEA307E34FFFF9076D6
:10124000391BEA307E3400016D227E146C007E046E
:1012500002DC9AFC7EB27E3400817E240001E47EB2
:101260001400109AFD29C77E3400807E240001E41A
:101270007E1400109AFD29C77E3400457E240001AB
:10128000E47E1400109AFD29C77E3400927E24006B
:101290000174017E1400109AFD29C7907B9F0BEA10
:1012A000309AFD0254907B9B0BEA30907B9D0BEAB9
:1012B000209AFD028FC3C2F87E1403E8907DFB697B
:1012C0003E00020BEA209AFDDF787E14000A9AFDA8
:1012D000DF6F9AFE3588D3D2F87E1403E8907DFB49
:1012E000693E00020BEA209AFDDF787E1400789AAE
:1012F000FDDF6F9AFE358874111200007E1403E83A
:10130000907DFB693E00020BEA209AFDDF787E1497
:1013100000789AFDDF6F9AFE358874B11200007E66
:1013200034000174019AFC79B47E340001742C9A63
:10133000FC79B47E340001742D9AFC79B474B21235
:1013400000007E34000174019AFC79B47E340001FF
:10135000742C9AFC79B47E340001742D9AFC79B413
:1013600074B31200007E34000174019AFC79B47EDB
:10137000340001742C9AFC79B47E340001742D9AE7
:10138000FC79B47E34000174019AFC79B47E340097
:1013900001742C9AFC79B47E340001742D9AFC7986
:1013A000B474B41200007E34000174079AFC79B45E
:1013B00074C01200007E34000174A29AFC79B47EDD
:1013C00034000174029AFC79B47E34000174849A6A
:1013D000FC79B474C11200007E34000174C59AFC1B
:1013E00079B474C21200007E340001740A9AFC7948
:1013F000B47E340001E49AFC79B474C31200007E18
:10140000340001748A9AFC79B47E340001742A9AFB
:10141000FC79B474C41200007E340001748A9AFC12
:1014200079B47E34000174EE9AFC79B474C512006C
:10143000007E340001740E9AFC79B47436120000F8
:10144000907B9F0BEA301B34681A1B3468211B34D5
:1014500068292E340003782D7E34000174C09AFC74
:1014600079B480217E340001E49AFC79B480167E40
:1014700034000174A09AFC79B4800A7E34000174AF
:10148000609AFC79B474E01200007E340001740F9D
:101490009AFC79B47E340001741A9AFC79B47E34D3
:1014A0000001740F9AFC79B47E34000174189AFC20
:1014B00079B47E340001742F9AFC79B47E34000133
:1014C00074289AFC79B47E34000174209AFC79B4B3
:1014D0007E34000174229AFC79B47E340001741FBA
:1014E0009AFC79B47E340001741B9AFC79B47E3482
:1014F000000174239AFC79B47E34000174379AFC9D
:1015000079B47E340001E49AFC79B47E340001742D
:10151000079AFC79B47E34000174029AFC79B47E97
:1015200034000174109AFC79B474E11200007E3426
:101530000001740F9AFC79B47E340001741B9AFC8C
:1015400079B47E340001740F9AFC79B47E340001C2
:1015500074179AFC79B47E34000174339AFC79B420
:101560007E340001742C9AFC79B47E340001742915
:101570009AFC79B47E340001742E9AFC79B47E34DE
:10158000000174309AFC79B47E34000174309AFC06
:1015900079B47E34000174399AFC79B47E34000148
:1015A000743F9AFC79B47E340001E49AFC79B47EED
:1015B00034000174079AFC79B47E34000174039AF4
:1015C000FC79B47E34000174109AFC79B4742A1248
:1015D00000007E340001E49AFC79B47E340001748A
:1015E000029AFC79B47E340001E49AFC79B47E342A
:1015F000000174829AFC79B4742B1200007E3400CE
:1016000001E49AFC79B47E34000174039AFC79B445
:101610007E340001E49AFC79B47E34000174839A2C
:10162000FC79B474F01200007E34000174019AFC5D
:1016300079B474F61200007E340001E49AFC79B4A7
:10164000743A1200007E34000174059AFC79B47477
:1016500029120000907B9D0BEA309AFD01A5AA900B
:101660007E1F1BEA30907E1F0BEA507CAB740F5C30
:10167000BA907E21F0907E1F0BEA507CAB74F05C38
:10168000BA907E22F0907E22E024E0687824F07800
:101690000302173024F0780302175B24F07803026A
:1016A000178624F078030217B124F078030217DCC0
:1016B00024F0780302180724F0780302183224F08B
:1016C000780302187924F078030218C024F0780314
:1016D00002190624B0680302194A907E21E07E3484
:1016E000000160053E341478FB7CB764FF52939090
:1016F0007E21E07E34000160053E341478FB7CB727
:10170000429402194A907E21E07E34000160053E39
:10171000341478FB7CB764FF5291907E21E07E34D4
:10172000000160053E341478FB7CB7429202194AEE
:10173000907E21E07E34000160053E341478FB7C0D
:10174000B764FF5295907E21E07E34000160053E33
:10175000341478FB7CB7429602194A907E21E07ED1
:1017600034000160053E341478FB7CB764FF52B14D
:10177000907E21E07E34000160053E341478FB7CCD
:10178000B742B202194A907E21E07E340001600522
:101790003E341478FB7CB764FF52B3907E21E07E28
:1017A00034000160053E341478FB7CB742B4021962
:1017B0004A907E21E07E34000160053E341478FBBF
:1017C0007CB764FF52C9907E21E07E340001600541
:1017D0003E341478FB7CB742CA02194A907E21E05D
:1017E0007E34000160053E341478FB7CB764FF5200
:1017F000CB907E21E07E34000160053E341478FBFE
:101800007CB742CC02194A907E21E07E3400016010
:10181000053E341478FB7CB764FF52E1907E21E0F2
:101820007E34000160053E341478FB7CB742E2024E
:10183000194A907E21E07E34000160053E34147820
:10184000FB7CB764FF7E14F7187E04007E7E0B706D
:101850005C7B7A0B70907E21E07E34000160053E57
:10186000341478FB7C677E14F7107E04007E7E0BB8
:10187000704C767A0B7002194A907E21E07E34001B
:101880000160053E341478FB7CB764FF7E14F719C1
:101890007E04007E7E0B705C7B7A0B70907E21E074
:1018A0007E34000160053E341478FB7C677E14F7BB
:1018B000117E04007E7E0B704C767A0B7002194A02
:1018C000907E21E07E34000160053E341478FB7C7C
:1018D000B764FF7E14F71A7E04007E7E0B705C7B7B
:1018E0007A0B70907E21E07E34000160053E341456
:1018F00078FB7C677E14F7127E04007E7E0B704CB2
:10190000767A0B708044907E21E07E340001600581
:101910003E341478FB7CB764FF7E14F71B7E040012
:101920007E7E0B705C7B7A0B70907E21E07E3400B3
:101930000160053E341478FB7C677E14F7137E0447
:10194000007E7E0B704C767A0B7022907E231BEA11
:1019500030907E230BEA507CAB740F5CBA907E25EE
:10196000F0907E230BEA507CAB74F05CBA907E263C
:10197000F0907E26E024E0687624F07803021A18BE
:1019800024F07803021A4124F07803021A6A24F042
:101990007803021A9324F07803021ABC24F0780327
:1019A000021AE524F07803021B0E24F07803021BD0
:1019B0005324F07803021B9824F07803021BDC24E4
:1019C000B06803021C1E907E25E07E340001600595
:1019D0003E341478FB7CB74293907E25E07E340041
:1019E0000160053E341478FB7CB74294021C1E90C3
:1019F0007E25E07E34000160053E341478FB7CB720
:101A00004291907E25E07E34000160053E341478DA
:101A1000FB7CB74292021C1E907E25E07E340001C2
:101A200060053E341478FB7CB74295907E25E07EBD
:101A300034000160053E341478FB7CB74296021CEA
:101A40001E907E25E07E34000160053E341478FB54
:101A50007CB742B1907E25E07E34000160053E34C3
:101A60001478FB7CB742B2021C1E907E25E07E34C7
:101A7000000160053E341478FB7CB742B3907E25AC
:101A8000E07E34000160053E341478FB7CB742B43C
:101A9000021C1E907E25E07E34000160053E341459
:101AA00078FB7CB742C9907E25E07E34000160055A
:101AB0003E341478FB7CB742CA021C1E907E25E09F
:101AC0007E34000160053E341478FB7CB742CB9035
:101AD0007E25E07E34000160053E341478FB7CB73F
:101AE00042CC021C1E907E25E07E34000160053E43
:101AF000341478FB7CB742E1907E25E07E3400010F
:101B000060053E341478FB7CB742E2021C1E907ED6
:101B100025E07E34000160053E341478FB7C677E4E
:101B200014F7187E04007E7E0B704C767A0B709052
:101B30007E25E07E34000160053E341478FB7C672E
:101B40007E14F7107E04007E7E0B704C767A0B704C
:101B5000021C1E907E25E07E34000160053E341498
:101B600078FB7C677E14F7197E04007E7E0B704C38
:101B7000767A0B70907E25E07E34000160053E345D
:101B80001478FB7C677E14F7117E04007E7E0B7058
:101B90004C767A0B70021C1E907E25E07E3400018C
:101BA00060053E341478FB7C677E14F71A7E0400CF
:101BB0007E7E0B704C767A0B70907E25E07E340032
:101BC0000160053E341478FB7C677E14F7127E04B6
:101BD000007E7E0B704C767A0B708042907E25E002
:101BE0007E34000160053E341478FB7C677E14F778
:101BF0001B7E04007E7E0B704C767A0B70907E25E7
:101C0000E07E34000160053E341478FB7C677E146E
:101C1000F7137E04007E7E0B704C767A0B70229058
:101C20007E271BEA30907E270BEA507CAB740F5C5A
:101C3000BA907E29F0907E270BEA507CAB74F05C62
:101C4000BA907E2AF0907E2AE024E0687824F0782A
:101C500003021CF024F07803021D1B24F078030219
:101C60001D4624F07803021D7124F07803021D9CA8
:101C700024F07803021DC724F07803021DF224F03B
:101C80007803021E3924F07803021E8024F07803C2
:101C9000021EC624B06803021F0A907E29E07E342B
:101CA000000160053E341478FB7CB74293907E2996
:101CB000E07E34000160053E341478FB7CB764FF9D
:101CC0005294021F0A907E29E07E34000160053E96
:101CD000341478FB7CB74291907E29E07E34000179
:101CE00060053E341478FB7CB764FF5292021F0AF1
:101CF000907E29E07E34000160053E341478FB7C40
:101D0000B74295907E29E07E34000160053E341490
:101D100078FB7CB764FF5296021F0A907E29E07E12
:101D200034000160053E341478FB7CB742B1907EEC
:101D300029E07E34000160053E341478FB7CB764F2
:101D4000FF52B2021F0A907E29E07E340001600536
:101D50003E341478FB7CB742B3907E29E07E340099
:101D60000160053E341478FB7CB764FF52B4021F57
:101D70000A907E29E07E34000160053E341478FB31
:101D80007CB742C9907E29E07E34000160053E3474
:101D90001478FB7CB764FF52CA021F0A907E29E0C8
:101DA0007E34000160053E341478FB7CB742CB9052
:101DB0007E29E07E34000160053E341478FB7CB758
:101DC00064FF52CC021F0A907E29E07E340001603D
:101DD000053E341478FB7CB742E1907E29E07E34E6
:101DE000000160053E341478FB7CB764FF52E202C8
:101DF0001F0A907E29E07E34000160053E3414788D
:101E0000FB7C677E14F7187E04007E7E0B704C7698
:101E10007A0B70907E29E07E34000160053E341418
:101E200078FB7CB764FF7E14F7107E04007E7E0B87
:101E3000705C7B7A0B70021F0A907E29E07E340072
:101E40000160053E341478FB7C677E14F7197E042C
:101E5000007E7E0B704C767A0B70907E29E07E348B
:101E6000000160053E341478FB7CB764FF7E14F7F4
:101E7000117E04007E7E0B705C7B7A0B70021F0A61
:101E8000907E29E07E34000160053E341478FB7CAE
:101E9000677E14F71A7E04007E7E0B704C767A0BF8
:101EA00070907E29E07E34000160053E341478FB9A
:101EB0007CB764FF7E14F7127E04007E7E0B705C9C
:101EC0007B7A0B708044907E29E07E3400016005AF
:101ED0003E341478FB7C677E14F71B7E04007E7E04
:101EE0000B704C767A0B70907E29E07E3400016096
:101EF000053E341478FB7CB764FF7E14F7137E0430
:101F0000007E7E0B705C7B7A0B70AA907F0E1BEAC2
:101F100030907F0E0BEA207E340090BD23583F9016
:101F20007F0E0BEA507CAB740F5CBA7E340001600C
:101F3000053E341478FB7C67907F0E0BEA500E54FC
:101F40000E540E540E541A4A1A487E14FE0F7E0484
:101F5000007E2F027E0B704C767A0B70803D907F56
:101F60000E0BEA507CAB740F5CBA7E340001600546
:101F70003E341478FB7C67907F0E0BEA500E540EB3
:101F8000540E540E541A4A1A487E14F9B77E0400AF
:101F90007E2F027E0B704C767A0B7022907F101B86
:101FA000EA30907F100BEA207E340090BD23583F2A
:101FB000907F100BEA507CAB740F5CBA7E3400014A
:101FC00060053E341478FB7C67907F100BEA500E5E
:101FD000540E540E540E541A4A1A487E14FE3F7E74
:101FE00004007E2F027E0B704C767A0B70803D9041
:101FF0007F100BEA507CAB740F5CBA7E340001603A
:10200000053E341478FB7C67907F100BEA500E5429
:102010000E540E540E541A4A1A487E14F9E77E04E0
:10202000007E2F027E0B704C767A0B7022907E2DF4
:102030001BEA20907E2B1BEA30907E2D0BEA301B92
:102040003478030220DF0B34680302216B907E2B6F
:102050000BEA207E340090BD235842907E2B0BEA81
:10206000507CAB740F5CBA7E34000160053E3414C2
:1020700078FB7CB764FF907E2B0BEA300E340E3475
:102080000E340E341A261A247E14FE277E04007E97
:102090002F017E0B705C7B7A0B7002217C907E2B73
:1020A0000BEA507CAB740F5CBA7E34000160053ED5
:1020B000341478FB7CB764FF907E2B0BEA300E342F
:1020C0000E340E340E341A261A247E14F9CF7E04F0
:1020D000007E2F017E0B705C7B7A0B7002217C905E
:1020E0007E2B0BEA207E340090BD23583F907E2B40
:1020F0000BEA507CAB740F5CBA7E34000160053E85
:10210000341478FB7C67907E2B0BEA500E540E54EF
:102110000E540E541A4A1A487E14FE277E04007E7E
:102120002F027E0B704C767A0B708050907E2B0BBA
:10213000EA507CAB740F5CBA7E34000160053E341B
:102140001478FB7C67907E2B0BEA500E540E540ED5
:10215000540E541A4A1A487E14F9CF7E04007E2F7A
:10216000027E0B704C767A0B708011E47E144F3C2B
:102170007E0400FE7E3400C69AFE2ABA22907E318A
:102180001BEA20907E2F1BEA30907E310BEA301B39
:1021900034780302222F0B3468030222BB907E2F77
:1021A0000BEA207E340090BD235842907E2F0BEA2C
:1021B000507CAB740F5CBA7E34000160053E341471
:1021C00078FB7CB764FF907E2F0BEA300E340E3420
:1021D0000E340E341A261A247E14FE2F7E04007E3E
:1021E0002F017E0B705C7B7A0B700222CC907E2FCD
:1021F0000BEA507CAB740F5CBA7E34000160053E84
:10220000341478FB7CB764FF907E2F0BEA300E34D9
:102210000E340E340E341A261A247E14F9D77E0496
:10222000007E2F017E0B705C7B7A0B700222CC90BB
:102230007E2F0BEA207E340090BD23583F907E2FE6
:102240000BEA507CAB740F5CBA7E34000160053E33
:10225000341478FB7C67907E2F0BEA500E540E549A
:102260000E540E541A4A1A487E14FE2F7E04007E25
:102270002F027E0B704C767A0B708050907E2F0B65
:10228000EA507CAB740F5CBA7E34000160053E34CA
:102290001478FB7C67907E2F0BEA500E540E540E80
:1022A000540E541A4A1A487E14F9D77E04007E2F21
:1022B000027E0B704C767A0B708011E47E144F3CDA
:1022C0007E0400FE7E3400F39AFE2ABA22907E3508
:1022D0001BEA20907E331BEA30907E330BEA207E8F
:1022E000340010BD235811E47E144F3C7E0400FEE0
:1022F0007E3401009AFE2ABA6D22907E350BEA30B8
:10230000BD326803022399907E330BEA207E3400AD
:1023100090BD235842907E330BEA507CAB740F5C27
:10232000BA7E34000160053E341478FB7CB764FF4C
:10233000907E330BEA300E340E340E340E341A26EF
:102340001A247E14FE1F7E04007E2F017E0B705C1B
:102350007B7A0B70022423907E330BEA507CAB74A3
:102360000F5CBA7E34000160053E341478FB7CB704
:1023700064FF907E330BEA300E340E340E340E348C
:102380001A261A247E14F9C77E04007E2F017E0BC4
:10239000705C7B7A0B70022423907E330BEA207EE4
:1023A000340090BD23583F907E330BEA507CAB74D1
:1023B0000F5CBA7E34000160053E341478FB7C6704
:1023C000907E330BEA500E540E540E540E541A4A9B
:1023D0001A487E14FE1F7E04007E2F027E0B704C76
:1023E000767A0B70803D907E330BEA507CAB740F95
:1023F0005CBA7E34000160053E341478FB7C679043
:102400007E330BEA500E540E540E540E541A4A1AD0
:10241000487E14F9C77E04007E2F027E0B704C7636
:102420007A0B70AA907DBF1BEA30907DBF0BEA50FB
:102430007CAB740F5CBA907DC1F0907DBF0BEA500D
:102440007CAB74F05CBA907DC2F0E4907DC3F090F8
:102450007DC2E024E0686924F078030224DC24F0E3
:1024600078030224F824F0780302251424F078037A
:1024700002253024F0780302254C24F0780302254D
:102480006824F0780302258424F078030225A82428
:10249000F078030225CC24F078030225F024B068FC
:1024A00003022612907DC1E07E34000160053E34B7
:1024B0001478FB7CA7E5805CBA907DC3F0022612FD
:1024C000907DC1E07E34000160053E341478FB7CD1
:1024D000A7E5905CBA907DC3F0022612907DC1E022
:1024E0007E34000160053E341478FB7CA7E5A05CD7
:1024F000BA907DC3F0022612907DC1E07E340001C7
:1025000060053E341478FB7CA7E5B05CBA907DC3CF
:10251000F0022612907DC1E07E34000160053E3459
:102520001478FB7CA7E5C05CBA907DC3F00226124C
:10253000907DC1E07E34000160053E341478FB7C60
:10254000A7E5C85CBA907DC3F0022612907DC1E079
:102550007E34000160053E341478FB7CA7E5E85C1E
:10256000BA907DC3F0022612907DC1E07E34000156
:1025700060053E341478FB7CA7E5F85CBA907DC317
:10258000F0022612907DC1E07E34000160053E34E9
:102590001478FB7CA77E34F7087E24007E7E1BB077
:1025A0005CBA907DC3F0806A907DC1E07E3400010A
:1025B00060053E341478FB7CA77E34F7097E240046
:1025C0007E7E1BB05CBA907DC3F08046907DC1E0FA
:1025D0007E34000160053E341478FB7CA77E34F71E
:1025E0000A7E24007E7E1BB05CBA907DC3F0802200
:1025F000907DC1E07E34000160053E341478FB7CA0
:10260000A77E34F70B7E24007E7E1BB05CBA907DE3
:10261000C3F0907DC3E0BEB000680474018001E4A3
:10262000AA907DC6F0907DC41BEA30907DC40BEA71
:10263000507CAB740F5CBA907DC7F0907DC40BEA00
:10264000507CAB74F05CBA907DC8F0907DC8E024FB
:10265000E078030226DA24F0780302271124F078C8
:102660000302274824F0780302277F24F07803022E
:1026700027B624F078030227ED24F07803022824FB
:1026800024F0780302285B24F078030228AE24F0BB
:10269000780302290124F0780302295224B0680348
:1026A0000229A1907DC6E0BEB0006816907DC7E00B
:1026B0007E34000160053E341478FB7CB742800212
:1026C00029A1907DC7E07E34000160053E34147876
:1026D000FB7CB764FF52800229A1907DC6E0BEB0AA
:1026E000006816907DC7E07E34000160053E34141A
:1026F00078FB7CB742900229A1907DC7E07E340030
:102700000160053E341478FB7CB764FF52900229C7
:10271000A1907DC6E0BEB0006816907DC7E07E3413
:10272000000160053E341478FB7CB742A00229A169
:10273000907DC7E07E34000160053E341478FB7C58
:10274000B764FF52A00229A1907DC6E0BEB0006828
:1027500016907DC7E07E34000160053E341478FB9E
:102760007CB742B00229A1907DC7E07E34000160B1
:10277000053E341478FB7CB764FF52B00229A19067
:102780007DC6E0BEB0006816907DC7E07E340001D3
:1027900060053E341478FB7CB742C00229A1907DCD
:1027A000C7E07E34000160053E341478FB7CB764DA
:1027B000FF52C00229A1907DC6E0BEB0006816900D
:1027C0007DC7E07E34000160053E341478FB7CB7A1
:1027D00042C80229A1907DC7E07E34000160053E19
:1027E000341478FB7CB764FF52C80229A1907DC6DF
:1027F000E0BEB0006816907DC7E07E340001600541
:102800003E341478FB7CB742E80229A1907DC7E0F2
:102810007E34000160053E341478FB7CB764FF52BF
:10282000E80229A1907DC6E0BEB0006816907DC781
:10283000E07E34000160053E341478FB7CB742F83A
:102840000229A1907DC7E07E34000160053E34146A
:1028500078FB7CB764FF52F80229A1907DC6E0BEE8
:10286000B0006824907DC7E07E34000160053E34EE
:102870001478FB7C677E14F7007E04007E7E0B706C
:102880004C767A0B700229A1907DC7E07E3400015E
:1028900060053E341478FB7CB764FF7E14F7007E3D
:1028A00004007E7E0B705C7B7A0B700229A1907D08
:1028B000C6E0BEB0006824907DC7E07E34000160B1
:1028C000053E341478FB7C677E14F7017E04007E9D
:1028D0007E0B704C767A0B700229A1907DC7E07E4A
:1028E00034000160053E341478FB7CB764FF7E142D
:1028F000F7017E04007E7E0B705C7B7A0B700229F0
:10290000A1907DC6E0BEB0006823907DC7E07E3414
:10291000000160053E341478FB7C677E14F7027E6C
:1029200004007E7E0B704C767A0B708074907DC7AD
:10293000E07E34000160053E341478FB7CB764FF10
:102940007E14F7027E04007E7E0B705C7B7A0B7037
:10295000804F907DC6E0BEB0006823907DC7E07ECA
:1029600034000160053E341478FB7C677E14F70365
:102970007E04007E7E0B704C767A0B708023907DF7
:10298000C7E07E34000160053E341478FB7CB764F8
:10299000FF7E14F7037E04007E7E0B705C7B7A0B57
:1029A00070AA907F121BEA30907F120BEA309AFDDA
:1029B0002424BEB000780474018001E4907F120BDF
:1029C000EA309AFD2621AA907C401BEA10907C3FB9
:1029D000F0907C3D1BEA20907C3B1BEA30907C40D1
:1029E0000BEA50C4540F0A2B907C3D0BEA30BD32E9
:1029F000780474018001E47E144F3C7E0400FE7E66
:102A000034017B9AFE2ABA6D22907C3D0BEA30BDE0
:102A1000326803022AB66D22907C400BEA30BD3248
:102A2000781A907C3B0BEA309AFD1C1F907C3B0B84
:102A3000EA307E24000112217D022B0D907C400B98
:102A4000EA207E340003BD237823907C3B0BEA30E0
:102A50009AFD1C1F907C3B0BEA30121F0B907C3BB5
:102A60000BEA307E24000112217D022B0D907C4068
:102A70000BEA207E340001BD237818907C3B0BEAE2
:102A8000309AFD1C1F907C3B0BEA306D2212217D99
:102A9000022B0D907C400BEA207E340002BD23788F
:102AA0006C907C3B0BEA309AFD1C1F907C3B0BEA40
:102AB00030121F9C8057907C3D0BEA207E34000131
:102AC000BD237849907C400BEA207E340010BD2362
:102AD0007816907C3B0BEA3012165F907C3B0BEA39
:102AE000306D2212202D8017907C400BEA207E341E
:102AF0000011BD237809907C3B0BEA3012194B90F2
:102B00007C3B0BEA30907C3FE09AFD2621AACA7BF1
:102B1000CA6BCA5BCA4BCA2BCA1BCA0BC0D0C083C4
:102B2000C0827E34FD107E24007E907D69793E0057
:102B3000021BEA20907D69693E00020BEA207E1BA1
:102B4000B0907D6DF0907D6DE064FF907D69691EB1
:102B500000020BEA007E0B705C7B7A0B70E4907DC8
:102B600068F08047907D68E07E34000160053E3467
:102B70001478FB907D6DE00A2B5D236D33BD2368D7
:102B80001F907D687EEB707404ACB77E14637D2D5E
:102B9000157A31827A2183693E00020BEA20991866
:102BA000907D687EEBA074012CBAF0907D687EEB7E
:102BB000A07408BCAB40ADD082D083D0D0DA0BDAA1
:102BC0001BDA2BDA4BDA5BDA6BDA7B32CA7BCA6B45
:102BD000CA5BCA4BCA2BCA1BCA0BC0D0C083C082F7
:102BE0007E34FD117E24007E907D6F793E00021BB5
:102BF000EA20907D6F693E00020BEA207E1BB090B8
:102C00007D73F0907D73E064FF907D6F691E00021C
:102C10000BEA007E0B705C7B7A0B70E4907D6EF0AB
:102C20008047907D6EE07E34000160053E3414786C
:102C3000FB907D73E00A2B5D236D33BD23681F90ED
:102C40007D6E7EEB707404ACB77E14637D2D157AB7
:102C500031827A2183693E00020BEA209918907D27
:102C60006E7EEBA074012CBAF0907D6E7EEBA074AA
:102C700008BCAB40ADD082D083D0D0DA0BDA1BDAFF
:102C80002BDA4BDA5BDA6BDA7B32CA7BCA6BCA5B54
:102C9000CA4BCA2BCA1BCA0BC0D0C083C0827E34A9
:102CA000FD127E24007E907D75793E00021BEA2095
:102CB000907D75693E00020BEA207E1BB0907D7905
:102CC000F0907D79E064FF907D75691E00020BEA4B
:102CD000007E0B705C7B7A0B70E4907D74F0804713
:102CE000907D74E07E34000160053E341478FB90E2
:102CF0007D79E00A2B5D236D33BD23681F907D74C1
:102D00007EEB707404ACB77E14639D2D157A31820E
:102D10007A2183693E00020BEA209918907D747E27
:102D2000EBA074012CBAF0907D747EEBA07408BC0B
:102D3000AB40ADD082D083D0D0DA0BDA1BDA2BDAFD
:102D40004BDA5BDA6BDA7B32CA7BCA6BCA5BCA4B83
:102D5000CA2BCA1BCA0BC0D0C083C0827E34FD13ED
:102D60007E24007E907D7B793E00021BEA20907DD0
:102D70007B693E00020BEA207E1BB0907D7FF090C5
:102D80007D7FE064FF907D7B691E00020BEA007E80
:102D90000B705C7B7A0B70E4907D7AF08047907DBD
:102DA0007AE07E34000160053E341478FB907D7F2C
:102DB000E00A2B5D236D33BD23681F907D7A7EEB87
:102DC000707404ACB77E1463BD2D157A31827A21FC
:102DD00083693E00020BEA209918907D7A7EEBA071
:102DE00074012CBAF0907D7A7EEBA07408BCAB40E5
:102DF000ADD082D083D0D0DA0BDA1BDA2BDA4BDA03
:102E00005BDA6BDA7B32CA7BCA6BCA5BCA4BCA2BF2
:102E1000CA1BCA0BC0D0C083C0827E34FD147E247E
:102E2000007E907D81793E00021BEA20907D8169C1
:102E30003E00020BEA207E1BB0907D85F0907D85E0
:102E4000E064FF907D81691E00020BEA007E0B703A
:102E50005C7B7A0B70E4907D80F08047907D80E011
:102E60007E34000160053E341478FB907D85E00AD5
:102E70002B5D236D33BD23681F907D807EEB7074C6
:102E800004ACB77E1463DD2D157A31827A21836913
:102E90003E00020BEA209918907D807EEBA0740121
:102EA0002CBAF0907D807EEBA07408BCAB40ADD016
:102EB00082D083D0D0DA0BDA1BDA2BDA4BDA5BDA8A
:102EC0006BDA7B32CA7BCA6BCA5BCA4BCA2BCA1B82
:102ED000CA0BC0D0C083C0827E34FD157E24007E24
:102EE000907D87793E00021BEA20907D87693E0035
:102EF000020BEA207E1BB0907D8BF0907D8BE0640E
:102F0000FF907D87691E00020BEA007E0B705C7BE0
:102F10007A0B70E4907D86F08047907D86E07E3469
:102F2000000160053E341478FB907D8BE00A2B5D38
:102F3000236D33BD23681F907D867EEB707404ACD7
:102F4000B77E1463FD2D157A31827A2183693E00A4
:102F5000020BEA209918907D867EEBA074012CBAB2
:102F6000F0907D867EEBA07408BCAB40ADD082D0E3
:102F700083D0D0DA0BDA1BDA2BDA4BDA5BDA6BDAD6
:102F80007B32CA7BCA6BCA5BCA4BCA2BCA1BCA0B31
:102F9000C0D0C083C0827E34FD167E24007E907D2A
:102FA0008D793E00021BEA20907D8D693E00020B68
:102FB000EA207E1BB0907D91F0907D91E064FF90BF
:102FC0007D8D691E00020BEA007E0B705C7B7A0B24
:102FD00070E4907D8CF08047907D8CE07E34000121
:102FE00060053E341478FB907D91E00A2B5D236DE3
:102FF00033BD23681F907D8C7EEB707404ACB77E6C
:1030000014641D2D157A31827A2183693E00020BEA
:10301000EA209918907D8C7EEBA074012CBAF09078
:103020007D8C7EEBA07408BCAB40ADD082D083D049
:10303000D0DA0BDA1BDA2BDA4BDA5BDA6BDA7B32BB
:10304000CA7BCA6BCA5BCA4BCA2BCA1BCA0BC0D08D
:10305000C083C0827E34FD177E24007E907D9379EC
:103060003E00021BEA20907D93693E00020BEA209D
:103070007E1BB0907D97F0907D97E064FF907D93EC
:10308000691E00020BEA007E0B705C7B7A0B70E419
:10309000907D92F08047907D92E07E340001600543
:1030A0003E341478FB907D97E00A2B5D236D33BD91
:1030B00023681F907D927EEB707404ACB77E14641D
:1030C0003D2D157A31827A2183693E00020BEA2078
:1030D0009918907D927EEBA074012CBAF0907D92AD
:1030E0007EEBA07408BCAB40ADD082D083D0D0DAE8
:1030F0000BDA1BDA2BDA4BDA5BDA6BDA7B32CA7B60
:10310000CA6BCA5BCA4BCA2BCA1BCA0BC0D0C083CE
:10311000C0827E34FD187E24007E907D99793E0029
:10312000021BEA20907D99693E00020BEA207E1B7B
:10313000B0907D9DF0907D9DE064FF907D99691E2B
:1031400000020BEA007E0B705C7B7A0B70E4907DD2
:1031500098F08047907D98E07E34000160053E3411
:103160001478FB907D9DE00A2B5D236D33BD2368B1
:103170001F907D987EEB707404ACB77E14645D2D57
:10318000157A31827A2183693E00020BEA20991870
:10319000907D987EEBA074012CBAF0907D987EEB28
:1031A000A07408BCAB40ADD082D083D0D0DA0BDAAB
:1031B0001BDA2BDA4BDA5BDA6BDA7B32CA7BCA6B4F
:1031C000CA5BCA4BCA2BCA1BCA0BC0D0C083C08201
:1031D0007E34FD197E24007E907D9F793E00021B87
:1031E000EA20907D9F693E00020BEA207E1BB09092
:1031F0007DA3F0907DA3E064FF907D9F691E000297
:103200000BEA007E0B705C7B7A0B70E4907D9EF085
:103210008047907D9EE07E34000160053E34147846
:10322000FB907DA3E00A2B5D236D33BD23681F90C7
:103230007D9E7EEB707404ACB77E14647D2D157A90
:1032400031827A2183693E00020BEA209918907D31
:103250009E7EEBA074012CBAF0907D9E7EEBA07454
:1032600008BCAB40ADD082D083D0D0DA0BDA1BDA09
:103270002BDA4BDA5BDA6BDA7B32CA7BCA6BCA5B5E
:10328000CA4BCA2BCA1BCA0BC0D0C083C0827E34B3
:10329000FD1A7E24007E907DA5793E00021BEA2067
:1032A000907DA5693E00020BEA207E1BB0907DA9AF
:1032B000F0907DA9E064FF907DA5691E00020BEAF5
:1032C000007E0B705C7B7A0B70E4907DA4F08047ED
:1032D000907DA4E07E34000160053E341478FB90BC
:1032E0007DA9E00A2B5D236D33BD23681F907DA46B
:1032F0007EEB707404ACB77E14649D2D157A318218
:103300007A2183693E00020BEA209918907DA47E01
:10331000EBA074012CBAF0907DA47EEBA07408BCE5
:10332000AB40ADD082D083D0D0DA0BDA1BDA2BDA07
:103330004BDA5BDA6BDA7B32CA7BCA6BCA5BCA4B8D
:10334000CA2BCA1BCA0BC0D0C083C0827E34FD1BEF
:103350007E24007E907DAB793E00021BEA20907DAA
:10336000AB693E00020BEA207E1BB0907DAFF0906F
:103370007DAFE064FF907DAB691E00020BEA007E2A
:103380000B705C7B7A0B70E4907DAAF08047907D97
:10339000AAE07E34000160053E341478FB907DAFD6
:1033A000E00A2B5D236D33BD23681F907DAA7EEB61
:1033B000707404ACB77E1464BD2D157A31827A2105
:1033C00083693E00020BEA209918907DAA7EEBA04B
:1033D00074012CBAF0907DAA7EEBA07408BCAB40BF
:1033E000ADD082D083D0D0DA0BDA1BDA2BDA4BDA0D
:1033F0005BDA6BDA7B32CA7BCA6BCA5BCA4BCA2BFD
:10340000CA1BCA0BC0D0C083C082906349693E000A
:10341000020BEA204D23680C906349693E00020BC1
:10342000EA209918D082D083D0D0DA0BDA1BDA2BBD
:10343000DA4BDA5BDA6BDA7B32CA7BCA6BCA5BCAFD
:103440004BCA2BCA1BCA0BC0D0C083C08290635129
:10345000693E00020BEA204D23680C906351693EDF
:1034600000020BEA209918D082D083D0D0DA0BDA90
:103470001BDA2BDA4BDA5BDA6BDA7B32CA7BCA6B8C
:10348000CA5BCA4BCA2BCA1BCA0BC0D0C083C0823E
:10349000906355693E00020BEA204D23680C90634F
:1034A00055693E00020BEA209918D082D083D0D013
:1034B000DA0BDA1BDA2BDA4BDA5BDA6BDA7B32CA3D
:1034C0007BCA6BCA5BCA4BCA2BCA1BCA0BC0D0C013
:1034D00083C082906359693E00020BEA204D236845
:1034E0000C906359693E00020BEA209918D082D0F3
:1034F00083D0D0DA0BDA1BDA2BDA4BDA5BDA6BDA51
:103500007B32CA7BCA6BCA5BCA4BCA2BCA1BCA0BAB
:10351000C0D0C083C0827E34FA3A7E24007E7E1BF7
:10352000B030E05B74FE7E14FA3A7E04007E7E0BBF
:10353000705C7B7A0B706D339AFCB086907222E0DF
:10354000BEB07F7817907F777EEBA074012CBAF025
:103550007414BCAB280B7460F5C78005E4907F77CA
:10356000F090722A693E00020BEA204D2368109009
:103570007222E090722A693E00020BEA2099187EBE
:1035800034FA3A7E24007E7E1BB030E11874FD7E52
:1035900014FA3A7E04007E7E0B705C7B7A0B706DB1
:1035A000339AFCB086D082D083D0D0DA0BDA1BDA23
:1035B0002BDA4BDA5BDA6BDA7B32CA7BCA6BCA5B1B
:1035C000CA4BCA2BCA1BCA0BC0D0C083C0827E3470
:1035D000FA4A7E24007E7E1BB030E03874FE7E14F2
:1035E000FA4A7E04007E7E0B705C7B7A0B707E3420
:1035F00000019AFCB08690722E693E00020BEA2010
:103600004D236810907223E090722E693E00020BE9
:10361000EA2099187E34FA4A7E24007E7E1BB03060
:10362000E11A74FD7E14FA4A7E04007E7E0B705C03
:103630007B7A0B707E3400019AFCB086D082D083F6
:10364000D0D0DA0BDA1BDA2BDA4BDA5BDA6BDA7B07
:1036500032CA7BCA6BCA5BCA4BCA2BCA1BCA0BC015
:10366000D0C083C0827E34FA5A7E24007E7E1BB096
:1036700030E03874FE7E14FA5A7E04007E7E0B70B1
:103680005C7B7A0B707E3400029AFCB086907232BA
:10369000693E00020BEA204D236810907224E090EE
:1036A0007232693E00020BEA2099187E34FA5A7E83
:1036B00024007E7E1BB030E11A74FD7E14FA5A7E1F
:1036C00004007E7E0B705C7B7A0B707E3400029A65
:1036D000FCB086D082D083D0D0DA0BDA1BDA2BDABA
:1036E0004BDA5BDA6BDA7B32CA7BCA6BCA5BCA4BDA
:1036F000CA2BCA1BCA0BC0D0C083C0827E34FA6AF0
:103700007E24007E7E1BB030E03874FE7E14FA6AA0
:103710007E04007E7E0B705C7B7A0B707E3400032F
:103720009AFCB086907236693E00020BEA204D2367
:103730006810907225E0907236693E00020BEA2014
:1037400099187E34FA6A7E24007E7E1BB030E11A1E
:1037500074FD7E14FA6A7E04007E7E0B705C7B7AB8
:103760000B707E3400039AFCB086D082D083D0D018
:10377000DA0BDA1BDA2BDA4BDA5BDA6BDA7B32CA7A
:103780007BCA6BCA5BCA4BCA2BCA1BCA0BC0D0C050
:1037900083C0827E34F7627E24007E7E1BB030E0E0
:1037A0003874FE7E14F7627E04007E7E0B705C7BB4
:1037B0007A0B707E3400049AFCB08690723A693EAF
:1037C00000020BEA204D236810907226E090723AB6
:1037D000693E00020BEA2099187E34F7627E2400CD
:1037E0007E7E1BB030E11A74FD7E14F7627E040009
:1037F0007E7E0B705C7B7A0B707E3400049AFCB08A
:1038000086D082D083D0D0DA0BDA1BDA2BDA4BDA0F
:103810005BDA6BDA7B32CA7BCA6BCA5BCA4BCA2BD8
:10382000CA1BCA0BC0D0C083C0827E34F7927E24EC
:10383000007E7E1BB030E03874FE7E14F7927E046A
:10384000007E7E0B705C7B7A0B707E3400059AFCE8
:10385000B08690723E693E00020BEA204D2368104C
:10386000907227E090723E693E00020BEA209918A0
:103870007E34F7927E24007E7E1BB030E11A74FD08
:103880007E14F7927E04007E7E0B705C7B7A0B7058
:103890007E3400059AFCB086D082D083D0D0DA0B7B
:1038A000DA1BDA2BDA4BDA5BDA6BDA7B32CA7BCAE9
:1038B0006BCA5BCA4BCA2BCA1BCA0BC0D0C083C021
:1038C000827E34F7C27E24007E7E1BB030E03874E6
:1038D000FE7E14F7C27E04007E7E0B705C7B7A0B4A
:1038E000707E3400069AFCB086907242693E0002F7
:1038F0000BEA204D236810907228E0907242693ED6
:1039000000020BEA2099187E34F7C27E24007E7EE6
:103910001BB030E11A74FD7E14F7C27E04007E7E77
:103920000B705C7B7A0B707E3400069AFCB086D0FC
:1039300082D083D0D0DA0BDA1BDA2BDA4BDA5BDAFF
:103940006BDA7B32CA7BCA6BCA5BCA4BCA2BCA1BF7
:10395000CA0BC0D0C083C0827E34F7F27E24007EC2
:103960007E1BB030E03874FE7E14F7F27E04007ED9
:103970007E0B705C7B7A0B707E3400079AFCB086FD
:10398000907246693E00020BEA204D236810907247
:1039900029E0907246693E00020BEA2099187E34B5
:1039A000F7F27E24007E7E1BB030E11A74FD7E1497
:1039B000F7F27E04007E7E0B705C7B7A0B707E34A7
:1039C00000079AFCB086D082D083D0D0DA0BDA1B05
:1039D000DA2BDA4BDA5BDA6BDA7B32CA7BCA6BCA78
:1039E0005BCA4BCA2BCA1BCA0BC0D0C083C0825350
:1039F00088DF90701F693E00020BEA204D23680C9F
:103A000090701F693E00020BEA209918D082D08383
:103A1000D0D0DA0BDA1BDA2BDA4BDA5BDA6BDA7B33
:103A200032CA7BCA6BCA5BCA4BCA2BCA1BCA0BC041
:103A3000D0C083C08253887F907023693E00020B00
:103A4000EA204D23680C907023693E00020BEA20A7
:103A50009918D082D083D0D0DA0BDA1BDA2BDA4B6C
:103A6000DA5BDA6BDA7B32CA7BCA6BCA5BCA4BCAD7
:103A70002BCA1BCA0BC0D0C083C08253EFFE90700C
:103A800027693E00020BEA204D23680C90702769DD
:103A90003E00020BEA209918D082D083D0D0DA0BF6
:103AA000DA1BDA2BDA4BDA5BDA6BDA7B32CA7BCAE7
:103AB0006BCA5BCA4BCA2BCA1BCA0BC0D0C083C01F
:103AC0008253EFFD90702B693E00020BEA204D23DC
:103AD000680C90702B693E00020BEA209918D08286
:103AE000D083D0D0DA0BDA1BDA2BDA4BDA5BDA6B65
:103AF000DA7B32CA7BCA6BCA5BCA4BCA2BCA1BCAE7
:103B00000BC0D0C083C08253EFFB90702F693E0082
:103B1000020BEA204D23680C90702F693E00020BC7
:103B2000EA209918D082D083D0D0DA0BDA1BDA2BB6
:103B3000DA4BDA5BDA6BDA7B32CA7BCA6BCA5BCAF6
:103B40004BCA2BCA1BCA0BC0D0C083C0827E34FBB9
:103B5000B27E24007E7E1B700A377E2400085D231F
:103B60006D33BD23682C74F77E14FBB27E04007E97
:103B70007E0B705C7B7A0B70907033693E00020B99
:103B8000EA204D23680C907033693E00020BEA2056
:103B900099187E34FBB27E24007E7E1B700A377E2D
:103BA0002400805D236D33BD23682C747F7E14FB5D
:103BB000B27E04007E7E0B705C7B7A0B7090703757
:103BC000693E00020BEA204D23680C907037693E75
:103BD00000020BEA209918D082D083D0D0DA0BDA19
:103BE0001BDA2BDA4BDA5BDA6BDA7B32CA7BCA6B15
:103BF000CA5BCA4BCA2BCA1BCA0BC0D0C083C082C7
:103C00007E34FBBA7E24007E7E1B700A377E240041
:103C1000085D236D33BD23682C74F77E14FBBA7ED8
:103C200004007E7E0B705C7B7A0B7090703B693E6B
:103C300000020BEA204D23680C90703B693E0002A5
:103C40000BEA2099187E34FBBA7E24007E7E1B701E
:103C50000A377E2400805D236D33BD23682C747F7A
:103C60007E14FBBA7E04007E7E0B705C7B7A0B7048
:103C700090703F693E00020BEA204D23680C907063
:103C80003F693E00020BEA209918D082D083D0D041
:103C9000DA0BDA1BDA2BDA4BDA5BDA6BDA7B32CA55
:103CA0007BCA6BCA5BCA4BCA2BCA1BCA0BC0D0C02B
:103CB00083C0827E34FBC27E24007E7E1B700A3766
:103CC0007E2400085D236D33BD23682C74F77E14B9
:103CD000FBC27E04007E7E0B705C7B7A0B70907062
:103CE00043693E00020BEA204D23680C9070436943
:103CF0003E00020BEA2099187E34FBC27E24007E2F
:103D00007E1B700A377E2400805D236D33BD2368DF
:103D10002C747F7E14FBC27E04007E7E0B705C7B65
:103D20007A0B70907047693E00020BEA204D2368C1
:103D30000C907047693E00020BEA209918D082D09F
:103D400083D0D0DA0BDA1BDA2BDA4BDA5BDA6BDAF8
:103D50007B32CA7BCA6BCA5BCA4BCA2BCA1BCA0B53
:103D6000C0D0C083C08274FE7E14FE787E04007EC4
:103D70007E0B705C7B7A0B7090704B693E00020B7F
:103D8000EA204D23680C90704B693E00020BEA203C
:103D90009918D082D083D0D0DA0BDA1BDA2BDA4B29
:103DA000DA5BDA6BDA7B32CA7BCA6BCA5BCA4BCA94
:103DB0002BCA1BCA0BC0D0C083C0827E34FBCA7E14
:103DC00024007E7E1B700A377E2400085D236D333D
:103DD000BD23682C74F77E14FBCA7E04007E7E0B24
:103DE000705C7B7A0B7090704F693E00020BEA208A
:103DF0004D23680C90704F693E00020BEA20991821
:103E00007E34FBCA7E24007E7E1B700A377E24002F
:103E1000805D236D33BD23682C747F7E14FBCA7EC6
:103E200004007E7E0B705C7B7A0B70907053693E51
:103E300000020BEA204D23680C907053693E00028B
:103E40000BEA209918D082D083D0D0DA0BDA1BDAB3
:103E50002BDA4BDA5BDA6BDA7B32CA7BCA6BCA5B72
:103E6000CA4BCA2BCA1BCA0BC0D0C083C0829AFDE2
:103E7000B064D082D083D0D0DA0BDA1BDA2BDA4BE5
:103E8000DA5BDA6BDA7B32CA7BCA6BCA5BCA4BCAB3
:103E90002BCA1BCA0BC0D0C083C0829AFDB051D0C0
:103EA00082D083D0D0DA0BDA1BDA2BDA4BDA5BDA8A
:103EB0006BDA7B329079301BEA20793E00029079F0
:103EC0002C1BEA00791E0002E4907934F0E490792A
:103ED00035F06D339079361BEA307E1478527E04CB
:103EE000000174807E70019AFC9A727E1478527E72
:103EF00004000174FF7E70019AFC9A727E1478525D
:103F00007E040001E46C779AFC9A727E1478527EEB
:103F100004000174FF7E70069AFC9A727E180001FC
:103F2000907841793E00021BEA207E1478527E048C
:103F3000000174837E3479347E2400019AFCA24F00
:103F40007E1478527E04000174839079347EEB7085
:103F50007E60044C769AFC9A727E1478527E04003D
:103F60000174FF7E70079AFC9A727E1478527E0468
:103F7000000174817E70019AFC9A727E1478527EE0
:103F800004000174807E70019AFC9A727E1478524B
:103F90007E04000174947E706B9AFC9A727E147891
:103FA000527E04000174836C779AFC9A72E49079D3
:103FB00034F080597E1403E8907DFB693E00020BCB
:103FC000EA209AFDDF789AFE35887E180001907805
:103FD00041793E00021BEA207E1478527E040001E3
:103FE00074837E3479347E2400019AFCA24F907948
:103FF000360BEA207E3400012D321BEA307E34007D
:10400000FFBD3250087401907935F08012907934F8
:10401000E0BEB000689E907934E0BEB0FF68959035
:104020007935E0BEB000680302412D7E1478527EDF
:1040300004000174837E70019AFC9A727E1800015C
:10404000907841793E00021BEA207E1478527E046B
:10405000000174927E3479347E2400019AFCA24FD0
:104060009079347EEB30747F5C3B90792C693E0014
:10407000020BEA207A1B309079347EEB307CB3233C
:104080007C3B74015C3B907930693E00020BEA2076
:104090007A1B307E1478527E04000174816C779A0A
:1040A000FC9A727E1478527E04000174FF7E7006C2
:1040B0009AFC9A727E180001907841793E00021BAA
:1040C000EA207E1478527E04000174837E347934B1
:1040D0007E2400019AFCA24F7E1478527E040001D7
:1040E00074839079347EEB709AFC9A727E147852C5
:1040F0007E04000174FF7E70019AFC9A727E14782F
:10410000527E040001E47E70019AFC9A727E14785B
:10411000527E04000174FF6C779AFC9A727E1478C8
:10412000527E04000174806C779AFC9A7290793503
:10413000E022907C67F0907C651BEA30907C67E021
:104140000A3B6D227E1409009AFDDF6F7E1406770C
:104150009AFDDF6F7E0801F42F107E1403E89AFDAC
:10416000DF78907C68793E00021BEA20907C650B2A
:10417000EA306D22907C68691E00020BEA009AFD0D
:10418000DF5E907C68691E00020BEA001E141E04AC
:1041900050034E20802F107E1403E89AFDDF782212
:1041A000907AF7F0907AF31BEA20793E0002907A39
:1041B000F7E00A3B6D227E1409009AFDDF6F7E1442
:1041C00006779AFDDF6F7E0801F42F107E1403E856
:1041D0009AFDDF78907AF8793E00021BEA207E147F
:1041E00003E8907AF3693E00020BEA209AFDDF6F44
:1041F000907AF8691E00020BEA001E141E04500398
:104200004E20802F10907AF8691E00020BEA009A67
:10421000FDDF7A22907F1E1BEA30907F1E0BEA2082
:104220007E34FF005D327D530A5A907F1E0BEA30C8
:104230007E2400FF5D2360053E241478FB7E34005D
:10424000012D3222907F201BEA309F117A1F000837
:104250006D337A37000C6D337A37000E6D22907F04
:10426000200BEA30BD32285C907F200BEA307E24A0
:1042700000019D326D227A1F0008801F7E1F0008FA
:104280001E341E2450034E60807A1F00087E2700D3
:104290000C7E3400012D327A37000C7E0CFF007E3C
:1042A0001F00085E7000BE18000038D07E27000C8A
:1042B0007C456C557E0F00087E3400FF5D314D3229
:1042C0007A37000E7E37000E22907DE71BEA0079D8
:1042D0001E0002E4907DEBF07E1800019078417999
:1042E0003E00021BEA207E1478527E040001740115
:1042F0007E347DEB7E2400019AFCA24F907DEB7E04
:10430000EB307CB3C47C3B74015C3B907DE7693E41
:1043100000020BEA207A1B30907DEB7EEB307CB301
:10432000C4237C3B74015C3B907DE7693E00020B3B
:10433000EA200B357A1B30907DEB7EEB201E201E91
:10434000207E30015C32907DE7693E00020BEA205E
:104350000B347A1B30907DEB7EEB307CB323237CD7
:104360003B74015C3B907DE7693E00020BEA202E26
:104370003400037A1B30907DEB7EEB307CB3237CE2
:104380003B74015C3B907DE7693E00020BEA200B29
:10439000367A1B3022907EF51BEA30E4907EF7F0EF
:1043A0006D22907EF50BEA30BD3278387E18000120
:1043B000907841793E00021BEA207E1478527E04F8
:1043C000000174507E347EF77E2400019AFCA24FD7
:1043D000907EF7E00A4B7E5400012D543E54907EAF
:1043E000F7F0804C907EF50BEA207E340001BD236F
:1043F00078387E180001907841793E00021BEA204F
:104400007E1478527E04000174707E347EF77E2420
:1044100000019AFCA24F907EF7E00A4B7E54000107
:104420002D543E54907EF7F0800674FF907EF7F096
:10443000907EF7E02290793C1BEA20793E000290C2
:1044400079381BEA00791E00026D339079421BEA2D
:10445000306D331243950A1B90793C693E00020B84
:10446000EA201B1A107E180001907841793E000264
:104470001BEA207E1478527E04000174467E347953
:10448000407E2400019AFCA24F907940E00A0B7E06
:104490001400012D1090793C693E00020BEA200BBC
:1044A000361B1A1090793C693E00020BEA200B364D
:1044B0000B1A3090793C691E00020BEA000B0A507F
:1044C0001241327F0190793C693E00020BEA202EB6
:1044D00034000A791100021B1A007E18000290783D
:1044E00041793E00021BEA207E1478527E040001CE
:1044F00074517E3479407E2400019AFCA24F907959
:1045000040E00A2B7C456C55907941E00A3B4D32E6
:104510009079421BEA309079420BEA301242147DC6
:104520001390793C693E00020BEA202E3400061BF2
:104530001A1090793C693E00020BEA202E340006E6
:104540000B1A3090793C691E00020BEA000B0A50EE
:104550001241327F0190793C693E00020BEA202E25
:1045600034000E791100021B1A007E340001124340
:10457000950A1B90793C693E00020BEA200B351B23
:104580001A107E180002907841793E00021BEA2042
:104590007E1478527E04000174717E3479407E244A
:1045A00000019AFCA24F907940E00A2B7C456C55A3
:1045B000907941E00A3B4D329079421BEA30907984
:1045C000420BEA301242147D1390793C693E00029E
:1045D0000BEA202E3400081B1A10907938693E002F
:1045E000020BEA202E3400037E1BB0BEB000682709
:1045F00090793C693E00020BEA202E3400060B1A2B
:104600002090793C691E00020BEA002E1400080B72
:104610000A309D321B0A3090793C693E00020BEA59
:10462000202E3400080B1A3090793C691E00020BD2
:10463000EA000B150B0A501241327F0190793C6958
:104640003E00020BEA202E340012791100021B1AE0
:104650000022907DECF0E4907DEDF0E4907DEEF0B2
:104660006D33907DEF1BEA307E1478527E0400019A
:10467000E4907DEC7EEB707E60014C769AFC9A7241
:104680007E180001907841793E00021BEA207E14DA
:1046900078527E04000174467E347DEE7E24000153
:1046A0009AFCA24F80597E1403E8907DFB693E007E
:1046B000020BEA209AFDDF789AFE35887E18000109
:1046C000907841793E00021BEA207E1478527E04E5
:1046D000000174467E347DEE7E2400019AFCA24FD8
:1046E000907DEF0BEA207E3400012D321BEA307EF4
:1046F0003400FFBD3250087401907DEDF0800F90C2
:104700007DEE7EEBA074075CBABEB0006898907D29
:10471000EDE0BEB00078207E1478527E0400017473
:104720000B7E70019AFC9A727E1478527E0400010E
:10473000E46C779AFC9A72907DEDE0229070EB1B0E
:10474000EA20793E0002E49070EFF06D339070F350
:104750001BEA309F119070F5793E00021BEA206D34
:10476000339070F91BEA307E1808E8907116793E94
:1047700000021BEA209070EB693E00020BEA20BEAB
:10478000184E20500974019070EFF00249487E14D1
:1047900070FB7E0400011242C97E1470FB7E04008F
:1047A000017E3471007E2400011244359070FBE0DC
:1047B000BEB00068237E18024E90710A691E000286
:1047C0000BEA002F01907116693E00020BEA202FC0
:1047D00010793E00021BEA209070FDE0BEB0006838
:1047E000297E0802B290710A693E00020BEA202F6E
:1047F000107F012F00907116693E00020BEA202FF6
:1048000010793E00021BEA20802C9070FCE0BEB0C4
:104810000068237E18029490710A691E00020BEA58
:10482000002F01907116693E00020BEA202F1079CB
:104830003E00021BEA209070FEE0BEB00068237EBE
:1048400018029490710E691E00020BEA002F01906D
:104850007116693E00020BEA202F10793E00021B00
:10486000EA209070FFE0BEB00078030249487E085D
:104870000226907116693E00020BEA202F10793E45
:1048800000021BEA209070EB691E00020BEA009008
:104890007116693E00020BEA20BF102809740190CE
:1048A00070EFF0024948907116691E00020BEA0091
:1048B0009070EB693E00020BEA209F109070F57932
:1048C0003E00021BEA209070F5693E00020BEA20D0
:1048D0009071020BEA501241A09070F91BEA3090DF
:1048E00070FEE0BEB00068119071060BEA20907077
:1048F000F90BEA302D321BEA309070F90BEA3012D6
:1049000042449070F31BEA3074719070F0F0907034
:10491000F30BEA307D530A5A9070F1F09070F30B6C
:10492000EA509070F2F07E180003907874793E009F
:10493000021BEA207E1478527E0400017E3470F05F
:104940007E2400019AFC97EE9070EFE0227E180B17
:10495000369073F8793E00021BEA207E1473DD7EE8
:104960000400011242C97E1473DD7E0400017E340E
:1049700073E27E2400011244359073DDE0BEB00086
:1049800068237E18024E9073EC691E00020BEA0049
:104990002F019073F8693E00020BEA202F10793E38
:1049A00000021BEA209073DFE0BEB00068297E0899
:1049B00002B29073EC693E00020BEA202F107F01D7
:1049C0002F009073F8693E00020BEA202F10793E09
:1049D00000021BEA20802C9073DEE0BEB00068234A
:1049E0007E1802949073EC691E00020BEA002F01FE
:1049F0009073F8693E00020BEA202F10793E000206
:104A00001BEA209073E0E0BEB00068237E18029499
:104A10009073F0691E00020BEA002F019073F86991
:104A20003E00020BEA202F10793E00021BEA209084
:104A300073E1E0BEB00068237E1802269073F4692B
:104A40001E00020BEA002F019073F8693E00020B72
:104A5000EA202F10793E00021BEA209073F8693E8D
:104A600000020BEA2022907AFC1BEA20793E000229
:104A70006D117E044300907AFC693E00020BEA202F
:104A80009AFDD6F09AFDD8A2907B031BEA30907A6B
:104A9000FC691E00020BEA009F119AFDD81128182C
:104AA000907AFC691E00020BEA007E34FEB87E2478
:104AB00043FF9AFDD811400474018001E47E144C38
:104AC000067E0400FE7E3402069AFE2ABA744490E2
:104AD0007B00F0907B030BEA307D530A5A907B01F8
:104AE000F0907B030BEA50907B02F07E180003905D
:104AF0007874793E00021BEA207E1478527E04000E
:104B0000017E347B007E2400019AFC97EE2290788F
:104B10005EE0BEB0007803024BE57E18000190789D
:104B200041793E00021BEA207E1478527E04000187
:104B300074137E347EF87E2400019AFCA24F907E8E
:104B4000F87EEBA074075CBABEB000685C7E18000B
:104B500002907841793E00021BEA207E1478527E52
:104B6000040001741E7E347EF87E2400019AFCA2AB
:104B70004F907EF8E00A3B7C676C7790785B1BEA8D
:104B800030907EF9E00A2B90785B0BEA304D321BB7
:104B9000EA307E1478527E040001740B7E70019A14
:104BA000FC9A72740190785DF0907EF8E030E43504
:104BB0007E180002907841793E00021BEA207E14A4
:104BC00078527E040001741E7E347EF87E2400013B
:104BD0009AFCA24F7E1478527E040001740B7E7002
:104BE000019AFC9A72AAAAE4907561F0E490756249
:104BF000F0E4907563F06D339075711BEA307E14AC
:104C000075647E0400017E340006E49AFE39217E3C
:104C100014756A7E0400017E340007E49AFE39218F
:104C20007E34007190784E1BEA307E3400739078A9
:104C3000501BEA307E1478527E04000174297E18DD
:104C400000019AFCAB537E3400747E240001740191
:104C50007E1400109AFD29C77E1403E8907DFB693D
:104C60003E00020BEA209AFDDF787E1400649AFD74
:104C7000DF6F9AFE35887E340074E49AFD26217E2B
:104C80001403E8907DFB693E00020BEA209AFDDFE9
:104C9000787E1400329AFDDF6F9AFE35887E3400EC
:104CA0007474019AFD26217E1403E8907DFB693E11
:104CB00000020BEA209AFDDF787E1400649AFDDF83
:104CC0006F9AFE35887E1478527E04000174899AAA
:104CD000FCA182907563F07E1478527E040001740A
:104CE000899075637EEB707E60014C769AFC9A72B7
:104CF0006D339075711BEA3080457E1478527E04C6
:104D000000019075710BEA203E247E34090F2D328C
:104D10007E2400FF7E1BB09075710BEA203E247E3E
:104D20003409102D327E2400FF7E1B709AFC9A728B
:104D30009075710BEA207E3400012D321BEA309011
:104D400075710BEA207E340004BD2340AD7E18004F
:104D500001907841793E00021BEA207E1478527E51
:104D600004000174917E3475617E2400019AFCA2D6
:104D70004F6D339075711BEA3080457E1478527EFA
:104D80000400019075710BEA203E247E3409172D32
:104D9000327E2400FF7E1BB09075710BEA203E240A
:104DA0007E3409182D327E2400FF7E1B709AFC9AF7
:104DB000729075710BEA207E3400012D321BEA30AF
:104DC0009075710BEA207E340003BD2340AD7E1444
:104DD00078527E04000174609AFCA182907563F0A1
:104DE0007E1478527E04000174609075637EEB70CF
:104DF0007E60124C769AFC9A726D337E243E80124D
:104E00004A667E1478527E04000174017E70FF9A17
:104E1000FC9A727E14756A7E0400017E34756B7E86
:104E2000240001123EB4BEB0006815740190756292
:104E3000F07E144BED7E0400FE9AFDD8DF02520A8C
:104E40007E180006907841793E00021BEA207E140D
:104E500078527E04000174B07E3475647E240001B3
:104E60009AFCA24F6D339075711BEA3080457E1419
:104E700078527E0400019075710BEA203E247E3446
:104E8000091D2D327E2400FF7E1BB09075710BEA48
:104E9000203E247E34091E2D327E2400FF7E1B70AE
:104EA0009AFC9A729075710BEA207E3400012D32C3
:104EB0001BEA309075710BEA207E340005BD23405B
:104EC000AD90756BE0BEB0006804740C8001E49096
:104ED000756CF06D339075711BEA30024F8D9075D3
:104EE0006CE00A2B9075710BEA30BD32400E907564
:104EF0006A7EEBA090756DE0BCBA78429075710B3C
:104F0000EA507CAB74075CBA7E34000160053E3425
:104F10001478FB7CB77CAB6EA0FF9075710BEA2018
:104F20001E241E241E247E3475642D327A71827AEA
:104F30006183E05CBA7A71827A6183F08040907517
:104F4000710BEA201E241E241E247E3475642D322B
:104F50007A71827A61837EEBA09075710BEA207E74
:104F60003400075D327CB760051EA01478FB7CBA64
:104F700030E00B90756D7EEBA074012CBAF090754B
:104F8000710BEA207E3400012D321BEA30907571DE
:104F90000BEA207E340030BD322803024EDE74B0AE
:104FA00090756AF07E3400019075711BEA30802C98
:104FB0009075710BEA207E3400019D237E34756468
:104FC0002D327A71827A6183E090756BF090757101
:104FD0000BEA207E3400012D321BEA309075710BF4
:104FE000EA207E340007BD3238C67E18000790786C
:104FF00074793E00021BEA207E1478527E04000180
:105000007E34756A7E2400019AFC97EE6D339075AC
:10501000711BEA3080457E1478527E040001907541
:10502000710BEA203E247E3409272D327E2400FFB6
:105030007E1BB09075710BEA203E247E3409282D2A
:10504000327E2400FF7E1B709AFC9A729075710B61
:10505000EA207E3400012D321BEA309075710BEA94
:10506000207E340050BD2340AD7E1478527E040073
:1050700001740A7E70049AFC9A727E1478527E043F
:10508000000174849AFCA182907563F07E147852BA
:105090007E04000174849075637EEB707E60EF5C2B
:1050A000769AFC9A727E1478527E040001740B7E0C
:1050B00070019AFC9A7212494D90755D793E00021A
:1050C0001BEA207E1478527E04000174017E70E891
:1050D0009AFC9A7290755D693E00020BEA201247B5
:1050E0003C7E1478527E04000174017E70019AFCAB
:1050F0009A727440124652BEB000681574019075E1
:1051000062F07E144BBA7E0400FE9AFDD8DF025294
:105110000A7E1478527E04000174017E70029AFCAB
:105120009A72E4124652BEB000681574019075621E
:10513000F07E144BBA7E0400FE9AFDD8DF02520ABC
:105140007E1478527E04000174017E70E89AFC9A05
:10515000727E1403E8907DFB693E00020BEA209A00
:10516000FDDF787E1400649AFDDF6F9AFE35887E3D
:105170001478527E04000174807E70019AFC9A7249
:105180007E1478527E04000174FF7E70019AFC9AAE
:10519000727E1478527E040001E46C779AFC9A7255
:1051A0007E1478527E04000174919075617EEB70DC
:1051B0009AFC9A727E1478527E040001E47E70019B
:1051C0009AFC9A727E1478527E04000174FF6C7708
:1051D0009AFC9A727E1478527E04000174806C7777
:1051E0009AFC9A727E1478527E040001E47E70026A
:1051F0009AFC9A72740190785EF07E3400017E14FD
:105200004BE67E0400FD9AFCFFA3907562E0AA9035
:105210007E171BEA306D33907E191BEA30907E17A3
:105220000BEA207E341000BD23580302551F907EE8
:10523000170BEA509E541000BE54000E4003025457
:10524000D27EA003A4905249730252730252930279
:1052500052B30252D30252F3025313025345025384
:10526000770253A90253DB02540D02543F025470DB
:105270000254A1E58C0A3B7C676C77907E191BEA8F
:1052800030E58A0A2B907E190BEA304D321BEA304A
:105290000254E3E58D0A3B7C676C77907E191BEA2C
:1052A00030E58B0A2B907E190BEA304D321BEA3029
:1052B0000254E3E5D60A3B7C676C77907E191BEAC3
:1052C00030E5D70A2B907E190BEA304D321BEA30BD
:1052D0000254E3E5D40A3B7C676C77907E191BEAA5
:1052E00030E5D50A2B907E190BEA304D321BEA309F
:1052F0000254E3E5D20A3B7C676C77907E191BEA87
:1053000030E5D30A2B907E190BEA304D321BEA3080
:105310000254E37E34FBB67E24007E7E1B700A3787
:105320007C676C77907E191BEA307E34FBB77E2455
:10533000007E7E1B700A27907E190BEA304D321BCF
:10534000EA300254E37E34FBB47E24007E7E1B7080
:105350000A377C676C77907E191BEA307E34FBB588
:105360007E24007E7E1B700A27907E190BEA304D4A
:10537000321BEA300254E37E34FBBE7E24007E7E84
:105380001B700A377C676C77907E191BEA307E347D
:10539000FBBF7E24007E7E1B700A27907E190BEADD
:1053A000304D321BEA300254E37E34FBBC7E2400D5
:1053B0007E7E1B700A377C676C77907E191BEA3003
:1053C0007E34FBBD7E24007E7E1B700A27907E19F2
:1053D0000BEA304D321BEA300254E37E34FBC67ECA
:1053E00024007E7E1B700A377C676C77907E191BC9
:1053F000EA307E34FBC77E24007E7E1B700A279035
:105400007E190BEA304D321BEA300254E37E34FB46
:10541000C47E24007E7E1B700A377C676C77907E8A
:10542000191BEA307E34FBC57E24007E7E1B700A89
:1054300027907E190BEA304D321BEA300254E37E8E
:1054400034FE7A7E24007E7E1B700A377C676C7780
:10545000907E191BEA307E34FE7B7E24007E7E1B0C
:10546000700A27907E190BEA304D321BEA308073A8
:105470007E34FBCE7E24007E7E1B700A377C676CF8
:1054800077907E191BEA307E34FBCF7E24007E7E2F
:105490001B700A27907E190BEA304D321BEA3080D0
:1054A000427E34FBCC7E24007E7E1B700A377C67F4
:1054B0006C77907E191BEA307E34FBCD7E24007E13
:1054C0007E1B700A27907E190BEA304D321BEA30A2
:1054D0008011E47E144E5D7E0400FE7E3400519AFD
:1054E000FE2ABA907E170BEA307E2400155D237EDB
:1054F0003475DB2D327A71827A6183E00A3B9AFD42
:105500002424BEB00068030255E7907E190BEA30F0
:105510006E34FFFF0B34907E191BEA300255E79082
:105520007E170BEA301A261A242F112F117E1448E9
:105530008C7E0400FE2F01693000020B0A207E1BC6
:10554000700A377C676C77907E191BEA30907E1763
:105550000BEA301A261A247F012F002F007E3448D0
:105560008C7E2400FE2F10691100020B1A007E1899
:1055700000012F107E1B700A27907E190BEA304D18
:10558000321BEA30907E170BEA307E24000F5D2339
:105590007E3475DB2D327A71827A6183E0BEB0FF92
:1055A0006838907E170BEA307E24000F5D237E342E
:1055B00075DB2D327A71827A6183E00A3B9AFD2491
:1055C00024BEB0007821907E190BEA306E34FFFFC4
:1055D0000B34907E191BEA30800D907E190BEA3057
:1055E0000E340E341BEA30907E190BEA30AA907FFD
:1055F0000C1BEA30907F0C0BEA207E341000BD2398
:1056000058030258DE907F0C0BEA509E541000BEE7
:1056100054000E40030258CB7EA003A49056207382
:1056200002564A02565902566802567702568602B8
:1056300056950256D40257130257520257910257F9
:10564000D002580F02584E02588DC3C28CE4F58C1C
:10565000E4F58AD3D28C02592CC3C28EE4F58DE4D2
:10566000F58BD3D28E02592C538EEFE4F5D6E4F5A8
:10567000D7438E1002592C53DDF7E4F5D4E4F5D569
:1056800043DD0802592C53DD7FE4F5D2E4F5D34322
:10569000DD8002592C74F77E14FBB37E04007E7EFD
:1056A0000B705C7B7A0B70E47E34FBB67E24007E4C
:1056B0007A1BB0E47E34FBB77E24007E7A1BB07484
:1056C000087E14FBB37E04007E7E0B704C7B7A0B4D
:1056D0007002592C747F7E14FBB37E04007E7E0B17
:1056E000705C7B7A0B70E47E34FBB47E24007E7A9F
:1056F0001BB0E47E34FBB57E24007E7A1BB07408B8
:105700007E14FBB37E04007E7E0B704C7B7A0B70A4
:1057100002592C74F77E14FBBB7E04007E7E0B7056
:105720005C7B7A0B70E47E34FBBE7E24007E7A1BA9
:10573000B0E47E34FBBF7E24007E7A1BB074087E0A
:1057400014FBBB7E04007E7E0B704C7B7A0B7002D8
:10575000592C747F7E14FBBB7E04007E7E0B705C34
:105760007B7A0B70E47E34FBBC7E24007E7A1BB017
:10577000E47E34FBBD7E24007E7A1BB074087E1468
:10578000FBBB7E04007E7E0B704C7B7A0B70025953
:105790002C74F77E14FBC37E04007E7E0B705C7B52
:1057A0007A0B70E47E34FBC67E24007E7A1BB0E464
:1057B0007E34FBC77E24007E7A1BB074087E14FB07
:1057C000C37E04007E7E0B704C7B7A0B7002592CDA
:1057D000747F7E14FBC37E04007E7E0B705C7B7A3C
:1057E0000B70E47E34FBC47E24007E7A1BB0E47E22
:1057F00034FBC57E24007E7A1BB074087E14FBC384
:105800007E04007E7E0B704C7B7A0B7002592C74E8
:105810007F7E14FE787E04007E7E0B705C7B7A0BAC
:1058200070E47E34FE7A7E24007E7A1BB0E47E34FF
:10583000FE7B7E24007E7A1BB074807E14FE787E10
:1058400004007E7E0B704C7B7A0B7002592C74F72F
:105850007E14FBCB7E04007E7E0B705C7B7A0B702B
:10586000E47E34FBCE7E24007E7A1BB0E47E34FBE3
:10587000CF7E24007E7A1BB074087E14FBCB7E049E
:10588000007E7E0B704C7B7A0B7002592C747F7EED
:1058900014FBCB7E04007E7E0B705C7B7A0B70E485
:1058A0007E34FBCC7E24007E7A1BB0E47E34FBCDBC
:1058B0007E24007E7A1BB074807E14FBCB7E0400B5
:1058C0007E7E0B704C7B7A0B708061E47E144E5DA3
:1058D0007E0400FE7E3400899AFE2ABA804EE4904F
:1058E0007F0C0BEA301A261A242F112F117E144830
:1058F0008C7E0400FE2F01693000020B0A207A1B07
:10590000B0E4907F0C0BEA301A261A247F012F0096
:105910002F007E34488C7E2400FE2F106911000277
:105920000B1A007E1800012F107A1BB0AA907CA0E1
:105930001BEA10907C9E1BEA20907C9C1BEA309016
:105940007C9C0BEA207E3400FF5D327E2400039AAB
:10595000FE380A7E144E5D7E0400FE7E3400A69A58
:10596000FE2ABA907C9E0BEA500A5AC40354077E62
:10597000440006BD54780474018001E47E144E5D39
:105980007E0400FE7E3400A99AFE2ABA907CA00B09
:10599000EA207E3400FF5D326D22E47E1400039A1B
:1059A000FD29C7907C9E0BEA207E3400FF5D326D9E
:1059B00022E47E1400039AFD29C7907CA00BEA40E4
:1059C0007E5400FF5D54907C9C0BEA307E240015D1
:1059D0005D237E3475DB2D327A71827A6183F0909B
:1059E0007C9C0BEA509E541000BE54000E400302F3
:1059F0005BF87EA003A49059FA73025A24025A332A
:105A0000025A42025A4E025A5A025A66025A9302E5
:105A10005AC0025AED025B1A025B47025B74025BDA
:105A2000A0025BCCE4F58AE4F58C438904D3D28CE4
:105A3000025C09E4F58BE4F58D438940D3D28E02F4
:105A40005C09E4F5D7E4F5D6438E18025C09E4F569
:105A5000D5E4F5D443DD0C025C09E4F5D3E4F5D2DA
:105A600043DDC0025C09E47E34FBB77E24007E7A0D
:105A70001BB0E47E34FBB67E24007E7A1BB0740C2F
:105A80007E14FBB37E04007E7E0B704C7B7A0B7021
:105A9000025C09E47E34FBB57E24007E7A1BB0E410
:105AA0007E34FBB47E24007E7A1BB074C07E14FB6F
:105AB000B37E04007E7E0B704C7B7A0B70025C0917
:105AC000E47E34FBBF7E24007E7A1BB0E47E34FB90
:105AD000BE7E24007E7A1BB0740C7E14FBBB7E0459
:105AE000007E7E0B704C7B7A0B70025C09E47E3486
:105AF000FBBD7E24007E7A1BB0E47E34FBBC7E249A
:105B0000007E7A1BB074C07E14FBBB7E04007E7ED8
:105B10000B704C7B7A0B70025C09E47E34FBC77E11
:105B200024007E7A1BB0E47E34FBC67E24007E7A9D
:105B30001BB0740C7E14FBC37E04007E7E0B704C85
:105B40007B7A0B70025C09E47E34FBC57E24007E08
:105B50007A1BB0E47E34FBC47E24007E7A1BB074D2
:105B6000C07E14FBC37E04007E7E0B704C7B7A0BE0
:105B700070025C09E47E34FE7B7E24007E7A1BB0DA
:105B8000E47E34FE7A7E24007E7A1BB074C07E14DC
:105B9000FE787E04007E7E0B704C7B7A0B708069F1
:105BA000E47E34FBCF7E24007E7A1BB0E47E34FB9F
:105BB000CE7E24007E7A1BB0740C7E14FBCB7E0458
:105BC000007E7E0B704C7B7A0B70803DE47E34FB54
:105BD000CD7E24007E7A1BB0E47E34FBCC7E240094
:105BE0007E7A1BB074C07E14FBCB7E04007E7E0BDD
:105BF000704C7B7A0B708011E47E144E5D7E040045
:105C0000FE7E3400BD9AFE2ABA22907CA61BEA10C2
:105C1000907CA41BEA20907CA21BEA30907CA40B11
:105C2000EA207E3400FF5D326D22E47E1400039A88
:105C3000FD29C7907CA60BEA207E3400FF5D326D03
:105C400022E47E1400039AFD29C7907CA60BEA404B
:105C50007E5400FF5D54907CA20BEA307E24000F3E
:105C60005D237E3475DB2D327A71827A6183F07E1A
:105C700060FE907CA40BEA00740D0E041478FB7E89
:105C80001400075D101A021A002F002F007E5448DE
:105C9000D47E4400FE2F20691200020B2A007E0BE6
:105CA000705C767A0B70907CA40BEA307D431A48C6
:105CB0000E440E440E447E5400035D543E54907CCA
:105CC000A40BEA307D231A247E3400035D32600584
:105CD0003E341478FB7C67907CA40BEA00740D0EB4
:105CE000041478FB7E1400075D101A021A002F00BE
:105CF0002F007E54485C7E4400FE2F206912000273
:105D00000B2A007E0B704C767A0B707EA0FF907C85
:105D1000A40BEA20740D0E241478FB7E3400075D7A
:105D2000321A261A242F112F117E1448447E0400A3
:105D3000FE2F01693000020B0A207A1BA07EA0FF13
:105D4000907CA40BEA20740D0E241478FB7E3400A2
:105D5000075D321A261A247F012F002F007E344857
:105D6000447E2400FE2F10691100020B1A007E18D9
:105D700000012F107A1BA06CAA907CA40BEA20745F
:105D80000D0E241478FB7E3400075D321A261A2487
:105D90002F112F117E1447B47E0400FE2F016930AD
:105DA00000020B0A207A1BA06CAA907CA40BEA20AC
:105DB000740D0E241478FB7E3400075D321A261A07
:105DC000247F012F002F007E3447B47E2400FE2F55
:105DD00010691100020B1A007E1800012F107A1BA7
:105DE000A07EA057907CA40BEA20740D0E2414789A
:105DF000FB7E3400075D321A261A242F112F117EE4
:105E00001448747E0400FE2F01693000020B0A2042
:105E10007A1BA06CAA907CA40BEA20740D0E2414AB
:105E200078FB7E3400075D321A261A247F012F008A
:105E3000907CA40BEA307D231A240E240E240E2419
:105E40007E3400035D320E341A261A242F102F11CF
:105E50002F117E1448A47E0400FE2F016930000239
:105E60000B0A207A1BA06CAA907CA60BEA20740D6A
:105E70000E241478FB7E3400075D321A261A247F24
:105E8000012F00907CA60BEA307D231A240E240EED
:105E9000240E247E3400035D320E341A261A242F79
:105EA000102F112F117E1448A47E0400FE2F0169CB
:105EB0003000020B0A207A1BA07E6001907CA40BAC
:105EC000EA00740D0E041478FB7E1400075D101AAE
:105ED000021A007F202F222F22907CA40BEA207D23
:105EE000021A000E040E040E047E1400035D101A44
:105EF000021A002F022F002F007E5448EC7E44002F
:105F0000FE2F20691200020B2A007E0B704C767A5D
:105F10000B707E6001907CA40BEA00740D0E0414DB
:105F200078FB7E1400075D101A021A002F002F0064
:105F30007E5448D47E4400FE2F20691200020B2AB2
:105F4000007E0B704C767A0B7022907CAC1BEA10B2
:105F5000907CAA1BEA20907CA81BEA30907CA80BBE
:105F6000EA300A47907CAA0BEA500A5AC403540745
:105F7000BD54780474018001E47E144E5D7E0400FB
:105F8000FE7E3400F39AFE2ABA907CA80BEA300A0F
:105F900047907CAC0BEA500A5AC4035407BD5478AE
:105FA0000474018001E47E144E5D7E0400FE7E34A4
:105FB00000F49AFE2ABA907CAA0BEA207E3400FFF5
:105FC0005D326D2274016D119AFD29C7907CAC0B76
:105FD000EA207E3400FF5D326D2274016D119AFD5E
:105FE00029C77E60FE907CAA0BEA00740D0E041493
:105FF00078FB7E1400075D101A021A002F002F0094
:106000007E5448D47E4400FE2F20691200020B2AE1
:10601000007E0B705C767A0B70907CAA0BEA307D68
:10602000431A480E440E440E447E5400035D543E11
:1060300054907CAA0BEA307D231A247E3400035D41
:106040003260053E341478FB7C67907CAA0BEA0032
:10605000740D0E041478FB7E1400075D101A021AEA
:10606000002F002F007E54485C7E4400FE2F2069E4
:106070001200020B2A007E0B704C767A0B70907C1B
:10608000AC0BEA307D431A480E440E440E447E5455
:1060900000035D543E54907CAC0BEA307D231A24FF
:1060A0007E3400035D3260053E341478FB7C6790DB
:1060B0007CAC0BEA00740D0E041478FB7E14000710
:1060C0005D101A021A002F002F007E54485C7E4497
:1060D00000FE2F20691200020B2A007E0B704C7606
:1060E0007A0B707EA0FF907CAA0BEA20740D0E2420
:1060F0001478FB7E3400075D321A261A242F112FE4
:10610000117E1448447E0400FE2F01693000020B0A
:106110000A207A1BA07EA0FF907CAA0BEA20740DB7
:106120000E241478FB7E3400075D321A261A247F71
:10613000012F002F007E3448447E2400FE2F10697A
:106140001100020B1A007E1800012F107A1BA06CA0
:10615000AA907CAA0BEA20740D0E241478FB7E34DE
:1061600000075D321A261A242F112F117E1447B40E
:106170007E0400FE2F01693000020B0A207A1BA06A
:106180006CAA907CAA0BEA20740D0E241478FB7E76
:106190003400075D321A261A247F012F002F007E5B
:1061A0003447B47E2400FE2F10691100020B1A0040
:1061B0007E1800012F107A1BA07EA003907CAA0BF2
:1061C000EA20740D0E241478FB7E3400075D321A29
:1061D000261A242F112F117E1448747E0400FE2FDE
:1061E00001693000020B0A207A1BA06CAA907CAADD
:1061F0000BEA20740D0E241478FB7E3400075D3208
:106200001A261A247F012F00907CAA0BEA307D23E6
:106210001A240E240E240E247E3400035D320E3424
:106220001A261A242F102F112F117E1448A47E0431
:1062300000FE2F01693000020B0A207A1BA06CAA15
:10624000907CAC0BEA20740D0E241478FB7E340095
:10625000075D321A261A247F012F00907CAC0BEACE
:10626000307D231A240E240E240E247E3400035D78
:10627000320E341A261A242F102F112F117E144893
:10628000A47E0400FE2F01693000020B0A207A1B55
:10629000A07E6001907CAA0BEA00740D0E041478B5
:1062A000FB7E1400075D101A021A007F202F222F98
:1062B00022907CAA0BEA207D021A000E040E040E26
:1062C000047E1400035D101A021A002F022F002F03
:1062D000007E5448EC7E4400FE2F20691200020B21
:1062E0002A007E0B704C767A0B707E6001907CAC3D
:1062F0000BEA00740D0E041478FB7E1400075D1089
:106300001A021A007F202F222F22907CAC0BEA2049
:106310007D021A000E040E040E047E1400035D10AC
:106320001A021A002F022F002F007E5448EC7E44E0
:1063300000FE2F20691200020B2A007E0B704C76A3
:106340007A0B707E6001907CAA0BEA00740D0E043B
:106350001478FB7E1400075D101A021A002F002F1C
:10636000007E5448D47E4400FE2F20691200020BA8
:106370002A007E0B704C767A0B70AA907CB21BEAD6
:1063800010907CB01BEA20907CAE1BEA30907CAE73
:106390000BEA207E341000BD23403E907CB20BEA15
:1063A000307E24FF005D236D33BD237804740180AB
:1063B00001E47E144E5D7E0400FE7E3401329AFEBE
:1063C0002ABA907CAE0BEA30907CB00BEA20907C2D
:1063D000B20BEA1012592D8015907CAE0BEA30906A
:1063E0007CB00BEA20907CB20BEA10125C0AAA90F7
:1063F0007D3C1BEA10907D3A1BEA20907D381BEA19
:1064000030907D3A0BEA20907D380BEA30BD32584F
:1064100008907D3A0BEA30801E907D3C0BEA20907C
:106420007D380BEA30BD320808907D3C0BEA3080A5
:1064300006907D380BEA3022907D421BEA10907D59
:10644000401BEA20907D3E1BEA30907D400BEA2005
:10645000907D3E0BEA30BD325008907D400BEA3013
:10646000801E907D420BEA20907D3E0BEA30BD32CB
:106470002808907D420BEA308006907D3E0BEA3082
:106480002290664DE00A2B7E3400302D32907F3210
:106490001BEA30907F320BEA207E3400C6BD2350C9
:1064A0000C7E3400C6907F321BEA308018907F3219
:1064B0000BEA207E3400E1BD23280A7E3400E190FF
:1064C0007F321BEA30907F320BEA50906654F02204
:1064D000907F341BEA3080379000C6E0BEB0006881
:1064E00009E49000C6F0740180327E1403E8907DC8
:1064F000FB693E00020BEA209AFDDF789AFE3588A0
:10650000907F340BEA307E2400019D321BEA3090EC
:106510007F340BEA206D33BD2378BDE4226D3390C8
:10652000796A1BEA309F1190796C793E00021BEA70
:10653000207414907968F00265BA9079687EEB70E7
:1065400074BCACB77E3400E82D357E240001907910
:1065500070793E00021BEA20E4907969F080459052
:106560007969E00A1B907970693E00020BEA202DE0
:10657000317E1B700A176D0090796C693E00020B2A
:10658000EA202F10793E00021BEA2090796A0BEA7C
:10659000207E3400012D321BEA307EA00490796900
:1065A000E02CBAF09079697EEBA074BCBCAB40AF34
:1065B0007EA004907968E02CBAF09079687EEBA018
:1065C0007478BCAB500302653A90796A0BEA206D8F
:1065D00033BD237803E4801690796A0BEA10907932
:1065E0006C693E00020BEA209AFDDF787CB7227EC0
:1065F0003402009066501BEA30E49000C6F0E4904C
:106600007AB2F002674F7E3400961264D0BEB000BA
:10661000780302675E12651D907AB3F0907AB3E05A
:10662000906557F0907AB37EEBA07470BCAB400FCE
:10663000907AB37EEBA0748EBCAB380302675E9099
:106640007AB3E0BEB00078067401907AB3F0906639
:10665000500BEA207E34007EAD23907AB8793E005C
:10666000021BEA20907AB37EEB701E700A176D0051
:10667000907AB8693E00020BEA202F10907AB3E0BE
:106680000A1B6D009AFDDF7A907AB41BEA30907A8B
:10669000B40BEA306D229066500BEA106D002F01AA
:1066A0007E1800012F101E341E2450034E6080906F
:1066B0007AB61BEA309066500BEA207E340003ADB8
:1066C000327D231E241E24907AB60BEA30BD325050
:1066D000169066500BEA207E340003AD321E341E45
:1066E00034907AB61BEA309066500BEA203E249034
:1066F0007AB60BEA30BD32280E9066500BEA303E77
:1067000034907AB61BEA30907AB60BEA307E2400D9
:106710003C7E1404B0126438907AB61BEA3090665E
:10672000500BEA20907AB60BEA30BD326830907A8E
:10673000B60BEA309066501BEA309066500BEA3098
:106740009AFE2D93907AB27EEBA074012CBAF09051
:106750007AB27EEBA07405BCAB50030266067E34B1
:1067600000961264D0BEB000680712651D90655790
:10677000F0E49000C6F0AA9079F47AEB609079F397
:106780007AEB709079F2F09079F37EEBA09079F249
:10679000E0BCBA40109079F3E00A2B9079F2E00A5D
:1067A0003B9D32800E9079F2E00A2B9079F3E00A5B
:1067B0003B9D329079F51BEA309079F3E00A3B90EB
:1067C00079F2E00A2B2D237E3400012D329079F7E7
:1067D0001BEA309079F50BEA207E3400C8AD329088
:1067E00079F91BEA309079F4E00A3B7E2400012D10
:1067F000239079F70BEA30AD329079FB1BEA3090A9
:1068000079FB0BEA209079F90BEA30BD3240047431
:10681000018001E4229075891BEA00791E00029034
:106820007589693E00020BEA202E34553090758F31
:10683000793E00021BEA207E3402F09075931BEA39
:10684000306D339075951BEA309F11907597793EA6
:1068500000021BEA20906654E090759DF06D339025
:10686000758D1BEA30806090758D0BEA1090758FE6
:10687000693E00020BEA202D317E1BB090759BF023
:1068800090759D7EEBA090759BE0BCBA502A9075E8
:106890009BE00A1B6D00907597693E00020BEA2091
:1068A0002F10793E00021BEA209075950BEA207E9E
:1068B0003400012D321BEA307E24000490758D0BCC
:1068C000EA302D321BEA309075930BEA2090758DDB
:1068D0000BEA30BD3240909075950BEA206D33BDC8
:1068E0002378656D3390758D1BEA30803B90758DF4
:1068F0000BEA1090758F693E00020BEA202D317E65
:106900001B700A176D00907597693E00020BEA2014
:106910002F10793E00021BEA207E24000490758D22
:106920000BEA302D321BEA309075930BEA209075FC
:106930008D0BEA30BD3240B59075930BEA301E34B2
:106940001E349075951BEA309075950BEA10907582
:1069500097693E00020BEA209AFDDF787CB79065CC
:10696000D1F09065D17EEB707407AC7B7E24000A79
:106970008D327E24001E7E1400DC1263EF7CB79003
:10698000759CF090664F7EEBA07414BCAB403590C4
:10699000664F7EEBA074AFBCAB382990664FE00A1F
:1069A0003B90759CE00A2B2D237E3400012D321E76
:1069B000347E24001E7E1400DC1263EF7CB79066E8
:1069C0004DF0800890759CE090664DF012648190C7
:1069D000664DE00A2B7E3400182D3290664DE00A99
:1069E0001B7E2400082D21906654E00A1B7E0400C3
:1069F000019D101263EF7CB790664EF0AA90752E41
:106A00001BEA00791E00027E34017890753C1BEA77
:106A10003090752E693E00020BEA202E34576490A8
:106A20007542793E00021BEA20906654E09075386A
:106A3000F090664DE0907539F090664EE090753AB2
:106A4000F09064DDE090753BF0906655E0BEB000DC
:106A50007803026B917478907536F090664CE00A7A
:106A60001B907542693E00020BEA202D3190753E65
:106A7000793E00021BEA207477907533F0026B6751
:106A800090753E693E00020BEA207E1BB090753483
:106A9000F090753C0BEA1090753E693E00020BEADF
:106AA000209D317E1BB0907535F09075387EEBA03F
:106AB000907534E0BCBA500E9075387EEBA090759E
:106AC00035E0BCBA401B90753C0BEA1090753E69EE
:106AD0003E00020BEA209D31793E00021BEA208035
:106AE0007C90753A7EEBA0907535E0BCBA281B907F
:106AF000753C0BEA1090753E693E00020BEA209D42
:106B000031793E00021BEA2080539075397EEBA05C
:106B1000907534E0BCBA500A907533E0907536F049
:106B20008054907534E09075357EEB7090753B7EA7
:106B3000EB60126777BEB000680A907533E090751D
:106B400036F0803290753C0BEA1090753E693E003D
:106B5000020BEA209D31793E00021BEA207EA00252
:106B6000907533E09CBAF09075337EEBA07402BC54
:106B7000AB2803026A80907536E0BEB078780302D5
:106B80006D0F9075367EEBA0740ABCAB3803026DB6
:106B90000F7478907537F0745E90664CF0E49075E1
:106BA00032F0026CFA7478907536F0907532E00A23
:106BB0001B907542693E00020BEA202D3190753E14
:106BC000793E00021BEA207477907533F0026CB7AF
:106BD00090753E693E00020BEA207E1BB090753432
:106BE000F090753C0BEA1090753E693E00020BEA8E
:106BF000209D317E1BB0907535F09075387EEBA0EE
:106C0000907534E0BCBA500E9075387EEBA090754C
:106C100035E0BCBA401B90753C0BEA1090753E699C
:106C20003E00020BEA209D31793E00021BEA2080E3
:106C30007C90753A7EEBA0907535E0BCBA281B902D
:106C4000753C0BEA1090753E693E00020BEA209DF0
:106C500031793E00021BEA2080539075397EEBA00B
:106C6000907534E0BCBA500A907533E0907536F0F8
:106C70008054907534E09075357EEB7090753B7E56
:106C8000EB60126777BEB000680A907533E09075CC
:106C900036F0803290753C0BEA1090753E693E00EC
:106CA000020BEA209D31793E00021BEA207EA00201
:106CB000907533E09CBAF09075337EEBA07402BC03
:106CC000AB2803026BD09075377EEBA0907536E051
:106CD000BCBA501C907536E0907537F0907532E074
:106CE00090664CF09075377EEBA07403BCAB28190E
:106CF0007EA008907532E02CBAF09075327EEBA041
:106D000074BBBCAB3803026BA57401906655F0AA46
:106D10009074391BEA00791E00027477907441F078
:106D20007408907442F074BB907443F0E49074441F
:106D3000F0906654E090744FF090664DE09074507F
:106D4000F090664EE0907451F09064DDE0907452E3
:106D5000F07E3401789074551BEA309074417EEBDC
:106D60007074BCACB7907439693E00020BEA202DF8
:106D70003590743D793E00021BEA2090664CE0900D
:106D80007445F090664CE0907446F0907444E09046
:106D90007447F0907443E0907448F0E490744DF0C0
:106DA000E490744EF0740890664BF074089065D2CD
:106DB000F0907442E00A0B7E1465592D107E040099
:106DC00001907442E00A3B907441E00A2B9D237EBF
:106DD0003400012D32E49AFE3921907442E00A0B0E
:106DE0007E1464DF2D107E040001907442E00A3BA3
:106DF000907441E00A2B9D237E3400012D3274BB38
:106E00009AFE3921907441E0907454F00272889097
:106E1000744DE0BEB0006803026FFE740290744AC5
:106E2000F090744AE0BEB001781090664CE0907427
:106E300045F0907444E0907447F090744A7EEBA063
:106E40007E70017CBA9CB7F0907445E0907453F06A
:106E5000026FD9907453E00A1B90743D693E0002A2
:106E60000BEA202D317E1BB090744BF0907453E0F0
:106E70000A1B90743D693E00020BEA202D311B3540
:106E80007E1BB090744CF090744F7EEBA090744BCE
:106E9000E0BCBA4003026FCF90744F7EEBA09074B9
:106EA0004CE0BCBA4003026FCF9074507EEBA090D0
:106EB000744BE0BCBA504E9074457EEBA090745376
:106EC000E0BCBA784090664C7EEBA0907445E0BC84
:106ED000BA7832740190744DF0E490744AF0907472
:106EE00054E00A3B7E2400019D327E14655B7E04E3
:106EF0000001907444E09AFE3921907454E0906649
:106F00004BF0026FF29074507EEBA090744BE0BC9B
:106F1000BA501E9074537EEBA0907454E00A2B7EFE
:106F20003465592D327A71827A61837AEBA0026FCF
:106F3000F29074517EEBA090744CE0BCBA2803022E
:106F40006FCF9074447EEBA0907453E0BCBA681B82
:106F500090744BE090744C7EEB709074527EEB60BA
:106F60001267770A2B6D33BD2368649074537EEBF0
:106F7000A0907454E00A2B7E3465592D327A7182C8
:106F80007A61837AEBA0907453E00A2B7E34001070
:106F90002D32907453E00A2B907443E00A1B126365
:106FA000EF7CB7907445F0907453E00A3B7E240068
:106FB000109D32907444E00A2B907453E00A1B1227
:106FC00063EF7CB7907447F0E490744AF080237EBE
:106FD000A002907453E09CBAF0907447E00A3B7EA4
:106FE0002400022D23907453E00A3BBD32080302B3
:106FF0006E5390744AE0BEB0006803026E21907434
:107000004EE0BEB000680302724F907454E00A2B49
:107010007E3465592D327A71827A6183E00A2B7E43
:107020003400022D3290664CE00A2B907443E00A43
:107030001B1263EF7CB7907449F09074497EEBA00B
:10704000907446E0BCBA5008907449E0907446F0E1
:10705000740290744AF090744AE0BEB001781090C7
:107060007449E0907446F0907443E0907448F09056
:10707000744A7EEBA07E70017CBA9CB7F090744697
:10708000E0907453F002722A907453E00A1B9074DB
:107090003D693E00020BEA202D317E1BB090744BFF
:1070A000F0907453E00A1B90743D693E00020BEAB5
:1070B000202D310B357E1BB090744CF090744F7EB8
:1070C000EBA090744BE0BCBA400302722090744F66
:1070D0007EEBA090744CE0BCBA4003027220907426
:1070E000507EEBA090744BE0BCBA50569074467E34
:1070F000EBA0907453E0BCBA784890664C7EEBA04D
:10710000907446E0BCBA783A740190744EF0E49002
:10711000744AF0907442E00A0B7E1464E02D107EF5
:10712000040001907442E00A2B907454E00A3B9DE5
:107130003274BB9AFE3921907454E09065D2F0020B
:1071400072439074507EEBA090744BE0BCBA502A0E
:1071500090744AE0BEB00068030272439074537E9C
:10716000EBA0907454E00A2B7E3464DF2D327A71E8
:10717000827A61837AEBA00272439074517EEBA015
:1071800090744CE0BCBA2803027220907443E00A69
:107190002B7E3400029D23907453E00A3BBD32588D
:1071A0001B90744BE090744C7EEB709074527EEBAD
:1071B000601267770A2B6D33BD2368649074537E29
:1071C000EBA0907454E00A2B7E3464DF2D327A7188
:1071D000827A61837AEBA0907453E00A3B7E2400AC
:1071E000109D32907449E00A2B907453E00A1B12F0
:1071F00063EF7CB7907446F0907453E00A2B7E34B2
:1072000000102D32907453E00A2B907443E00A1B57
:107210001263EF7CB7907448F0E490744AF08023D6
:107220007EA002907453E02CBAF0907448E00A2BD0
:107230007E3400029D23907453E00A3BBD32180354
:1072400002708890744AE0BEB000680302705690E5
:107250007442E00A3B7E2400022D23907454E00A1D
:107260003BBD3248349074550BEA1090743D693E32
:1072700000020BEA209D31793E00021BEA207EA02D
:1072800002907454E09CBAF09074427EEBA090742B
:1072900054E0BCBA4003026E0F9AFD72D67E3400F1
:1072A00078CA397E3465597E2400017E146AB57E21
:1072B0000400019AFDFFD21BFD7E340078CA397E9E
:1072C0003464DF7E2400017E146A3B7E0400019A50
:1072D000FDFFD21BFDAA9065D0E0907DF2F07475A1
:1072E000907DF1F002736C907DF1E00A2B7E3465A5
:1072F000592D327A71827A6183E0907DF3F0907D2E
:10730000F3E00A2B907DF2E00A3B2D32907DF41BD6
:10731000EA30907DF27EEBA0907DF3E0BCBA400FA6
:10732000907DF40BEA207E3400012D321BEA309070
:107330007DF40BEA501E547CAB907DF1E00A2B7E6D
:1073400034655A2D327A71827A61837AEBA0907D0E
:10735000F3E0907DF2F0907DF17EEBA0740ABCAB7F
:1073600040197EA002907DF1E09CBAF0907DF17E04
:10737000EBA07408BCAB40030272E7906556E09046
:107380007DF2F07475907DF1F0027411907DF1E062
:107390000A2B7E3464DF2D327A71827A6183E09029
:1073A0007DF3F0907DF3E00A2B907DF2E00A3B2D17
:1073B00032907DF41BEA30907DF27EEBA0907DF35D
:1073C000E0BCBA400F907DF40BEA207E3400012D22
:1073D000321BEA30907DF40BEA501E547CAB907D5A
:1073E000F1E00A2B7E3464E02D327A71827A618377
:1073F0007AEBA0907DF3E0907DF2F0907DF17EEB52
:10740000A0740ABCAB40197EA002907DF1E09CBA4A
:10741000F0907DF17EEBA07408BCAB400302738C4E
:10742000AAE4907F6BF08050907F6BE00A2B7E3453
:107430006A3B2D327A71827A6183E00A4B907F6BCE
:10744000E00A3B7E546AB52D537AB1827AA183E07B
:107450000A5B2D541E547CAB907F6BE00A2B7E346C
:1074600065D32D327A71827A61837AEBA0907F6B3B
:107470007EEBA074012CBAF0907F6B7EEBA0747849
:10748000BCAB40A4AA907D457AEB70907D44F07E21
:107490003400E87E240001907D46793E00021BEA1C
:1074A00020E490664FF0907D46691E00020BEA00D2
:1074B0009AFD6815907D46691E00020BEA009AFD50
:1074C00069FD907D46691E00020BEA009AFD6D1071
:1074D000E49064DEF0907D45E09AFCCAE59AFD7484
:1074E0002190664DE0907654F0907D44E0BEB0006F
:1074F000680C906B2D7EEBA07402BCAB40069AFE2C
:10750000027880049AFE0285AA907BBB1BEA207950
:107510003E00029F11907BBF793E00021BEA207E55
:10752000140064907BBB693E00020BEA209AFDDFE9
:107530006F793E00021BEA2080517E1442407E0497
:10754000000F907DFB693E00020BEA209AFDDF7A76
:107550007E14000A9AFDDF6F9AFE3588907BBF6922
:107560001E00020BEA007E1800012F10793E000277
:107570001BEA20907BBF691E00020BEA00907BBBD8
:10758000693E00020BEA20BF10280D7E3400259AC8
:10759000FD2424BEB00068A2907BBF691E00020BD0
:1075A000EA00907BBB693E00020BEA20BF10380462
:1075B00074018001E4229079121BEA2090790C1B5F
:1075C000EA309079081BEA00791E0002C3C2EC90F1
:1075D0007908693E00020BEA204D23682490790C5B
:1075E0000BEA306D22907A2C793E00021BEA207E55
:1075F000340001907908691E00020BEA009AFC79B8
:10760000DF90790E693E00020BEA204D236824903A
:1076100079120BEA306D22907A2C793E00021BEA37
:10762000207E34000190790E691E00020BEA009A58
:10763000FC79DFD3D2EC22907D121BEA30907D0ED4
:107640001BEA00791E0002C3C2EC907D0E693E0069
:10765000020BEA209077C2793E00021BEA207E18D6
:1076600000049077C6793E00021BEA207E340001B8
:10767000907D0E691E00020BEA009AFC7E16907D3A
:10768000120BEA206D33BD23683C907D0E693E00ED
:10769000020BEA200B369077C2793E00021BEA20EB
:1076A000907D120BEA306D229077C6793E00021B66
:1076B000EA207E340001907D0E691E00020BEA0074
:1076C0000B169AFC7E16907D0E693E00020BEA2096
:1076D0000B350B1A107E0400FF5D017C016C1190CC
:1076E0007D0E693E00020BEA200B350B1A107D312E
:1076F0000A367E1400FF5D134D10907D0E693E002A
:10770000020BEA200B351B1A10D3D2EC22907A8E92
:107710001BEA20793E0002907A8A1BEA00791E005B
:1077200002C3C2EC7402907A8E693E00020BEA201A
:107730007A1BB0907A920BEA107E0400FF5D017C08
:10774000016C11907A920BEA107D310A367E14009A
:10775000FF5D134D10907A8E693E00020BEA200BFC
:10776000351B1A10907A8E693E00020BEA20907742
:10777000C2793E00021BEA207E1800049077C67989
:107780003E00021BEA207E340001907A8E691E00C2
:10779000020BEA009AFC7E16907A920BEA207E3465
:1077A0000020BD325066907A8E693E00020BEA20BE
:1077B0000B369077C2793E00021BEA207E1800202B
:1077C0009077C6793E00021BEA207E340001907A51
:1077D0008A691E00020BEA009AFC7E16907A920BD0
:1077E000EA307E2400209D326D22907A2C793E0072
:1077F000021BEA207E340001907A8A691E00020B87
:10780000EA002E1400209AFC79DF805C907A920BBB
:10781000EA30CA39907A8A693E00020BEA20907AEF
:107820008E691E00020BEA000B169AFDFFD21BFDAB
:10783000907A8E693E00020BEA200B369077C2796F
:107840003E00021BEA207E1800209077C6793E0099
:10785000021BEA207E340001907A8E691E00020B22
:10786000EA000B169AFC7E16907A8E693E00020B97
:10787000EA200B350B1A107E0400FF5D017C016CC1
:1078800011907A8E693E00020BEA200B350B1A101C
:107890007D310A367E1400FF5D134D10907A8E699B
:1078A0003E00020BEA200B351B1A10D3D2EC2290BB
:1078B00077101BEA2090770C1BEA00791E000290DB
:1078C000770A1BEA307401907716F090770A0BEA7A
:1078D00050907717F09077100BEA309077191BEAE9
:1078E00030907712693E00020BEA20127509BEB093
:1078F00000680302798090770C693E00020BEA2051
:1079000090790E793E00021BEA207E1477177E04E0
:1079100000017E3400049077100BEA201275B690B7
:107920007712693E00020BEA20127509BEB000789A
:107930004F7402907717F06D339077191BEA307E01
:107940001477177E0400019077190BEA301276370E
:107950007E1442407E04000F907DFB693E00020BC6
:10796000EA209AFDDF7A7E1400149AFDDF6F9AFEFA
:107970003588907717E0BEB0807805E4907716F0F0
:10798000907716E0229079E91BEA00791E000290B8
:1079900079E71BEA3074019079F1F09079ED693E56
:1079A00000020BEA20127509BEB000787A9079E7E0
:1079B0000BEA109079E9693E00020BEA207A1B304D
:1079C0009F1190790E793E00021BEA209079E969B7
:1079D0001E00020BEA007E3400206D221275B69064
:1079E00079ED693E00020BEA20127509BEB00078FD
:1079F0003674029079E9693E00020BEA207A1BB0E6
:107A00006D119079E9693E00020BEA200B351B1AD3
:107A1000109079E9691E00020BEA007E3400201202
:107A20007637E49079F1F09079F1E0227E344B964C
:107A30007E2400FE7E1472E67E04000174249AFD0A
:107A4000E0017E1803E89079ED793E00021BEA2000
:107A50007E3400207E1472E67E0400011279859047
:107A600072E5F09072E5E0BEB00078279072E6E033
:107A7000BEB0A0781E9072E80BEA30CA397E34722C
:107A8000EA7E2400017E145D217E0400019AFDFF40
:107A9000D21BFD9072E5E0227E1803E89079ED7923
:107AA0003E00021BEA207E3400217E14730B7E040C
:107AB000000112798590730AF090730AE0BEB0005D
:107AC000782790730BE0BEB0A1781E90730D0BEA7F
:107AD00030CA397E34730F7E2400017E145D447EEB
:107AE0000400019AFDFFD21BFD90730AE0227E186C
:107AF00003E89079ED793E00021BEA207E340022F3
:107B00007E1473307E04000112798590732FF090FB
:107B1000732FE0BEB0007827907330E0BEB0A2783B
:107B20001E9073320BEA30CA397E3473347E2400DF
:107B3000017E145D087E0400019AFDFFD21BFD90BA
:107B4000732FE022907120F090711C1BEA00791EC7
:107B5000000290711A1BEA307401907121F090714B
:107B6000207EEBA0741EBCAB5003027C627E34000E
:107B700002CA397E344B937E2400FE7E145D217E42
:107B80000400019AFE38EA1BFDBEB0006803027CC7
:107B90006290711A0BEA407E5400232D547E4400FB
:107BA000019D54907146F090711A0BEA407E54008A
:107BB000A32D547E4400019D54907147F07E18031C
:107BC000E89079ED793E00021BEA20907146E00AC8
:107BD0003B7E1471227E040001127985907121F0A0
:107BE000907121E0BEB00078799071227EEBA09078
:107BF0007147E0BCBA786B7E340002CA397E344BE0
:107C0000907E2400FE7E1471267E0400019AFE38C8
:107C1000EA1BFD907121F0907121E0BEB000784226
:107C20009071240BEA307E2400039D32CA397E34E1
:107C300071297E24000190711C691E00020BEA006C
:107C40009AFDFFD21BFDE49071240BEA107E040024
:107C5000039D1090711C693E00020BEA202D317AC1
:107C60001BB0907121E0AA907C621BEA30907C5E90
:107C70001BEA00791E0002E4907C64F07E3400026E
:107C8000CA397E344B937E2400FE7E145D217E042F
:107C900000019AFE38EA1BFDBEB00078607E18270E
:107CA00010907712793E00021BEA207E3400129F6A
:107CB000006D221278AF907C64F0907C64E0BEB0DE
:107CC00000783A801E7E1403E8907DFB693E000236
:107CD0000BEA209AFDDF787E14000A9AFDDF6F9A86
:107CE000FE3588907C5E691E00020BEA00907C6283
:107CF0000BEA306D229AFD81744D2368C8907C6434
:107D0000E0AA906ED71BEA20793E0002906ED31B4A
:107D1000EA00791E0002906ED7693E00020BEA204D
:107D20004D236844906ED3693E00020BEA209072A6
:107D300096793E00021BEA20906ED7693E00020B46
:107D4000EA20907292793E00021BEA207E146EDCDB
:107D50007E0400017E344B877E2400FE9AFDD90C00
:107D6000906F1C1BEA30802E906ED3693E00020B90
:107D7000EA20907296793E00021BEA207E146EDCA7
:107D80007E0400017E344B827E2400FE9AFDD90CD5
:107D9000906F1C1BEA307E182710907712793E00F6
:107DA000021BEA207E3400107E146EDC7E0400018B
:107DB000906F1C0BEA201278AF906EDBF0127AEE17
:107DC000906EDBE0AA906FAF1BEA20793E00029034
:107DD0006FAB1BEA00791E0002906FAB693E000298
:107DE0000BEA20907296793E00021BEA20906FAF5A
:107DF000693E00020BEA20907292793E00021BEA73
:107E000020906FB3693E00020BEA2090728E793E9B
:107E100000021BEA20906FB7693E00020BEA209037
:107E2000728A793E00021BEA207E146FBC7E040039
:107E3000017E344B717E2400FE9AFDD90C906FE5D3
:107E40001BEA307E18C350907712793E00021BEA7D
:107E5000207E3400117E146FBC7E040001906FE51B
:107E60000BEA201278AF906FBBF0127AEE906FBBE6
:107E7000E0AA7E1803E89079ED793E00021BEA2023
:107E80007E3400047E1473797E040001127985AA81
:107E90007401907DE2F07401907DE3F07E34A5A53D
:107EA000907DE51BEA307E1803E8127509907DE2AB
:107EB000F0907DE2E0BEB000781D9F1190790E79C0
:107EC0003E00021BEA207E147DE37E0400017E3426
:107ED00000046D221275B6907DE2E0AA74019073E1
:107EE00054F06D22905D580BEA30BD326803027F7A
:107EF000AC7E340001905D581BEA307E1803E81216
:107F00007509BEB0006803027FA47403907355F036
:107F10006D339073571BEA307E1473557E04000155
:107F20007E340020127637907355E0BEB090680919
:107F3000907355E0BEB09178329073570BEA206D84
:107F400033BD2368269073570BEA306D229076A8D4
:107F5000793E00021BEA207E145D2D7E0400017E26
:107F60003473597E2400019AFD88F27E1803E812CA
:107F70007509BEB000782D7402907355F06D339082
:107F800073571BEA307E1473557E040001907357BB
:107F90000BEA30127637907355E0BEB0807805E476
:107FA000907354F06D33905D581BEA30907354E039
:107FB000AA90714C1BEA20793E00029071481BEA9E
:107FC00000791E00026D22905D580BEA30BD3268C8
:107FD000030281407E340001905D581BEA3002802C
:107FE000AF90714C693E00020BEA20BE180FF828D2
:107FF000067E340FF8800A90714C693E00020BEA4D
:10800000209071501BEA307E1803E8127509BEB04B
:108010000068030280C09071500BEA30907A921B86
:10802000EA30907148691E00020BEA007E347152FA
:108030007E24000112770D907152E0BEB090680965
:10804000907152E0BEB09178329071540BEA206D7D
:1080500033BD2368269071540BEA306D229076A8C8
:10806000793E00021BEA207E145D2D7E0400017E15
:108070003471567E2400019AFD88F29071500BEA0B
:10808000106D0090714C693E00020BEA209F107940
:108090003E00021BEA209071500BEA109071486973
:1080A0003E00020BEA202D31793E00021BEA2090AF
:1080B000714C693E00020BEA204D236803027FE108
:1080C000806D7E1803E8127509BEB000786A7402EC
:1080D000907152F06D339071541BEA307E147152DE
:1080E0007E0400017E340020127637907152E0BE8B
:1080F000B0906809907152E0BEB09178329071549E
:108100000BEA206D33BD2368269071540BEA306D65
:10811000229076A8793E00021BEA207E145D2D7E17
:108120000400017E3471567E2400019AFD88F2908D
:108130007152E0BEB090688A6D33905D581BEA3092
:1081400090714C693E00020BEA20AA907E731BEAF4
:1081500000791E0002907E73691E00020BEA009AED
:10816000FCFFEC6D22907E73691E00020BEA009A00
:10817000FD7FB1AA90705B1BEA20793E00029070EF
:10818000571BEA00791E00029F11907063793E0030
:10819000021BEA20907057693E00020BEA204D2333
:1081A000680474018001E47E144B427E0400FE7E6C
:1081B0003402A19AFE2ABA7E145D2D7E0400019A33
:1081C000FD88984D2378030282A17E145D2D7E04E4
:1081D00000019AFD889890705F793E00021BEA20AA
:1081E00090705F691E00020BEA0090705B693E00B0
:1081F000020BEA20BF10500C90705B693E00020B2E
:10820000EA20800A90705F693E00020BEA209070BD
:108210005F793E00021BEA207E34705F7E240001FD
:1082200090751E793E00021BEA206D339075221B6B
:10823000EA307E145D2D7E040001907057693E0087
:10824000020BEA209AFD8EA490705F693E00020B3B
:10825000EA207D13907057693E00020BEA202D3111
:10826000793E00021BEA2090705F691E00020BEA53
:108270000090705B693E00020BEA209F10793E007F
:10828000021BEA2090705F691E00020BEA009070EA
:1082900063693E00020BEA202F10793E00021BEAC0
:1082A000206D22905D580BEA30BD32680302847461
:1082B0007E340001905D581BEA30905D3C693E00C1
:1082C000020BEA20BE180020500302846C7E1803C3
:1082D000E81275090A2B6D33BD23680302846C74A0
:1082E00002907067F06D339070691BEA307E1470F5
:1082F000677E0400017E340020127637907067E0BC
:10830000BEB090680C907067E0BEB09168030284C4
:10831000609070690BEA206D33BD2378030284609E
:1083200090705B693E00020BEA204D2378030284C3
:108330003A9070690BEA106D0090705B693E000224
:108340000BEA20BF10400A9070690BEA306D228062
:108350000A90705B693E00020BEA2090705F793EE4
:1083600000021BEA2090705F693E00020BEA20CAFF
:10837000397E34706B7E240001907057691E0002B4
:108380000BEA009AFDFFD21BFD90705F693E000270
:108390000BEA207D13907057693E00020BEA202DF6
:1083A00031793E00021BEA2090705F691E00020BCB
:1083B000EA0090705B693E00020BEA209F10793E54
:1083C00000021BEA2090705F691E00020BEA009019
:1083D0007063693E00020BEA202F10793E00021BF9
:1083E000EA209070690BEA106D0090705F693E00A2
:1083F000020BEA20BF1050689070690BEA306D22C2
:1084000090705F691E00020BEA009F109076A879B9
:108410003E00021BEA207E145D2D7E040001907058
:108420005F693E00020BEA207D237E34706B2D32A3
:108430007E2400019AFD88F280269070690BEA3054
:108440006D229076A8793E00021BEA207E145D2DF5
:108450007E0400017E34706B7E2400019AFD88F258
:10846000907067E0BEB09078030282BA6D33905D81
:10847000581BEA30907063693E00020BEA20AA9014
:108480007AEE1BEA20793E0002907AEA1BEA007934
:108490001E0002E4907AF2F07E3459087E24000136
:1084A00090777C793E00021BEA207E1804009077CA
:1084B00080793E00021BEA207E145D2D7E040001BF
:1084C0006D339AFD94617E3413939076331BEA30BA
:1084D0007E3413919076351BEA307E341392907679
:1084E000371BEA307E34FFFF9076391BEA307E344A
:1084F00000017E2400037E146C007E0402DC9AFCE2
:108500007EB27E3400747E24000174017E1400105B
:108510009AFD29C77E3400577E24000174017E1421
:1085200000109AFD29C77E3400256D22E47E1400D8
:10853000029AFD29C77E340057E49AFD26217E1455
:1085400003E8907DFB693E00020BEA209AFDDF788C
:108550007E14000A9AFDDF6F9AFE35887E3400573C
:1085600074019AFD26217E1403E8907DFB693E008C
:10857000020BEA209AFDDF787E1400649AFDDF6F1B
:108580009AFE35886D33905D581BEA30127A2C9034
:108590007AF2F0907AF2E0BEB000782D127A9890DC
:1085A0007AEA693E00020BEA204D23681C907AEAC1
:1085B000691E00020BEA00907AEE693E00020BEAA7
:1085C000209AFD7D02907AF2F0907AF2E0AA907BF8
:1085D0004F1BEA20793E0002907B4B1BEA00791E7C
:1085E0000002907B4F695E00020BEA40907B4B6972
:1085F0001E00020BEA002E140007693000020B0A6D
:10860000202F12793000021B0A208033907B4B69A7
:108610003E00020BEA202E340013695100020B1AAF
:1086200040907B4B691E00020BEA002E1400076984
:108630003000020B0A209F12793000021B0A2090A2
:108640007B4B693E00020BEA202E340007691100C3
:10865000020B1A00907B4B695E00020BEA402E541D
:108660000013693200020B2A20BF10289F22907B42
:10867000571BEA20793E0002907B531BEA00791ECB
:108680000002907B57695E00020BEA40907B5369C1
:108690001E00020BEA002E14000B693000020B0AC8
:1086A000202F12793000021B0A208033907B5369FF
:1086B0003E00020BEA202E340013695100020B1A0F
:1086C00040907B53691E00020BEA002E14000B69D8
:1086D0003000020B0A209F12793000021B0A209002
:1086E0007B53693E00020BEA202E34000B69110017
:1086F000020B1A00907B53695E00020BEA402E5475
:108700000013693200020B2A20BF10289F22907CA0
:10871000961BEA00791E00026D33907C9A1BEA30AA
:10872000907C96693E00020BEA204D236804740198
:108730008001E47E144EE67E0400FE7E3400579AEB
:10874000FE2ABA907C96693E00020BEA207E1BB09E
:10875000BEB000680D7E340001907C9A1BEA3002A6
:1087600088917401907C96691E00020BEA007E0BD2
:10877000704C7B7A0B709F00907C96693E00020BD8
:10878000EA202E340007791100021B1A009F009086
:108790007C96693E00020BEA202E34000B79110012
:1087A000021B1A00907C96693E00020BEA202E34D0
:1087B0000013691100020B1A00907C96693E0002BA
:1087C0000BEA202E34000F791100021B1A00907C56
:1087D00096693E00020BEA200B340B1A301B3468FA
:1087E0003C1B34686B0B356803028883907C966968
:1087F0001E00020BEA002E140013693000020B0A5F
:1088000020907C96695E00020BEA402E54000369BA
:108810001200020B2A00E49AFE39218066907C96B1
:10882000691E00020BEA002E140013693000020BCF
:108830000A203E34907C96695E00020BEA402E547A
:108840000003691200020B2A00E49AFE39218033EA
:10885000907C96691E00020BEA002E14001369300A
:1088600000020B0A203E343E34907C96695E000282
:108870000BEA402E540003691200020B2A00E49A0E
:10888000FE3921E4907C96693E00020BEA207A1BB7
:10889000B0907C9A0BEA30AA907DFF1BEA00791E0B
:1088A0000002907DFF693E00020BEA204D23680420
:1088B00074018001E47E144EE67E0400FE7E3400E6
:1088C000789AFE2ABA907DFF693E00020BEA202EBC
:1088D00034000F691100020B1A00907DFF695E00E1
:1088E000020BEA402E540013693200020B2A209F2B
:1088F00010AA9076A41BEA20793E00029076A01B75
:10890000EA00791E00026D339076AC1BEA309F11AD
:108910009076AE793E00021BEA209076A0693E0078
:10892000020BEA204D23680474018001E47E144E9A
:10893000E67E0400FE7E3400B49AFE2ABA9076A445
:10894000693E00020BEA204D23780D7E340003902F
:1089500076AC1BEA30028E9D9076A0693E00020B39
:10896000EA207E1B700A377E2400055D236D33BD2F
:1089700023680D7E3400049076AC1BEA30028E9D95
:1089800074049076A0691E00020BEA007E0B704C06
:108990007B7A0B709076A0693E00020BEA202E34A1
:1089A000000F691100020B1A009076A8693E0002C0
:1089B0000BEA20BF102803028E7F9076A0693E004C
:1089C000020BEA202E340007691100020B1A0090F6
:1089D00076A0695E00020BEA402E54001369320053
:1089E000020B2A209F109076AE793E00021BEA20EF
:1089F0009076AE691E00020BEA009076A8693E00F0
:108A0000020BEA20BF103803028D069076A0693E63
:108A100000020BEA200B340B1A301B347803028B54
:108A20001A1B347803028C0B0B356803028E5590A9
:108A300076AE693E00020BEA20CA399076A0691E24
:108A400000020BEA002E140007693000020B0A2016
:108A50009076A0695E00020BEA402E540003691272
:108A600000020B2A002D139076A4693E00020BEA47
:108A7000209AFDFFD21BFD9076A0691E00020BEA32
:108A8000009076AE693E00020BEA201285CE907609
:108A9000AE693E00020BEA207D239076A8691E0095
:108AA000020BEA007D319D32CA399076A0691E0022
:108AB000020BEA002E140007693000020B0A209016
:108AC00076A0695E00020BEA402E54000369120092
:108AD000020B2A002D139076AE693E00020BEA20AD
:108AE0007D539076A4693E00020BEA202D359AFD55
:108AF000FFD21BFD9076A0691E00020BEA00907663
:108B0000AE695E00020BEA409076A8693E00020B57
:108B1000EA209F121285CE028E559076AE693E00F5
:108B2000020BEA203E34CA399076A0691E00020B7F
:108B3000EA002E140007693000020B0A203E349030
:108B400076A0695E00020BEA402E54000369120011
:108B5000020B2A002D139076A4693E00020BEA2036
:108B60009AFDFFD21BFD9076A0691E00020BEA0061
:108B70009076AE693E00020BEA201285CE9076AE6A
:108B8000691E00020BEA009076A8693E00020BEA1B
:108B9000209F103E34CA399076A0691E00020BEA6D
:108BA000002E140007693000020B0A203E34907634
:108BB000A0695E00020BEA402E5400036912000215
:108BC0000B2A002D139076AE693E00020BEA207D41
:108BD000533E549076A4693E00020BEA202D359A4C
:108BE000FDFFD21BFD9076A0691E00020BEA0090EB
:108BF00076AE695E00020BEA409076A8693E0002FC
:108C00000BEA209F121285CE028E559076AE693EF9
:108C100000020BEA203E343E34CA399076A0691E29
:108C200000020BEA002E140007693000020B0A2034
:108C30003E343E349076A0695E00020BEA402E542A
:108C40000003691200020B2A002D139076A4693EDE
:108C500000020BEA209AFDFFD21BFD9076A0691E50
:108C600000020BEA009076AE693E00020BEA201289
:108C700085CE9076AE691E00020BEA009076A86958
:108C80003E00020BEA209F103E343E34CA399076F3
:108C9000A0691E00020BEA002E14000769300002D2
:108CA0000B0A203E343E349076A0695E00020BEA47
:108CB000402E540003691200020B2A002D139076F7
:108CC000AE693E00020BEA207D533E543E5490763E
:108CD000A4693E00020BEA202D359AFDFFD21BFD50
:108CE0009076A0691E00020BEA009076AE695E00E5
:108CF000020BEA409076A8693E00020BEA209F1220
:108D00001285CE028E559076A0693E00020BEA20B5
:108D10000B340B1A301B3468701B347803028DEE51
:108D20000B356803028E559076A8693E00020BEA67
:108D300020CA399076A0691E00020BEA002E1400AA
:108D400007693000020B0A209076A0695E00020BD2
:108D5000EA402E540003691200020B2A002D1390E2
:108D600076A4693E00020BEA209AFDFFD21BFD901B
:108D700076A0691E00020BEA009076A8693E000208
:108D80000BEA201285CE028E559076A8693E00022D
:108D90000BEA203E34CA399076A0691E00020BEA25
:108DA000002E140007693000020B0A203E34907632
:108DB000A0695E00020BEA402E5400036912000213
:108DC0000B2A002D139076A4693E00020BEA209A2C
:108DD000FDFFD21BFD9076A0691E00020BEA0090F9
:108DE00076A8693E00020BEA201285CE8067907655
:108DF000A8693E00020BEA203E343E34CA39907620
:108E0000A0691E00020BEA002E1400076930000260
:108E10000B0A203E343E349076A0695E00020BEAD5
:108E2000402E540003691200020B2A002D13907685
:108E3000A4693E00020BEA209AFDFFD21BFD90764A
:108E4000A0691E00020BEA009076A8693E00020BA2
:108E5000EA201285CE9076A8695E00020BEA409067
:108E600076A0691E00020BEA002E14000F69300084
:108E7000020B0A209F12793000021B0A20800A7E12
:108E80003400059076AC1BEA3074FB9076A0691E26
:108E900000020BEA007E0B705C7B7A0B709076AC64
:108EA0000BEA30AA90751A1BEA20793E00029075F1
:108EB000161BEA00791E00026D339075241BEA3000
:108EC0009F11907526793E00021BEA209F11907534
:108ED0002A793E00021BEA20907516693E00020BBB
:108EE000EA204D23680474018001E47E144EE67E7E
:108EF0000400FE7E3401679AFE2ABA90751E693E10
:108F000000020BEA204D23680474018001E47E1402
:108F10004EE67E0400FE7E3401689AFE2ABA907501
:108F20001A693E00020BEA204D23780D7E340003BF
:108F30009075241BEA300293B8907516693E0002C2
:108F40000BEA207E1B700A377E2400035D236D33FD
:108F5000BD23682890752A691E00020BEA009075EF
:108F60001E693E00020BEA20791100021B1A007EE6
:108F70003400069075241BEA3002945A90751669E5
:108F80001E00020BEA009AFD889890752A793E002F
:108F9000021BEA2090751E693E00020BEA2069114F
:108FA00000020B1A0090752A693E00020BEA20BFEE
:108FB00001284A90752A691E00020BEA0090751E6E
:108FC000693E00020BEA20791100021B1A007E3470
:108FD00000079075241BEA3090752A693E00020B49
:108FE000EA204D23781774F7907516691E00020B5E
:108FF000EA007E0B705C7B7A0B7002945A740890C6
:109000007516691E00020BEA007E0B704C7B7A0B12
:1090100070907516693E00020BEA202E34000B6931
:109020001100020B1A00907516695E00020BEA40EF
:109030002E540013693200020B2A209F10907526CF
:10904000793E00021BEA2090751E693E00020BEA81
:1090500020691100020B1A00907526693E00020B70
:10906000EA20BF012803029192907516693E000222
:109070000BEA200B340B1A301B3468621B34780364
:109080000291360B3568030293A490751E691E0089
:10909000020BEA00693000020B0A20CA39907516EB
:1090A000691E00020BEA002E14000B693000020B4F
:1090B0000A207D13907516695E00020BEA402E545B
:1090C0000003693200020B2A202D3190751A691EA7
:1090D00000020BEA009AFDFFD21BFD0293A49075DB
:1090E0001E691E00020BEA00693000020B0A203ED6
:1090F00034CA39907516691E00020BEA002E14005E
:109100000B693000020B0A207D133E14907516691E
:109110005E00020BEA402E540003693200020B2A63
:10912000202D3190751A691E00020BEA009AFDFF8E
:10913000D21BFD0293A490751E691E00020BEA006B
:10914000693000020B0A203E343E34CA399075164D
:10915000691E00020BEA002E14000B693000020B9E
:109160000A207D133E143E14907516695E00020BB2
:10917000EA402E540003693200020B2A202D319060
:10918000751A691E00020BEA009AFDFFD21BFD0250
:1091900093A4907516693E00020BEA200B340B1A5B
:1091A000301B3478030292551B3478030292FA0B79
:1091B0003568030293A4907526693E00020BEA20ED
:1091C000CA39907516691E00020BEA002E14000BB6
:1091D000693000020B0A207D13907516695E00024B
:1091E0000BEA402E540003693200020B2A202D3175
:1091F00090751A691E00020BEA009AFDFFD21BFD52
:1092000090751E691E00020BEA00693000020B0A0D
:1092100020907526691E00020BEA007D219D32CA4E
:1092200039907526693E00020BEA2090751A691E76
:1092300000020BEA002D13907516695E00020BEA1E
:10924000402E540003693200020B2A209AFDFFD2FF
:109250001BFD0293A4907526693E00020BEA203E96
:1092600034CA39907516691E00020BEA002E1400EC
:109270000B693000020B0A207D133E1490751669AD
:109280005E00020BEA402E540003693200020B2AF2
:10929000202D3190751A691E00020BEA009AFDFF1D
:1092A000D21BFD90751E691E00020BEA006930009A
:1092B000020B0A20907526691E00020BEA009F101F
:1092C0003E34CA39907526693E00020BEA203E34CE
:1092D00090751A691E00020BEA002D13907516692D
:1092E0005E00020BEA402E540003693200020B2A92
:1092F000209AFDFFD21BFD0293A4907526693E00C3
:10930000020BEA203E343E34CA39907516691E00BD
:10931000020BEA002E14000B693000020B0A207DBC
:10932000133E143E14907516695E00020BEA402E3F
:10933000540003693200020B2A202D3190751A69FE
:109340001E00020BEA009AFDFFD21BFD90751E69FC
:109350001E00020BEA00693000020B0A20907526FD
:10936000691E00020BEA009F103E343E34CA399059
:109370007526693E00020BEA203E343E3490751A91
:10938000691E00020BEA002D13907516695E00023B
:109390000BEA402E540003693200020B2A209AFD8A
:1093A000FFD21BFD74F7907516691E00020BEA00D0
:1093B0007E0B705C7B7A0B706D229075220BEA300D
:1093C000BD32680302945A907516693E00020BEA9A
:1093D000207E1BB0BEB00B780C7E3400029075244A
:1093E0001BEA3080757402907516691E00020BEA44
:1093F000007E0B704C7B7A0B70907516691E000214
:109400000BEA0090751E695E00020BEA40693200AB
:10941000020B2A2012866E90751E693E00020BEA2E
:1094200020695100020B1A40907516691E00020B4C
:10943000EA002E14000F693000020B0A202F127967
:109440003000021B0A2074FD907516691E00020B85
:10945000EA007E0B705C7B7A0B709075240BEA300F
:10946000AA90777A1BEA309077761BEA00791E0083
:1094700002907776693E00020BEA204D236804745F
:10948000018001E47E144EE67E0400FE7E34022557
:109490009AFE2ABA90777C691E00020BEA00907748
:1094A00076693E00020BEA202E3400037911000297
:1094B0001B1A00E4907776693E00020BEA207A1BC3
:1094C000B090777A0BEA10907776693E00020BEA4B
:1094D000200B341B1A109F00907776693E00020B18
:1094E000EA202E340007791100021B1A009F009019
:1094F0007776693E00020BEA202E34000B791100CA
:10950000021B1A00907780691E00020BEA00907718
:1095100076693E00020BEA202E34000F791100021A
:109520001B1A00907780691E00020BEA0090777684
:10953000693E00020BEA202E340013791100021B51
:109540001A006D33AA90799B7AEB5090799A7AEB56
:10955000609079997AEB70907998F0907998E00A18
:109560002B90799AE00A3B9D3290799C1BEA3090CF
:109570007999E00A2B90799BE00A3B9D3290799E85
:109580001BEA3090799E0BEA207E34FFFCBD234815
:109590000E90799E0BEA207E340004BD230803E47C
:1095A0008079907998E00A2B907999E00A3B9D3276
:1095B0009079A01BEA3090799AE00A2B90799BE091
:1095C0000A3B9D329079A21BEA3090799C0BEA20ED
:1095D0007E340009BD23481A9079A20BEA309079B5
:1095E000A00BEA209D237E340009BD2348047401AA
:1095F000802990799C0BEA207E34FFFABD23181A4B
:109600009079A00BEA309079A20BEA209D237E345A
:109610000006BD23480474FF8001E4229076937A0B
:10962000EB209076927AEB309076917AEB409076C0
:10963000907AEB5090768F7AEB6090768E7AEB7022
:1096400090768DF090768D7EEBA07E70027CBA9C39
:10965000B790769CF0907692E0BEB000684090762D
:109660009CE00A2B7E3464DF2D327A71827A61832A
:10967000E00A4B7E5400BB9D5490769DF090769C02
:10968000E00A2B7E3465592D327A71827A6183E04B
:109690000A4B7E5400BB9D5490769EF0802E9076AF
:1096A0009CE00A2B7E3465592D327A71827A61836F
:1096B000E090769DF090769CE00A2B7E3464DF2D5E
:1096C000327A71827A6183E090769EF090664B7E6A
:1096D000EBA090769CE0BCBA28409065D27EEBA0CF
:1096E00090769CE0BCBA283290769DE0BEB00068CF
:1096F0002990769EE0BEB0BB682090769E7EEBA05F
:1097000090769DE0BCBA501290769DE090769E7E59
:10971000EBA09CAB7414BCAB5004E402982490768C
:109720008EE090768F7EEB7090769D7EEB609076EB
:109730009E7EEB5012954590769FF09076937EEB4F
:10974000A090769FE0BCBA78556CAA907693E0BC66
:10975000BA082490769CE0907694693E00020BEA69
:10976000207A1BB090769DE0907698693E00020BBF
:10977000EA207A1BB0802290768DE0907694693E44
:1097800000020BEA207A1BB090768EE09076986902
:109790003E00020BEA207A1BB074010298249076F6
:1097A0009DE090769E7EEB709076907EEB6090765A
:1097B000917EEB5012954590769FF09076937EEBDC
:1097C000A090769FE0BCBA785A6CAA907693E0BCE1
:1097D000BA082A90768D7EEB3074049C3B90769488
:1097E000693E00020BEA207A1B30907690E090767A
:1097F00098693E00020BEA207A1BB0802290769C8A
:10980000E0907694693E00020BEA207A1BB09076D5
:109810009DE0907698693E00020BEA207A1BB074B6
:10982000018001E4229077507AEB2090774F7AEB19
:109830003090774E7AEB4090774D7AEB5090774CA2
:109840007AEB6090774B7AEB7090774AF090774B99
:109850007EEBA090774AE0BCBA3804E4029A7E908E
:10986000774BE090774A7EEBA09CAB7406BCAB4094
:109870001290774BE090774A7EEBA09CAB7428BCAB
:10988000AB2804E4029A7E90774CE00A2B90774D47
:10989000E00A3B9D329077531BEA309077530BEAF6
:1098A000207E34FFF6BD23080E9077530BEA207E0E
:1098B00034000ABD234804E4029A7E90774EE0907B
:1098C0007757F090774FE0907758F09077577EEB8E
:1098D000A090774DE0BCBA500890774DE090775754
:1098E000F09077587EEBA090774DE0BCBA280890B6
:1098F000774DE0907758F0907757E09077587EEB6F
:10990000A09CAB740ABCAB4004E4029A7E90774AF8
:109910007EEBA074035CBABEB003781490774AE083
:109920000A3B7E2400029D329077511BEA30801260
:1099300090774AE00A3B7E2400049D329077511BC9
:10994000EA30029A69907750E0BEB00068449077A0
:10995000510BEA300A277E3464DF2D327A71827A25
:109960006183E00A4B7E5400BB9D54907755F09084
:1099700077510BEA300A277E3465592D327A71828D
:109980007A6183E00A4B7E5400BB9D54907756F079
:1099900080329077510BEA300A277E3465592D3298
:1099A0007A71827A6183E0907755F09077510BEA73
:1099B000300A277E3464DF2D327A71827A6183E047
:1099C000907756F09077510BEA507CAB90664BE065
:1099D000BCAB28429077510BEA507CAB9065D2E04B
:1099E000BCAB2832907755E0BEB00068299077561E
:1099F000E0BEB0BB68209077567EEBA0907755E034
:109A0000BCBA5012907755E09077567EEBA09CAB95
:109A10007414BCAB5003E480659077577EEBA09044
:109A20007755E0BCBA5008907755E0907757F090A2
:109A300077587EEBA0907755E0BCBA280890775510
:109A4000E0907758F0907757E09077587EEBA09CA5
:109A5000AB740ABCAB4003E480247E2400049077FE
:109A6000510BEA309D321BEA3090774BE00A2B9085
:109A700077510BEA30BD320803029945740122CABE
:109A8000F89074B31BEA20793E00029074AF1BEA91
:109A900000791E00029074AEF0E49074C7F0E49078
:109AA00074C3F0E49074C4F0E49074C5F0E490746E
:109AB000C6F0746D9074BBF0746B9074BCF09074CD
:109AC000AEE0BEB00068409074BBE00A2B7E346408
:109AD000DF2D327A71827A6183E00A4B7E5400BBBB
:109AE0009D549074BDF09074BBE00A2B7E34655990
:109AF0002D327A71827A6183E00A4B7E5400BB9DDD
:109B0000549074BEF0802E9074BBE00A2B7E3465B6
:109B1000592D327A71827A6183E09074BDF090742D
:109B2000BBE00A2B7E3464DF2D327A71827A618346
:109B3000E09074BEF09074AEE0BEB00068409074E7
:109B4000BCE00A2B7E3464DF2D327A71827A618325
:109B5000E00A4B7E5400BB9D549074BFF09074BCDF
:109B6000E00A2B7E3465592D327A71827A6183E066
:109B70000A4B7E5400BB9D549074C0F0802E9074AC
:109B8000BCE00A2B7E3465592D327A71827A61836A
:109B9000E09074BFF09074BCE00A2B7E3464DF2D3B
:109BA000327A71827A6183E09074C0F090664B7E65
:109BB000EBA09074BBE0BCBA3803029CA29065D2C3
:109BC0007EEBA09074BBE0BCBA3803029CA29074F8
:109BD000BDE0BEB0007803029CA29074BEE0BEB0AF
:109BE000BB7803029CA29074BE7EEBA09074BDE093
:109BF000BCBA4003029CA29074BDE09074BE7EEBA0
:109C0000A09CAB7414BCAB5003029CA290664B7E2C
:109C1000EBA09074BCE0BCBA3803029CA29065D261
:109C20007EEBA09074BCE0BCBA28779074BFE0BE15
:109C3000B000686E9074C0E0BEB0BB68659074C040
:109C40007EEBA09074BFE0BCBA50579074BFE09018
:109C500074C07EEBA09CAB7414BCAB40456CFF9011
:109C600074BDE09074BE7EEB709074BF7EEB60902C
:109C700074C07EEB50129545BCBF08269074BCE0C2
:109C80009074C3F09074BFE09074C4F09074C4E01A
:109C90009074C5F09074C4E09074C6F07401907430
:109CA000C7F09074BCE09074BBF09074BFE0907407
:109CB000BDF09074C0E09074BEF09074BB7EEBA0D9
:109CC0007E70047CBA9CB79074BCF09074AEE0BE19
:109CD000B00068409074BCE00A2B7E3464DF2D3203
:109CE0007A71827A6183E00A4B7E5400BB9D549066
:109CF00074BFF09074BCE00A2B7E3465592D327A23
:109D000071827A6183E00A4B7E5400BB9D5490744B
:109D1000C0F0802E9074BCE00A2B7E3465592D3241
:109D20007A71827A6183E09074BFF09074BCE00A2B
:109D30002B7E3464DF2D327A71827A6183E09074F5
:109D4000C0F090664B7EEBA09074BBE0BCBA3803C9
:109D5000029DE49065D27EEBA09074BBE0BCBA3863
:109D600003029DE49074BDE0BEB00068779074BEBD
:109D7000E0BEB0BB686E9074BE7EEBA09074BDE098
:109D8000BCBA50609074BDE09074BE7EEBA09CABFA
:109D90007414BCAB404E90664B7EEBA09074BCE05C
:109DA000BCBA28409065D27EEBA09074BCE0BCBAEF
:109DB00028329074BFE0BEB00068299074C0E0BE45
:109DC000B0BB68209074C07EEBA09074BFE0BCBABA
:109DD00050129074BFE09074C07EEBA09CAB7414E2
:109DE000BCAB5008E49074C7F0029FF29074BDE0E1
:109DF0000A2B9074BFE00A3B9D329074C81BEA3076
:109E00009074C7E0BEB0006803029EC99074C80B8E
:109E1000EA207E340008BD235803029FF27E34748A
:109E2000C17E240001907694793E00021BEA207ED8
:109E30003474C27E240001907698793E00021BEAB9
:109E4000209074BBE09074BD7EEB709074BE7EEB8E
:109E5000609074BF7EEB509074C07EEB409074AE07
:109E60007EEB307E200112961C0A2B6D33BD2378C9
:109E700003029FF29074C1E09074C3F09074C2E04A
:109E80009074C4F09074C2E09074C5F09074C2E015
:109E90009074C6F09074C57EEBA09074BFE0BCBA1D
:109EA00050089074BFE09074C5F09074C67EEBA02B
:109EB0009074BFE0BCBA28089074BFE09074C6F0FC
:109EC00074019074C7F0029FF29074C80BEA207E70
:109ED00034FFFCBD230803029F9D7E3474C17E24A1
:109EE0000001907694793E00021BEA207E3474C211
:109EF0007E240001907698793E00021BEA2090743F
:109F0000BBE09074BD7EEB709074BE7EEB6090748D
:109F1000BF7EEB509074C07EEB409074AE7EEB3011
:109F20007E20FF12961C0A2B6D33BD23686F907440
:109F3000C3E09074C17EEB709074C47EEB6090744B
:109F4000C27EEB509074C57EEB409074C67EEB30C1
:109F50009074AE7EEB20129825BEB00068389074E5
:109F6000C1E09074AF693E00020BEA207A1BB0900A
:109F700074C3E09074B3693E00020BEA207A1BB010
:109F80009074C4E09074B7693E00020BEA207A1B1B
:109F9000B0740102A02BE49074C7F080559074C592
:109FA0007EEBA09074BFE0BCBA50089074BFE09004
:109FB00074C5F09074C67EEBA09074BFE0BCBA2864
:109FC000089074BFE09074C6F09074C5E09074C6B9
:109FD0007EEBA09CAB740ABCAB50129074BCE090BA
:109FE00074C37EEBA09CAB7428BCAB2805E49074D2
:109FF000C7F09074BC7EEBA07413BCAB282C90749B
:10A00000BCE09074BBF09074BFE09074BDF09074AD
:10A01000C0E09074BEF09074BC7EEBA07E70047CB7
:10A02000BA9CB79074BCF0029CCBE4DAF822907F23
:10A03000541BEA306D22907F540BEA30BD32580E2B
:10A04000907F540BEA306E34FFFF0B348006907F14
:10A05000540BEA3022A2AF9212C3C2AFE4907B3419
:10A06000F0E4907B35F06D33907B321BEA30E49066
:10A070007B38F0A21292AF226D339AFE134A6D33F1
:10A080009AFE12E412A055E4907B36F0E4907B3AFD
:10A09000F0E4907B39F0E4907B37F0AA907C8FF06D
:10A0A000907B34E0907C90F0907B35E0907C91F058
:10A0B000907C91E0BEB00068226D339AFE12E412EB
:10A0C000A055E4907B36F0E4907B3AF0E4907B3945
:10A0D000F0E4907B37F0740202A1EE907C90E0BE39
:10A0E000B0006805740102A1EE907C8FE0BEB00064
:10A0F0007804E402A1EEE4907B36F0E4907B3AF041
:10A10000E4907B39F0E4907B37F0906A38E0BEB0A1
:10A11000006810906A3AE0BEB0007807E4907C9541
:10A12000F0801E906A3AE0BEB0006811906A38E094
:10A13000BEB00078087401907C95F08004E402A120
:10A14000EE7E347C947E2400019074B7793E000248
:10A150001BEA20907C95E07E147C927E0400017EB8
:10A16000347C937E240001129A7FBEB0007804E410
:10A1700002A1EE907C95E0BEB0006810907C94E067
:10A180000A4B7E5400BB9D54907C94F07401907BEC
:10A1900036F0907C92E0907B3AF0907C93E0907B5C
:10A1A00039F0907C94E0907B37F0907C95E0BEB0E5
:10A1B0000068067E34002880047E34FFD89AFE139F
:10A1C0004A7E3400019AFE12E4A2AF9213C3C2AFDA
:10A1D0006D33907B321BEA30E4907B38F0E4907B67
:10A1E00035F07401907B34F0A21392AF7401AA9001
:10A1F00078611BEA2090785F1BEA30907B35E0BEE7
:10A20000B000680302A2F7907B34E0907863F0908E
:10A210007863E0BEB001680302A2C590785F0BEAE4
:10A220003012A02E9078641BEA309078610BEA30EF
:10A2300012A02E9078661BEA309078660BEA207E9A
:10A240003400015D329078640BEA107E2400015DD9
:10A25000212D231E249078660BEA101E149078643A
:10A260000BEA301E342D312D329078681BEA309085
:10A270007B320BEA3090786A1BEA3090786A0BEAFE
:10A28000307E2411949D239078680BEA30BD3240D3
:10A290001E7E341194907B321BEA307401907B381F
:10A2A000F06D339AFE134A7402907B34F08048902C
:10A2B00078680BEA2090786A0BEA302D32907B3276
:10A2C0001BEA308032907863E0BEB0027829907B40
:10A2D000387EEBA07408BCAB500B907B387EEBA0B3
:10A2E00074012CBAF0907B387EEBA07408BCAB40B4
:10A2F000067401907B35F0AA9075A21BEA20793E86
:10A30000000290759E1BEA00791E0002907B34E0EB
:10A310009075B2F090759E693E00020BEA204D23C5
:10A320006811907B36E090759E693E00020BEA2032
:10A330007A1BB09075A2693E00020BEA204D23689B
:10A340001D9075B2E0BEB00068057E300180026CE1
:10A35000339075A2693E00020BEA207A1B3090759B
:10A36000A6693E00020BEA204D236811907B3AE07B
:10A370009075A6693E00020BEA207A1BB09075AA80
:10A38000693E00020BEA204D236811907B39E09072
:10A3900075AA693E00020BEA207A1BB09075AE697F
:10A3A0003E00020BEA204D236811907B37E0907548
:10A3B000AE693E00020BEA207A1BB0AA907EE71B32
:10A3C000EA30907EE6F07E1400007E040001907E6C
:10A3D000E6E0907EE70BEA300A369AFCA9E17E14AB
:10A3E00000007E04000174F0907EE70BEA309AFCD6
:10A3F000A9E122907C581BEA30907C57F0740190C0
:10A400007C5AF0E4907C5BF0E4907C5CF0740A9001
:10A410007C5DF002A4AD6D11907C5DE01A3B7E2462
:10A4200000059AFDDF2CBD21782C7E1400007E04EF
:10A430000001907C57E0907C580BEA300A369AFC79
:10A44000A9E17E1400007E04000174F0907C580B9A
:10A45000EA309AFCA9E17E1400007E040001907CA1
:10A4600057E09AFCAA78907C5BF07E1400007E0492
:10A47000000174F09AFCAA78907C5CF0907C5BE020
:10A480000A3B7C676C77907C5CE00A2B4D23907CC8
:10A49000580BEA30BD327807E4907C5AF0801A906D
:10A4A0007C5D7EEBA07E70017CBA9CB7F0907C5DF9
:10A4B000E0BEB000680302A416907C5AE022907EB1
:10A4C000E9F07E1400007E040001907EE9E09AFC31
:10A4D000AA78907EEAF07E1400007E04000174F0F9
:10A4E0009AFCAA78907EEBF0907EEAE00A2B7C45FD
:10A4F0006C55907EEBE00A3B4D3222907B931BEA39
:10A5000000791E0002E4907B97F06D33907B981BDE
:10A51000EA307401907B9AF0745C900004F0907BB8
:10A5200093691E00020BEA002E1400056930000238
:10A530000B0A20900005793E00021BEA20907B93D5
:10A54000693E00020BEA200B1A309000001BEA3033
:10A55000907B93693E00020BEA200B350B1A30907A
:10A5600000021BEA30E412A4BE907B981BEA3090F4
:10A570007B980BEA207E341324BD23681C907B98C3
:10A580000BEA207E341311BD23680E907B980BEAF2
:10A59000207E341313BD237807E4907B9AF0801358
:10A5A000907B977EEBA074012CAB7AEBA07414BC6B
:10A5B000AB28B2907B9AE0AA90729A1BEA00791EAF
:10A5C00000026D3390729E1BEA306D339072A01BB7
:10A5D000EA306D339072A21BEA306D339072A41B87
:10A5E000EA306D339072A61BEA306D339072A81B6F
:10A5F000EA306D339072AA1BEA30E49072ACF0E45A
:10A600009072ADF06D339072AE1BEA3090729A6921
:10A610003E00020BEA202E3400060B1A309072B076
:10A620001BEA3090729A693E00020BEA202E340039
:10A630000A0B1A309072B21BEA3090729A693E008F
:10A64000020BEA202E34000E0B1A309072B41BEA73
:10A650003090729A693E00020BEA202E3400120BF1
:10A660001A309072B61BEA3090729A693E00020B63
:10A67000EA202E3400160B1A309072B81BEA309084
:10A68000729A693E00020BEA202E34001A0B1A302F
:10A690009072BA1BEA3090729A693E00020BEA206F
:10A6A0002E34001E0B1A309072BC1BEA3090729A46
:10A6B000693E00020BEA202E3400220B1A30907201
:10A6C000BE1BEA3074FE7E34BEEF12A3BC740C7E57
:10A6D00034000312A3BCE412A4BE9072AE1BEA3095
:10A6E0009072AE0BEA207E341324BD23683590723D
:10A6F000AE0BEA207E341311BD2368279072AE0B97
:10A70000EA207E341313BD2368199072AD7EEBA04E
:10A7100074012CAB7AEBA07414BCAB40B9740190FB
:10A7200072ACF002AF869072B80BEA207E340078EB
:10A73000BD2338229072B80BEA303E343E3490721A
:10A74000A61BEA307E24000290729E0BEA304E7007
:10A75000021BEA30804E9072B80BEA207E3400F083
:10A76000BD2338209072B80BEA303E349072A61B9D
:10A77000EA307E24000190729E0BEA304E70011B7D
:10A78000EA3080209072B80BEA207E3401E0BD23CD
:10A7900038129072B80BEA309072A61BEA309072B1
:10A7A0009E0BEA309072B60BEA207E3400BCBD23CB
:10A7B00038229072B60BEA303E343E349072A41BBD
:10A7C000EA307E24000890729E0BEA304E70081B1F
:10A7D000EA30804E9072B60BEA207E340178BD23B9
:10A7E00038209072B60BEA303E349072A41BEA30E7
:10A7F0007E24000490729E0BEA304E70041BEA30F7
:10A8000080209072B60BEA207E3402F0BD2338120D
:10A810009072B60BEA309072A41BEA3090729E0BD5
:10A82000EA309072A40BEA207E34034E9D329000F1
:10A83000211BEA309072AE0BEA207E341324BD2334
:10A84000680302A9BE74077E34838812A3F37CAB2D
:10A850009072ACE02CBAF09000210BEA309072A418
:10A860000BEA202D239072B80BEA107E3400022DE3
:10A8700031AD327E0800042F017E34FCC07E2401FD
:10A880009B9AFDDFCB9072A01BEA309072A00BEA7E
:10A89000207E3401F4BD23280A7E3401F49072A096
:10A8A0001BEA309072A00BEA209072B40BEA30BD24
:10A8B00032280C9072A00BEA309072B41BEA3090F0
:10A8C00072B40BEA106D007E34FCC07E24019B9AAA
:10A8D000FDDFCB7E0800049F109000210BEA009062
:10A8E00072A40BEA102D106D009AFDDFCB9072B8A8
:10A8F0000BEA209D329000841BEA309000840BEA22
:10A90000207E347E20BD23180E9000840BEA207E2A
:10A91000340002BD2358349000840BEA207E3400BA
:10A9200002BD2358067E340002801A9000840BEA90
:10A93000207E347E20BD2308067E347E2080069053
:10A9400000840BEA309000841BEA309072B40BEA6A
:10A95000106D007E34FCC07E24019B9AFDDFCB7E0F
:10A960000800049F109000840BEA009072B80BEA74
:10A97000102D106D009AFDDFCB9072A40BEA209D84
:10A98000329000211BEA309000210BEA207E340037
:10A990003DBD2358067E34003D801A9000210BEA0D
:10A9A000207E3403FFBD2308067E3403FF8006901B
:10A9B00000210BEA309000211BEA3002AB2290000C
:10A9C000210BEA309072A40BEA202D239072B80B71
:10A9D000EA107E3400042D31AD327E0800042F01D0
:10A9E0007E34FCC07E24019B9AFDDFCB9072A01BBD
:10A9F000EA309072A00BEA207E3401F4BD23280ACD
:10AA00007E3401F49072A01BEA309072A00BEA2011
:10AA10009072B40BEA30BD32280C9072A00BEA3071
:10AA20009072B41BEA309072B40BEA106D007E3461
:10AA3000FCC07E24019B9AFDDFCB7E0800049F10A2
:10AA40009000210BEA009072A40BEA102D106D000B
:10AA50009AFDDFCB9072B80BEA209D329000841BE8
:10AA6000EA309000840BEA207E340BB8BD23180E28
:10AA70009000840BEA207E340004BD2358349000FB
:10AA8000840BEA207E340004BD2358067E34000483
:10AA9000801A9000840BEA207E340BB8BD23080690
:10AAA0007E340BB880069000840BEA309000841B43
:10AAB000EA309072B40BEA106D007E34FCC07E2444
:10AAC000019B9AFDDFCB7E0800049F109000840B51
:10AAD000EA009072B80BEA102D106D009AFDDFCBE2
:10AAE0009072A40BEA209D329000211BEA30900066
:10AAF000210BEA207E34002BBD2358067E34002B28
:10AB0000801A9000210BEA207E3403FFBD23080643
:10AB10007E3403FF80069000210BEA309000211B59
:10AB2000EA309000840BEA309072B80BEA202D23B3
:10AB30007E3400029D239072B20BEA30BD32281A97
:10AB40009000840BEA209072B80BEA302D327E24FC
:10AB500000029D329072B21BEA309072A40BEA2080
:10AB60007E3402F09D321E349072A21BEA30907245
:10AB7000A20BEA306D229D239072BA0BEA30BD32EF
:10AB8000580E9072A20BEA306E34FFFF0B34801E19
:10AB90009072A20BEA209072BA0BEA30BD3208081C
:10ABA0009072A20BEA3080069072BA0BEA30907273
:10ABB000BA1BEA307E2400019072A20BEA302D32DB
:10ABC0001BEA309072BA0BEA306D229D239072A27C
:10ABD0000BEA302D329072A81BEA309072A60BEA75
:10ABE000207E3401E09D321E349072A21BEA309028
:10ABF00072A20BEA306D229D239072BC0BEA30BD2D
:10AC000032580E9072A20BEA306E34FFFF0B348084
:10AC10001E9072A20BEA209072BC0BEA30BD320883
:10AC2000089072A20BEA3080069072BC0BEA30905A
:10AC300072BC1BEA307E2400049072A20BEA302D15
:10AC4000321BEA309072BC0BEA209072A20BEA3001
:10AC50002D329072AA1BEA30741B7E34000112A3BD
:10AC6000F37CAB9072ACE02CBAF074019072A80B3C
:10AC7000EA3012A3F37CAB9072ACE02CBAF0740211
:10AC80009072AA0BEA3012A3F37CAB9072ACE02C6A
:10AC9000BAF074039072A60BEA3012A3F37CAB9067
:10ACA00072ACE02CBAF074049072A40BEA3012A3D8
:10ACB000F37CAB9072ACE02CBAF074059000210BE1
:10ACC000EA3012A3F37CAB9072ACE02CBAF07406BD
:10ACD0009000840BEA3012A3F37CAB9072ACE02CB2
:10ACE000BAF0740A7E34016412A3F37CAB9072ACA8
:10ACF000E02CBAF074087E3401BB12A3F37CAB9055
:10AD000072ACE02CBAF074097E3401D912A3F37C42
:10AD1000AB9072ACE02CBAF06D229072B00BEA30BE
:10AD2000BD327814740B9072B20BEA3012A3F37C2C
:10AD3000AB9072ACE02CBAF0740D90729E0BEA20CE
:10AD40007E3403304D3212A3F37CAB9072ACE02C16
:10AD5000BAF074317E34002712A3F37CAB9072AC4E
:10AD6000E02CBAF074327E34001A12A3F37CAB905C
:10AD700072ACE02CBAF074337E34000512A3F37C7D
:10AD8000AB9072ACE02CBAF074359072BE0BEA3026
:10AD900012A3F37CAB9072ACE02CBAF09072AE0BC5
:10ADA000EA207E341324BD237864747290729E0B63
:10ADB000EA207E340004BD3238067E340001800271
:10ADC0006D333E343E343E343E3412A3F37CAB90BC
:10ADD00072ACE02CBAF0740F7E34010112A3F37C44
:10ADE000AB9072ACE02CBAF074477E34008112A3B1
:10ADF000F37CAB9072ACE02CBAF074487E3400EC7B
:10AE000012A3F37CAB9072ACE02CBAF08036740FD6
:10AE10007E34001112A3F37CAB9072ACE02CBAF03C
:10AE200074477E34008112A3F37CAB9072ACE02CAB
:10AE3000BAF074487E3400E712A3F37CAB9072AC96
:10AE4000E02CBAF074077E34038812A3F37CAB9035
:10AE500072ACE02CBAF0741C7E34030312A3F37CB2
:10AE6000AB9072ACE02CBAF0742C7E34000312A3C9
:10AE7000F37CAB9072ACE02CBAF06D229072B00B08
:10AE8000EA30BD32781374AF6D3312A3F37CAB900C
:10AE900072ACE02CBAF002AF5774A59072B00BEA16
:10AEA0003012A3F37CAB9072ACE02CBAF074A67EA7
:10AEB00034000212A3F37CAB9072ACE02CBAF074B5
:10AEC000A87E34000212A3F37CAB9072ACE02CBAE3
:10AED000F074B0CAB89072B80BEA209072B60BEA60
:10AEE00030AD327E0800049AFDDFCB6D117E040088
:10AEF00001BF1058189072B80BEA209072B60BEA96
:10AF000030AD327E0800049AFDDFCB80047E18FF4E
:10AF1000FFDAB812A3F37CAB9072ACE02CBAF074F9
:10AF2000AE7E34001412A3F37CAB9072ACE02CBA6A
:10AF3000F074AF7E34010112A3F37CAB9072ACE0ED
:10AF40002CBAF074AD9072B20BEA3012A3F37CAB62
:10AF50009072ACE02CBAF09072B00BEA309000A581
:10AF60001BEA309072B20BEA309000631BEA30901B
:10AF700072B80BEA309000421BEA3074FE7E34DE79
:10AF8000AD12A3BC800C9072ACE0BEB0007803029E
:10AF9000A7269072ACE0AA907EEC1BEA3074019078
:10AFA0007EEEF09000420BEA309000840BEA202DF8
:10AFB000237E3400029D23907EEC0BEA30BD3228C4
:10AFC000169000420BEA209000840BEA302D327E6E
:10AFD0002400029D328006907EEC0BEA30900063E4
:10AFE0001BEA3074FE7E34BEEF12A3BC9000A50BAA
:10AFF000EA206D33BD23680474AD8002740B9000A9
:10B00000630BEA3012A3F3907EEEF074FE7E34DE22
:10B01000AD12A3BC907EEEE0AA907E6C1BEA30904D
:10B020007E6BF07401907E6EF074FE7E34BEEF1283
:10B03000A3BC907E6BE0907E6C0BEA3012A3F39081
:10B040007E6EF074FE7E34DEAD12A3BC907E6EE0A8
:10B05000AAE47E34FA727E24007E7A1BB0740190DA
:10B0600000C6F0AAA2B3E433BEB0017820D3D2C1A7
:10B07000D3D2FBC3C2C3C3C2B7D3D2B7C3C2B7D341
:10B08000D2B7D3D2C374019000E7F080219000E7DB
:10B09000E0BEB0006813C3C2C174897E34FA717E09
:10B0A00024007E7A1BB0C3C2FBE49000E7F0AA90B4
:10B0B00079E4F09079E01BEA20793E00029079DC97
:10B0C0001BEA00791E00027E144FBB7E0400FE9A2C
:10B0D000FDD8DF7E14FE507E04007E7E0B707A0B5E
:10B0E00070E47E34FE517E24007E7A1BB074207E94
:10B0F00014FE517E04007E7E0B704C7B7A0B707EBA
:10B1000014FE517E04007E7E0B707A0B707E14FE5E
:10B11000517E04007E7E0B707A0B70E47E34FE5309
:10B120007E24007E7A1BB074907E34FE527E240012
:10B130007E7A1BB09079E4E07E34FE567E24007E59
:10B140007A1BB09079E57EEB303E303E307E208039
:10B150004C239079E67EEB304C327E34FA707E24BC
:10B16000007E7A1B30E47E34FA727E24007E7A1BE5
:10B17000B07E0800019079E0693E00020BEA209F52
:10B18000107D130A127E34FA867E24007E7A1B30EC
:10B190007E1800019079E0691E00020BEA009F0111
:10B1A0007E34FA737E24007E7A1B309079DC693E0F
:10B1B00000020BEA207D130A127E34FA777E240007
:10B1C0007E7A1B309079DC693E00020BEA207D1309
:10B1D0007E34FA787E24007E7A1B30E47E34FA7E58
:10B1E0007E24007E7A1BB0E47E34FA7F7E24007ECB
:10B1F0007A1BB0AA906B2DE0BEB00850707EA00301
:10B20000A490B2057302B21D02B22702B23102B29B
:10B210003B02B24502B24F02B25902B2637E344DD4
:10B220008F7E2400FE804E7E344D897E2400FE8079
:10B23000447E344D837E2400FE803A7E344D7E7EF3
:10B240002400FE80307E344D7B7E2400FE80267EEE
:10B25000344D777E2400FE801C7E344D727E2400A7
:10B26000FE80127E344D6D7E2400FE80087E344DBB
:10B27000697E2400FE22907F007AEB60907EFF7A48
:10B28000EB70907EFEF0907EFEE0BEB000780A7E0D
:10B29000344D657E2400FE802E907F00E0BEB0001D
:10B2A000680A7E344D617E2400FE801B907EFFE0A4
:10B2B000BEB000680A7E344D5D7E2400FE80087EAC
:10B2C000344D597E2400FE22907F037AEB60907FFC
:10B2D000027AEB70907F01F0907F017EEBA074BC4E
:10B2E000BCAB5033907F027EEBA07478BCAB502790
:10B2F000907F037EEB50907F027EEB3074BCAC3BC2
:10B30000907F01E00A0B2D107E3400E82D317A7118
:10B31000827A61837AEB5022907ABE7AEB60907ADF
:10B32000BD7AEB70907ABCF0907ABE7EEBA0742070
:10B33000BCAB480C907ABE7EEBA0747EBCAB08061A
:10B340007420907ABEF0907ABCE00A3B7E2400081C
:10B350002D237E3400BCBD23280302B43B907ABD6C
:10B36000E00A3B7E2400102D237E340078BD232884
:10B370000302B43BE4907ABFF002B42C907ABEE0B2
:10B380001A3B3E343E343E343E34907ABFE00A2BC2
:10B390002D237E34011F2D327E2400FF7E1BB090B2
:10B3A0007AC1F0907ABFE00A3B907ABDE00A2B2D7B
:10B3B000237E3400BCAD32907ABCE00A2B2D237E74
:10B3C0003400E82D327E240001907AC2793E0002DA
:10B3D0001BEA20E4907AC0F0803B907AC1E030E034
:10B3E0000F74FF907AC2693E00020BEA207A1BB00C
:10B3F000907AC2693E00020BEA200B34793E0002CB
:10B400001BEA20907AC1E01EB0F0907AC07EEBA0DB
:10B4100074012CBAF0907AC07EEBA07408BCAB40EB
:10B42000B9907ABF7EEBA074012CBAF0907ABF7EFF
:10B43000EBA07410BCAB500302B37C22907D641B64
:10B44000EA00791E0002907D637AEB70907D62F0D5
:10B45000802D907D62E0907D637EEB70907D6469CD
:10B460001E00020BEA007E0B600B14791E00021B0B
:10B47000EA0012B3187EA008907D62E02CBAF0902A
:10B480007D64693E00020BEA207E1BB0BEB00068FE
:10B4900014907D62E00A3B7E2400082D237E340058
:10B4A000BCBD2328AD907D62E022907661E0BEB005
:10B4B000006857E4907F72F080449076597EEBA04C
:10B4C00074029CAB907F72E02CBA90765A7EEB703F
:10B4D0007E60FF12B2C8907659E090765A7EEB609B
:10B4E0007E70029C67907F727EEB702C767E60FF90
:10B4F00012B2C8907F727EEBA074012CBAF0907FDC
:10B50000727EEBA07404BCAB28B022907653E01B93
:10B51000B168111468180BB1781E7E344D577E2423
:10B5200000FE801C7E344D557E2400FE80127E3449
:10B530004D537E2400FE80087E344D517E2400FE53
:10B54000229F119075A6793E00021BEA209F119060
:10B5500075AA793E00021BEA209F119075AE793ED4
:10B5600000021BEA207E147F057E0400017E347FEA
:10B57000067E2400019AFDA2F874027E70027E14F9
:10B580004D4E7E0400FE12B43C907F04F012B1F4E4
:10B590007F01907F04E07E700212B43C74027E70E2
:10B5A000127E144D4B7E0400FE12B43C907F04F0DA
:10B5B000907C33E0907F057EEB70907F067EEB60A1
:10B5C00012B2767F01907F04E07E701212B43C7458
:10B5D000027E70227E144D487E0400FE12B43C9020
:10B5E0007F04F012B50B7F01907F04E07E70221281
:10B5F000B43C12B4AA2212B5419AFDCB74229079C0
:10B60000A81BEA00791E00029079A41BEA20793E6B
:10B6100000029079A8691E00020BEA009079A469E3
:10B620003E00020BEA209AFDD811500C9079A869CF
:10B630003E00020BEA2080309079AC691E00020BBC
:10B64000EA009079A4693E00020BEA209AFDD81125
:10B65000280C9079AC693E00020BEA20800A9079B0
:10B66000A4693E00020BEA2022907EBF1BEA2079EB
:10B670003E0002907EBF693E00020BEA209AFDD890
:10B68000A222907DFAF0907DF61BEA00791E00025E
:10B69000907DFA7EEBA07401BCAB38047401803D50
:10B6A000907DF6691E00020BEA007E0B607E700141
:10B6B0002C767A0B70907DF6693E00020BEA207EB4
:10B6C0001BA0907DFAE0BCAB4012E4907DF6693E91
:10B6D00000020BEA207A1BB074018001E4227E1480
:10B6E0007EC37E0400017E347EC57E2400019AFC68
:10B6F000F86A906C67693E00020BEA207CB49AFD00
:10B70000D865906946793E00021BEA20906C6F690B
:10B710003E00020BEA207CB49AFDD86590694A7914
:10B720003E00021BEA209AFDEE2E7D237CB49AFD9A
:10B73000D86A90694E793E00021BEA20906C8D69B0
:10B740003E00020BEA207CB49AFDD86590695279DC
:10B750003E00021BEA209AFCF78BBEB00068086D21
:10B76000337E24400080066D337E243F80906956EE
:10B77000793E00021BEA20907EC30BEA207CB49A3B
:10B78000FDD86A90695A793E00021BEA20907EC576
:10B790000BEA207CB49AFDD86A90695E793E00027B
:10B7A0001BEA209066500BEA20E49AFDD86A906963
:10B7B00062793E00021BEA202290775A1BEA207928
:10B7C0003E0002907759F0907759E014BEB00840DF
:10B7D0000302BBF47EA003A490B7DC7302B7F402AB
:10B7E000B80E02B82802B8D802B91A02B9E602BAED
:10B7F000B402BB8190775A693E00020BEA2012B670
:10B8000069906C67793E00021BEA2002BBF49077D6
:10B810005A693E00020BEA2012B669906C6F793EBD
:10B8200000021BEA2002BBF47E3480007E24453BEC
:10B830009079AC793E00021BEA2090775A693E006D
:10B84000020BEA207E1480007E04C53B12B5FE90F8
:10B85000775A793E00021BEA209F0090775A693E92
:10B8600000020BEA209AFDD81140246D117E043F9E
:10B870000090775A693E00020BEA209AFDD6389A6A
:10B88000FDD8A290775E793E00021BEA2080226DEF
:10B89000117E043F0090775A693E00020BEA209A1D
:10B8A000FDD6359AFDD8A290775E793E00021BEA5C
:10B8B0002090775E693E00020BEA209AFDEE089A1E
:10B8C000FDEE2E7D237CB49AFDD86A90694E793EB8
:10B8D00000021BEA2002BBF490775A693E00020B7B
:10B8E000EA2012B66990775E793E00021BEA20904A
:10B8F000775E693E00020BEA20906C8D793E000273
:10B900001BEA2090775E693E00020BEA20906CB142
:10B91000793E00021BEA2002BBF46D117E043F0059
:10B9200090775A693E00020BEA209AFDD63812B68B
:10B930006990775E793E00021BEA2090775E693E4F
:10B9400000020BEA20BE180002782DA2AF9214C3A9
:10B95000C2AFE4907C37F07E3400026D229AFCF78F
:10B960001DA21492AF6D337E244000906956793E3B
:10B9700000021BEA2002BBF490775E693E00020BD6
:10B98000EA204D23681090775E693E00020BEA20A2
:10B99000BE180001782CA2AF9214C3C2AF6D336DF4
:10B9A000229AFCF71D7401907C37F0A21492AF6DBF
:10B9B000337E243F80906956793E00021BEA2002C4
:10B9C000BBF49AFCF78BBEB00068086D337E244050
:10B9D0000080066D337E243F80906956793E0002D8
:10B9E0001BEA2002BBF46D337E24442F9079AC799E
:10B9F0003E00021BEA2090775A693E00020BEA20C3
:10BA00006D117E04432512B5FE90775A793E0002EF
:10BA10001BEA207E1477647E0400017E3477667E04
:10BA20002400019AFCF86A6D117E043F0090775A59
:10BA3000693E00020BEA209AFDD6389AFDD8A29002
:10BA400077641BEA309077640BEA209077660BEA04
:10BA500030BD32580C9077640BEA309077661BEA61
:10BA6000309077640BEA309077660BEA209AFCF806
:10BA7000007E1477647E0400017E3477667E2400A5
:10BA8000019AFCF86A9077640BEA207CB49AFDD89E
:10BA90006A90695A793E00021BEA209077660BEAA9
:10BAA000207CB49AFDD86A90695E793E00021BEA58
:10BAB0002002BBF46D337E24442F9079AC793E0094
:10BAC000021BEA2090775A693E00020BEA206D11B2
:10BAD0007E04432512B5FE90775A793E00021BEA98
:10BAE000207E1477647E0400017E3477667E240015
:10BAF000019AFCF86A6D117E043F0090775A693E06
:10BB000000020BEA209AFDD6389AFDD8A2907766FB
:10BB10001BEA309077660BEA209077640BEA30BD21
:10BB200032080C9077660BEA309077641BEA30900D
:10BB300077640BEA309077660BEA209AFCF8007E77
:10BB40001477647E0400017E3477667E2400019AB7
:10BB5000FCF86A9077640BEA207CB49AFDD86A906E
:10BB6000695A793E00021BEA209077660BEA207C36
:10BB7000B49AFDD86A90695E793E00021BEA208083
:10BB8000737E34F0007E24457F9079AC793E0002CC
:10BB90001BEA2090775A693E00020BEA206D117E65
:10BBA000043F8012B5FE90775A793E00021BEA20CE
:10BBB0006D117E043F0090775A693E00020BEA2027
:10BBC0009AFDD6389AFDD8A29077621BEA3090662B
:10BBD000500BEA209077620BEA30BD3268169077FE
:10BBE000620BEA309066501BEA309066500BEA30E8
:10BBF0009AFE2D93227401907F73F0805F907F7383
:10BC0000E00A2B7E34693D2D327A71827A6183E0BD
:10BC1000BEB000683C6CAA907F73E00A2B7E34694A
:10BC20003D2D327A71827A61837AEBA0907F73E046
:10BC3000907F737EEB107E0004AC107E1469422D61
:10BC4000107A31827A2183693E00020BEA2012B712
:10BC5000B9907F737EEBA074012CBAF0907F737E55
:10BC6000EBA07408BCAB289522906623E00A3B7ECB
:10BC700024005E9D3290771B1BEA30A2AF9215C361
:10BC8000C2AF906C8B0BEA309077291BEA3090752D
:10BC9000490BEA3090771F1BEA3090754B0BEA3066
:10BCA0009077211BEA3090754D0BEA309077251B79
:10BCB000EA309075550BEA309077271BEA30A215D1
:10BCC00092AF9077290BEA307E2403529D32907711
:10BCD0001D1BEA309F11907994793E00021BEA20E7
:10BCE0009F007E3477237E2400019AFE28AC9F11AA
:10BCF0009075A6793E00021BEA207E34772B7E24C5
:10BD000000019075AA793E00021BEA209F119075F0
:10BD1000AE793E00021BEA209F009F119AFDA2F817
:10BD20007408906904F090771B0BEA207CB49AFDAC
:10BD3000D86A906907793E00021BEA2090771D0BB4
:10BD4000EA207CB49AFDD86A90690B793E00021B08
:10BD5000EA2090771F0BEA207CB49AFDD86A90699C
:10BD60000F793E00021BEA209077210BEA207CB479
:10BD70009AFDD86A906913793E00021BEA209077F9
:10BD8000230BEA207CB49AFDD86A906917793E00AB
:10BD9000021BEA2090772B7EEB40E49AFDD86F904F
:10BDA000691B793E00021BEA209077250BEA207C74
:10BDB000B49AFDD86A90691F793E00021BEA209070
:10BDC00077270BEA207CB49AFDD86A906923793EE4
:10BDD00000021BEA207E1469037E0400019AFDC163
:10BDE00022226D339AFE388B9AFDCBC07E340078C8
:10BDF000907AB01BEA307E3400027E1400E87E04A4
:10BE000000017E2400BC9AFDC0C17E3465D37E242F
:10BE10000001907404793E00021BEA207E346A3BE4
:10BE20007E240001907408793E00021BEA209F11D5
:10BE300090740C793E00021BEA209F1190741079D7
:10BE40003E00021BEA209F11907414793E00021BF1
:10BE5000EA206D337E2400787E146AB57E040001EA
:10BE60009AFDC41812B6DEAA9AFDC8B912BBF5AA8B
:10BE7000907F74F0907F74E0BEB00068047401801D
:10BE800001E4907C33F09AFDBE687E147C347E041D
:10BE90000001740512B682BEB000680312BC697E50
:10BEA000147C3A7E040001740212B682BEB00068AF
:10BEB0000312B5F6AAA2AF9216C3C2AF907C37E0C8
:10BEC000907F75F0E4907C37F0A21692AF907F756A
:10BED000E0AA12BC6912B5F6AA907C380BEA207E63
:10BEE0003400012D321BEA30AA907C380BEA30AACC
:10BEF000907F561BEA30907F560BEA30907C351BC2
:10BF0000EA30AA907B241BEA20793E0002907B2035
:10BF10001BEA00791E0002E4907B28F0801D907BD4
:10BF200020693E00020BEA207E1BA00B34793E0004
:10BF3000021BEA20907B28E02CBAF0907B24693E1B
:10BF400000020BEA207E2800017F019F02791E007B
:10BF5000021BEA004D2378C6907B28E022907742AE
:10BF60001BEA20907741F090773D1BEA00791E0094
:10BF70000290773B1BEA309F11907746793E000292
:10BF80001BEA2074AA9069B0F074029069B1F09035
:10BF9000773D693E00020BEA204D2368046D338033
:10BFA000047E3400013E343E343E343E3490773BD0
:10BFB0000BEA2074053E241478FB7CA54CA79077EF
:10BFC00041E04CBA9069B2F074089069B3F0907790
:10BFD000420BEA307C676C777E24FF005D2390770C
:10BFE000420BEA300A364D329069B41BEA30907742
:10BFF000440BEA307C676C777E24FF005D239077EA
:10C00000440BEA300A364D329069B61BEA307E1492
:10C0100069B07E0400017E180008907BE7695E002D
:10C02000020BEA40992890773B0BEA301B35682ACF
:10C030001B3468420B35785A9077440BEA3090777E
:10C04000420BEA20AD321E341E341E346D2290772E
:10C0500046793E00021BEA2080389077440BEA3094
:10C060009077420BEA20AD326D22907746793E0000
:10C07000021BEA20801C9077440BEA309077420B39
:10C08000EA20AD323E346D22907746793E00021BA5
:10C09000EA2090773D693E00020BEA204D2368209C
:10C0A00090773D691E00020BEA00907746693E00DA
:10C0B000020BEA20907BE7695E00020BEA409928B8
:10C0C000AA907AAE1BEA20907AAA1BEA00791E0099
:10C0D00002907AA81BEA3074AA9068FBF07403906F
:10C0E00068FCF074089068FEF0907AA80BEA309033
:10C0F000696E1BEA30907AAA693E00020BEA209032
:10C100006966793E00021BEA20907AAE0BEA309015
:10C11000696A1BEA30907AB00BEA3090696C1BEACE
:10C1200030AA9071F81BEA00791E0002E49071FCBD
:10C13000F0E49071FDF07E344A9E7E2400FE7E1471
:10C1400071FE7E04000174249AFDE0019071F8698B
:10C150003E00020BEA200B347E1BA0740F5CBA90E9
:10C1600071FFF0E49071FDF002C24E9071FD7EEB24
:10C17000707404ACB79071F8693E00020BEA202D90
:10C18000352E3400077E1B509071FD7EEB40740409
:10C19000ACB47E3472022D357A71827A61837AEB87
:10C1A000509071FD7EEB707404ACB79071F8693EED
:10C1B00000020BEA202D352E3400067E1B309071D4
:10C1C000FD7EEB207404ACB27E3472022D357E24E9
:10C1D00000010B347A1B309071FD7EEB707404AC5F
:10C1E000B79071F8693E00020BEA202D352E34001D
:10C1F000057E1B309071FD7EEB207404ACB27E3462
:10C2000072022D357E2400010B357A1B309071FDB2
:10C210007EEB707404ACB79071F8693E00020BEAD3
:10C22000202D350B367E1B309071FD7EEB20740483
:10C23000ACB27E3472022D357E2400012E34000310
:10C240007A1B309071FD7EEBA074012CBAF09071D6
:10C25000FF7EEBA09071FDE0BCBA500302C16B748D
:10C26000AA9071FEF09071FFE00A5B7E4400089D89
:10C27000453E443E447E5400249D549071FCF09011
:10C2800071FCE0907201F07EA0109071FFE04CBA5A
:10C29000F0E4907200F07E1471FE7E040001907153
:10C2A000FCE00A3B6D2212BF03907200F09071FC1B
:10C2B000E00A3B6D227E1471FE7E040001907BE754
:10C2C000695E00020BEA409928AA907C7A1BEA007A
:10C2D000791E00026D33907C7F1BEA309068FF0B63
:10C2E000EA30907C7F1BEA30907C7F0BEA307C67E1
:10C2F0006C777E24FF005D23907C7F0BEA300A364A
:10C300004D32907C7F1BEA309068FDE00A3B7E2432
:10C3100000205D236D33BD23680F7E340002907CC6
:10C320007F0BEA20AD321BEA307E1468FB7E0400EE
:10C33000017E180008907BE7695E00020BEA4099D5
:10C3400028E4907C7EF002C408907C7E7EEB7074C2
:10C3500004ACB7907C7A691E00020BEA002D152E02
:10C3600014000A693000020B0A204D236835907CC6
:10C370007E7EEB707404ACB7907C7A693E00020B51
:10C38000EA202D352E34000A691100020B1A0090A4
:10C390007C7F0BEA306D22907BE7695E00020BEA3E
:10C3A000409928907C7E7EEB707404ACB7907C7AC8
:10C3B000691E00020BEA002D152E14002A693000B8
:10C3C000020B0A204D236835907C7E7EEB7074044E
:10C3D000ACB7907C7A693E00020BEA202D352E34F2
:10C3E000002A691100020B1A00907C7F0BEA306D65
:10C3F00022907BE7695E00020BEA409928907C7EE0
:10C400007EEBA074012CBAF0907C7E7EEBA07408C9
:10C41000BCAB500302C349AA9074001BEA00791E0A
:10C4200000029073FE1BEA209073FC1BEA30E4903C
:10C430007418F0E4907419F0E490741AF09073FE9C
:10C440000BEA307C676C777E24FF005D239073FEDF
:10C450000BEA300A364D329068FF1BEA30E49069EF
:10C4600001F0E4907418F080499F009074187EEBFE
:10C47000707404ACB77E3469702D357A71827A613C
:10C4800083791E00021BEA009F009074187EEB70F7
:10C490007404ACB77E3469902D357A71827A6183E9
:10C4A000791E00021BEA009074187EEBA074012C28
:10C4B000BAF09074187EEBA07403BCAB40AB9073E1
:10C4C000FC0BEA301B34780302C5E01B347803020E
:10C4D000C6E70B35680302C895907400693E0002F8
:10C4E0000BEA204D2368419074197EEBA074012C57
:10C4F000BAF07EA001906901E04CBAF09074006936
:10C500001E00020BEA009074187EEB7074012CB7C9
:10C51000F07404ACB77E3469702D357A71827A611B
:10C5200083791E00021BEA00907404693E00020B2E
:10C53000EA204D2368419074197EEBA074012CBA57
:10C54000F07EA002906901E04CBAF0907404691E7C
:10C5500000020BEA009074187EEB7074012CB7F0A7
:10C560007404ACB77E3469702D357A71827A618338
:10C57000791E00021BEA00907408693E00020BEA73
:10C58000204D2368419074197EEBA074012CBAF001
:10C590007EA004906901E04CBAF0907408691E0016
:10C5A000020BEA009074187EEB7074012CB7F074E3
:10C5B00004ACB77E3469702D357A71827A618379E3
:10C5C0001E00021BEA0090696C0BEA207E3400FF1B
:10C5D000BD32400302C895740190741AF002C895E8
:10C5E00090740C693E00020BEA204D236841907460
:10C5F000197EEBA074012CBAF07EA001906901E0D5
:10C600004CBAF090740C691E00020BEA009074188A
:10C610007EEB7074012CB7F07404ACB77E34699073
:10C620002D357A71827A6183791E00021BEA0090AF
:10C630007410693E00020BEA204D23684190741982
:10C640007EEBA074012CBAF07EA002906901E04C50
:10C65000BAF0907410691E00020BEA009074187E04
:10C66000EB7074012CB7F07404ACB77E3469902D74
:10C67000357A71827A6183791E00021BEA00907418
:10C6800014693E00020BEA204D2368419074197E24
:10C69000EBA074012CBAF07EA004906901E04CBAC2
:10C6A000F0907414691E00020BEA009074187EEB7F
:10C6B0007074012CB7F07404ACB77E3469902D35DA
:10C6C0007A71827A6183791E00021BEA0090696A9E
:10C6D0000BEA207E3400FFBD32400302C89574018E
:10C6E00090741AF002C895907400693E00020BEA3B
:10C6F000204D23687690740C693E00020BEA204DB1
:10C700002368689074197EEBA074012CBAF07EA0A7
:10C7100001906901E04CBAF0907400691E00020BB0
:10C72000EA009074187EEB707404ACB77E346970C4
:10C730002D357A71827A6183791E00021BEA00909E
:10C74000740C691E00020BEA009074187EEB707482
:10C75000012CB7F07404ACB77E3469902D357A7132
:10C76000827A6183791E00021BEA00907404693E9C
:10C7700000020BEA204D236876907410693E000297
:10C780000BEA204D2368689074197EEBA074012C8D
:10C79000BAF07EA002906901E04CBAF0907404698E
:10C7A0001E00020BEA009074187EEB707404ACB7A4
:10C7B0007E3469702D357A71827A6183791E000228
:10C7C0001BEA00907410691E00020BEA00907418B6
:10C7D0007EEB7074012CB7F07404ACB77E346990B2
:10C7E0002D357A71827A6183791E00021BEA0090EE
:10C7F0007408693E00020BEA204D23687690741499
:10C80000693E00020BEA204D2368689074197EEBA4
:10C81000A074012CBAF07EA004906901E04CBAF03B
:10C82000907408691E00020BEA009074187EEB7089
:10C830007404ACB77E3469702D357A71827A618365
:10C84000791E00021BEA00907414691E00020BEAB4
:10C85000009074187EEB7074012CB7F07404ACB7C0
:10C860007E3469902D357A71827A6183791E000257
:10C870001BEA0090696A0BEA207E3400FFBD32405B
:10C880000E90696C0BEA207E3400FFBD32500674B6
:10C890000190741AF09073FC0BEA3074063E341465
:10C8A00078FB7CA790741AE0C42354E04CAB9074DE
:10C8B00019E04CBA9068FDF0AAE4906BD8F09F1193
:10C8C000906BD9793E00021BEA207E340008906B01
:10C8D000DD1BEA307E344AC27E2400FE7E146BE308
:10C8E0007E04000174809AFDE0019F11906C6379D1
:10C8F0003E00021BEA20C3C205A2AF9205C3C2AF2D
:10C900007E146BE37E0400017E180080907BE36957
:10C910005E00020BEA409928906BD9793E00021B19
:10C92000EA20906BD9693E00020BEA204D2368286B
:10C93000906BD9693E00020BEA209076A8793E0000
:10C94000021BEA207E1469277E0400017E346BE31B
:10C950007E2400019AFD88F202CB527E18000890D6
:10C960006BD9793E00021BEA207E346BD97E24000D
:10C970000190751E793E00021BEA207E3400019072
:10C9800075221BEA307E1469277E0400017E346B19
:10C99000E37E2400019AFD8EA47E346BE37E2400A6
:10C9A000017E1BB0BEB05568117E180001906BD996
:10C9B000793E00021BEA2002CB247E346BE37E2406
:10C9C0000001906BDF793E00021BEA20906BDF696B
:10C9D0003E00020BEA202E3400037E1BB0906BD881
:10C9E000F0E4906BDF693E00020BEA202E34000376
:10C9F0007A1BB07E146BE37E0400017E18000812DF
:10CA0000BF037CAB906BD8E0BCBA680302CB169036
:10CA10006BDF693E00020BEA200B367E1B30906B09
:10CA2000DF693E00020BEA200B357E1B200A227EC6
:10CA30003400019D233E243E247E3469462D327EFF
:10CA40002400012E3400037A1B30906BDF693E0016
:10CA5000020BEA202E3400057E1B30906BDF693E0E
:10CA600000020BEA200B357E1B200A227E340001D7
:10CA70009D233E243E247E3469462D327E240001CF
:10CA80000B357A1B30906BDF693E00020BEA202EDB
:10CA90003400067E1B30906BDF693E00020BEA20FB
:10CAA0000B357E1B200A227E3400019D233E243E4E
:10CAB000247E3469462D327E2400010B347A1B30EB
:10CAC000906BDF693E00020BEA202E3400077E1BCC
:10CAD00050906BDF691E00020BEA000B157E0BB055
:10CAE0007E4004ACB47E3469422D357A71827A611D
:10CAF000837AEB507401906BDF693E00020BEA20F1
:10CB00000B357E1BA00A2A7E34693D2D327A718254
:10CB10007A6183F0800E7E180001906BD9793E0017
:10CB2000021BEA207E346BD97E24000190751E79A9
:10CB30003E00021BEA206D339075221BEA307E1402
:10CB400069277E0400017E346BE37E2400019AFD98
:10CB50008EA47E1469277E0400019AFD88987F01C7
:10CB6000906BDD0BEA306D22BF10380302C95BA267
:10CB70000592AFAA90696C0BEA309077441BEA30BB
:10CB800090696E0BEA30906966691E00020BEA003C
:10CB90009068FD7EEBA0740F5CBA90696A0BEA2086
:10CBA0009AFDBF5D9068FD7EEBA0740F5CBABEB0CD
:10CBB00000680C7E1469667E0400019AFDC2CAAA50
:10CBC0007E3469B87E24000190777C793E00021B98
:10CBD000EA207E180080907780793E00021BEA20D0
:10CBE0007E1469277E0400016D339AFD9461AA903A
:10CBF00075F11BEA00791E00029075EF1BEA309F69
:10CC0000119075F9793E00021BEA209F119075FD85
:10CC1000793E00021BEA206D339076011BEA3090CA
:10CC200075F5693E00020BEA20BE1827103804741F
:10CC3000018001E47E1447727E0400FE7E3400B65B
:10CC40009AFE2ABA9075F1691E00020BEA00907DE7
:10CC5000FB693E00020BEA209AFDDF7A7D326D22ED
:10CC60009076011BEA309075F1691E00020BEA0014
:10CC7000907DFB693E00020BEA209AFDDF7A9075F9
:10CC8000FD793E00021BEA209076010BEA007E143B
:10CC900000012D109075FD693E00020BEA209AFDFF
:10CCA000DF787E0800019F109075FD793E00021B21
:10CCB000EA209075F5693E00020BEA20BE182710A5
:10CCC00068409075F5693E00020BEA20E49AFDD8B1
:10CCD000657E1440007E04461C9AFDD7907F01902B
:10CCE00075FD693E00020BEA20E49AFDD8659AFDC5
:10CCF000D6F09AFDD8A29075F9793E00021BEA2081
:10CD0000801A7E0800019075FD693E00020BEA2042
:10CD10002F109075F9793E00021BEA209076010BE6
:10CD2000EA307D530A5A7CAB9075EF0BEA20740D04
:10CD30000E241478FB7E3400075D321A261A242F45
:10CD4000112F117E1447B47E0400FE2F01693000BC
:10CD5000020B0A207A1BA09076010BEA507CAB9064
:10CD600075EF0BEA20740D0E241478FB7E34000757
:10CD70005D321A261A247F012F002F007E3447B41B
:10CD80007E2400FE2F10691100020B1A007E18008D
:10CD9000012F107A1BA09075FD693E00020BEA205E
:10CDA0007CA69075EF0BEA20740D0E241478FB7EA0
:10CDB0003400075D321A261A242F112F117E1448D1
:10CDC000447E0400FE2F01693000020B0A207A1B0A
:10CDD000A09075FD695E00020BEA407CAB9075EF98
:10CDE0000BEA20740D0E241478FB7E3400075D32AC
:10CDF0001A261A247F012F002F007E3448447E24F7
:10CE000000FE2F10691100020B1A007E1800012F7E
:10CE1000107A1BA09075F9693E00020BEA207CA6EF
:10CE20009075EF0BEA20740D0E241478FB7E34000D
:10CE3000075D321A261A247F012F002F009075EF0C
:10CE40000BEA307D231A240E240E240E247E340097
:10CE5000035D321A261A242F102F112F117E14472A
:10CE6000E47E0400FE2F01693000020B0A207A1BC9
:10CE7000A09075F9695E00020BEA407CAB9075EFFB
:10CE80000BEA20740D0E241478FB7E3400075D320B
:10CE90001A261A247F012F002F009075EF0BEA301D
:10CEA0007D231A240E240E240E247E3400035D32CA
:10CEB0001A261A242F107F012F002F007E3447E4FA
:10CEC0007E2400FE2F10691100020B1A007E18004C
:10CED000012F107A1BA0AA9077941BEA00791E00FC
:10CEE000029077921BEA309077920BEA20740D0E35
:10CEF000241478FB7E3400075D321A261A242F1181
:10CF00002F117E1448447E0400FE2F016930000278
:10CF10000B0A207E1B700A277C456C559077920B7C
:10CF2000EA30740D0E341478FB7E1400075D131A7A
:10CF3000021A007F202F222F227E1448447E0400F4
:10CF4000FE2F02695000020B0A407E0800012F02EA
:10CF50007E0B700A374D326D2290779C793E00022D
:10CF60001BEA20907794693E00020BEA20BE182746
:10CF700010380474018001E47E1447727E0400FEC0
:10CF80007E3400DE9AFE2ABA907794693E00020B46
:10CF9000EA20BE1827106840907794693E00020B83
:10CFA000EA20E49AFDD8657E1440007E04461C9A6F
:10CFB000FDD7907F0190779C693E00020BEA20E448
:10CFC0009AFDD8659AFDD6F09AFDD8A29077987907
:10CFD0003E00021BEA20801A7E08000190779C69BF
:10CFE0003E00020BEA202F10907798793E00021B3A
:10CFF000EA20907798693E00020BEA207CA69077A1
:10D00000920BEA20740D0E241478FB7E3400075D29
:10D01000321A261A247F012F002F009077920BEAF4
:10D02000307D231A240E240E240E247E3400035D4A
:10D03000321A261A242F102F112F117E1447E47E46
:10D040000400FE2F01693000020B0A207A1BA09019
:10D050007798695E00020BEA407CAB9077920BEA0E
:10D0600020740D0E241478FB7E3400075D321A26DE
:10D070001A247F012F002F009077920BEA307D2336
:10D080001A240E240E240E247E3400035D321A2648
:10D090001A242F107F012F002F007E3447E47E24B6
:10D0A00000FE2F10691100020B1A007E1800012FDC
:10D0B000107A1BA0AA9076B41BEA00791E00029099
:10D0C00076B21BEA306D339076BC1BEA309F11902C
:10D0D00076BE793E00021BEA206D339076C21BEAD1
:10D0E000309076B8693E00020BEA20BE182710384F
:10D0F0000474018001E47E1447727E0400FE7E34D5
:10D1000001009AFE2ABA9076B20BEA207E3400FF24
:10D110005D327E24000174017E1400109AFD29C73F
:10D120009076B4691E00020BEA00907DFB693E0018
:10D13000020BEA209AFDDF7A7D326D229076C21BC7
:10D14000EA309076B4691E00020BEA00907DFB691C
:10D150003E00020BEA209AFDDF7A9076BE793E000F
:10D16000021BEA209076C20BEA007E1400012D100B
:10D170009076BE693E00020BEA209AFDDF787E08B9
:10D1800000019F109076BE793E00021BEA20907647
:10D19000B8693E00020BEA20BE182710683C907662
:10D1A000B8693E00020BEA20E49AFDD8657E14407F
:10D1B000007E04461C9AFDD7907F019076BE693EA2
:10D1C00000020BEA20E49AFDD8659AFDD6F09AFD9C
:10D1D000D8A29076BC1BEA3080189076BE693E00DB
:10D1E000020BEA207D237E3400012D329076BC1B99
:10D1F000EA309076C20BEA307D530A5A7CAB9076C7
:10D20000B20BEA20740D0E241478FB7E3400075D07
:10D21000321A261A242F112F117E1447B47E0400CF
:10D22000FE2F01693000020B0A207A1BA09076C203
:10D230000BEA507CAB9076B20BEA20740D0E2414EE
:10D2400078FB7E3400075D321A261A247F012F00F6
:10D250002F007E3447B47E2400FE2F106911000297
:10D260000B1A007E1800012F107A1BA09076BE6961
:10D270003E00020BEA207CA69076B20BEA20740DE9
:10D280000E241478FB7E3400075D321A261A242FF0
:10D29000112F117E1448447E0400FE2F01693000D6
:10D2A000020B0A207A1BA09076BE695E00020BEA90
:10D2B000407CAB9076B20BEA20740D0E241478FB00
:10D2C0007E3400075D321A261A247F012F002F00BA
:10D2D0007E3448447E2400FE2F10691100020B1A90
:10D2E000007E1800012F107A1BA09076BC0BEA304C
:10D2F0007D530A5A7CAB9076B20BEA20740D0E2453
:10D300001478FB7E3400075D321A261A247F012F21
:10D31000002F009076B20BEA307D231A240E240EE3
:10D32000240E247E3400035D321A261A242F102F77
:10D33000112F117E1447E47E0400FE2F0169300096
:10D34000020B0A207A1BA09076BC0BEA507CAB90B3
:10D3500076B20BEA20740D0E241478FB7E3400079D
:10D360005D321A261A247F012F002F009076B20B0F
:10D37000EA307D231A240E240E240E247E3400036A
:10D380005D321A261A242F107F012F002F007E34C1
:10D3900047E47E2400FE2F10691100020B1A007E64
:10D3A0001800012F107A1BA09076B20BEA307D5343
:10D3B0001A5A0E540E547E4400015D453E44907648
:10D3C000B20BEA507D351A360E340E340E347E54CC
:10D3D00000015D533E543E542D547E3400016005DF
:10D3E0003E341478FB7C679076B20BEA00740D0E25
:10D3F000041478FB7E1400075D101A021A007F20C7
:10D400002F229076B20BEA207D021A000E040E0441
:10D410000E047E1400035D100E141A021A002F026F
:10D420002F002F007E5448A47E4400FE2F20691256
:10D4300000020B2A007E0B704C767A0B707E6060C7
:10D440009076B20BEA00740D0E041478FB7E140083
:10D45000075D101A021A007F202F222F229076B229
:10D460000BEA207D021A000E040E040E047E140046
:10D47000035D101A021A002F022F002F007E54485D
:10D48000EC7E4400FE2F20691200020B2A007E0B66
:10D49000704C767A0B707E60089076B20BEA00745E
:10D4A0000D0E041478FB7E1400075D101A021A009A
:10D4B0007F202F222F229076B20BEA207D021A00C5
:10D4C0000E040E040E047E1400035D101A021A00EE
:10D4D0002F022F002F007E5448EC7E4400FE2F20A8
:10D4E000691200020B2A007E0B704C767A0B70904A
:10D4F00076B20BEA307D531A5A0E540E540E547EF7
:10D500004400035D453E449076B20BEA507D351AE7
:10D51000360E340E347E5400015D532D547E34009B
:10D520000160053E341478FB7C679076B20BEA000C
:10D53000740D0E041478FB7E1400075D101A021A95
:10D54000002F002F007E5447CC7E4400FE2F206920
:10D550001200020B2A007E0B704C767A0B709076CC
:10D56000B20BEA307D431A480E440E440E447E54FA
:10D5700000035D543E549076B20BEA307D231A24AA
:10D580007E3400035D3260053E341478FB7C679086
:10D5900076B20BEA00740D0E041478FB7E140007BB
:10D5A0005D101A021A002F002F007E54485C7E4442
:10D5B00000FE2F20691200020B2A007E0B704C76B1
:10D5C0007A0B707E60809076B20BEA00740D0E04C8
:10D5D0001478FB7E1400075D101A021A002F002F2A
:10D5E000007E54479C7E4400FE2F20691200020BEF
:10D5F0002A007E0B704C767A0B707E60019076B2BA
:10D600000BEA00740D0E041478FB7E1400075D1005
:10D610001A021A002F002F007E5448D47E4400FEC8
:10D620002F20691200020B2A007E0B704C767A0BB9
:10D6300070AA02D9696E00807CB1337CB033680D6A
:10D640000468EF7CB5337CB43378037F10AA046898
:10D65000E17D5092F77D457D51BF2140067C807F62
:10D66000017F1212D92C7EA1D05CB004780320D5A2
:10D67000C17CB00478075002B2D502D97192D5BEF0
:10D6800080FF68F67CB89CB06C00602AB418057CFA
:10D690004102D94550FB80032F00047C9B5E90071C
:10D6A00078F630E4067C437D106D0030E3087C435F
:10D6B0007C327C210A0030F5199F10780EAA02D91D
:10D6C0006E1B8068F92F1150020B707CB530E7F1AA
:10D6D000801B2D317CB5A5397C5B50110B80780304
:10D6E00002D9711E341350034E60801A2B02D945A3
:10D6F0005D22680D5D0078122D220B4068099F1194
:10D70000AA2D000B0078F902D96912D92C5C800B84
:10D71000806808248150072CB0500A02D9712CB0BF
:10D72000400302D96E7C8B5D1178267CB17CA5BE4E
:10D730001080680A5D33780DA5BD80057F1002D981
:10D740005B6D0080307F017C5B7CB17CA5AD12807D
:10D75000245D337806A5BD80F080E1CA887D41ADA7
:10D76000437CB17CA5AD122D1450020B047C5BAD43
:10D77000232F01DA88A42D05BE008040060B807897
:10D780000480982F007C437C507C617C7202D945D8
:10D79000BE24FFFF6806BE04FFFF780302D96912AA
:10D7A000D92C5CB00468F57CB8A54868EF7CB870EB
:10D7B000039F11AAA5B8000302D9712E008150075A
:10D7C0009C80380702D96E9C8050ED0A51C2E74D0B
:10D7D00051780302D95B7E5400807E901A6C0080E1
:10D7E000061B9068142F11BF1040049F104CAB0310
:10D7F00030E7EECAA86CAA80E8DA39DA587C4ABE6B
:10D800005080500A1B8068BC2F1150020B7002D947
:10D810004574F86CAA6E40806E0080BEB0FF682729
:10D820007C837C975C3B5C7BBF10682AF4400D7C5A
:10D83000382D15F45C3B500F0B04800B7C792D3593
:10D84000F45C7B50020B24BF10680B7CB020E70611
:10D850007CB420E701B3AA5D226809BE24FFFF68FB
:10D86000036E4080AA7EA020800C7EA01080057EE2
:10D87000A0086C556D333392D5500A6E34FFFF6E9D
:10D8800024FFFF0B1CA5EC3340062F11D5F0F6AAA0
:10D890007CBA247EA2D5137C767C65A5CC92E77CED
:10D8A0005BAA7CB5337CB43392D54E508024814042
:10D8B000039F11AA7C457C567C676C7724E0500E50
:10D8C0007E1CFFFFAA1E341E2450034E6080047885
:10D8D000F430D50A6E34FFFF6E24FFFF0B1CAA7FC5
:10D8E000507EC400017ED472727E94D8F002D9AA10
:10D8F0004001AA7CEACA89CA5BCA6B9AFE2AA9DAE5
:10D900006BDA5BDA897E94D8F07CAE227F707F512F
:10D910007EC400017ED4729A7E94D91F02D9AA4097
:10D9200005E47A7BB0AA7A7BB00B7C222D0092D5DD
:10D930000E104E10807D422D445002B2D54E5080C4
:10D940006C447CB8222C4450120B1C7E40005E506C
:10D950007FBE18000078040B806816A2D57CB8132F
:10D960007C4B7CB592E77C5BAA7E1CFFFFAA9F11D3
:10D97000AA7E24FF8020D5026C456D33AA540F2463
:10D9800090D43440D430F30CBEB0414007BEB05BFD
:10D99000500224204CCC68021BC00B84D389944CC9
:10D9A000CC680B742012D99480F5CA3B6D889F33E4
:10D9B0007CAE7E5BB00B5C7007C37D38DA3B89942C
:10D9C000B42569C2F37E5BB00B5CA5F824D0BEB071
:10D9D0000A501B7E500A20F60DAC5CA52D7CCB7046
:10D9E000034EF00180DDAC5DA52D7CDB80D524CF1E
:10D9F000BEB01AA5E850055E00DFD2F390DD7FA32C
:10DA0000E4936011BCB078F77417934CAB30F6B365
:10DA10004EF08080AEA3E4936010BCB078F774162B
:10DA2000937C3B7423937C2B89147CB080137420EB
:10DA300012D99420F205BEC00250F31B6D29B60026
:10DA40000112D99402D99F1B6E691600020B6A005D
:10DA5000BE08000078087E0400FD7E14FFF720F267
:10DA60001E4CCC681A7F10E47E1B804C8868070B24
:10DA70001C04BCBD78F2C2F6CA0B12DB7EDA0B7E48
:10DA80000BB060C0CA0B12D994DA0B0B0C4CDD68DA
:10DA9000EE1BD078EA80ADD2F07E101080037E10AD
:10DAA000085EB05F800AD2F67E100A80057E100AFA
:10DAB000C2F66D119F117E00201B6C7E6B7030F6DC
:10DAC000021A3720F1051B6C7E6B6030F6041A26B3
:10DAD0001A2430F0051B6D0B6A20A5EC3382F692F8
:10DAE000F6500A7CEA9F229F217F127CAE4C44783C
:10DAF0000F7C457C567C676C772E00F878EF80129F
:10DB00002F117CB3337C3B9CB140047C3B0B70A554
:10DB1000D8EE7CB230E005DAB8C44C3BCA380B20F2
:10DB20007E00207E3000BE18000078C1BE1008784C
:10DB30000730F404C2F480B5CA287CB2BCBD3802F8
:10DB40007CBD12DB7EDA28BC2D500A1BD0E4CA282B
:10DB500012D97D80F07CB213DAB84004C4CAB8C4CC
:10DB6000CA28BEF08040095CDD7805A5DA026006AF
:10DB70005EF07F12D97DDA28A5DADA02D99FBEF0ED
:10DB800001680F30F402240220F50620F70330F676
:10DB9000010420F229BCBC5025CAB87CBF13B0E6F2
:10DBA0007420501174307C8A5E80F0680812DBBEED
:10DBB0005EA00F800312D994DAB8BCBC78DB30F4D5
:10DBC0000F743012D994745830F302747812D994C7
:10DBD00030F605742D02D994742B20F5F8742020AA
:10DBE000F7F3221B6C7E6BB010F1021B6C20F60B5E
:10DBF00030E704F404D2F27CCB800520E7057CDB1F
:10DC000002D9C35EF07F80F81B6E691600020B6AB2
:10DC10000030F0076D221B0A200B0D1B0A8002D971
:10DC2000AEE46C22BE3007500B7F1F2D312E34FF27
:10DC3000F77E39B0227CBF20E7A8742E4EF0800218
:10DC4000D99412DD68403D7CBD7003047CDB12DE9C
:10DC5000817C3D4C3368101B307CBE20E40912DC13
:10DC60002170044C3378F07CBD7CD3BEA0FD481CF1
:10DC7000BCAB5818E49CBA2CB31801E47CDB02DD81
:10DC80000912DD68406E7CBD0412DE817AFBA07C47
:10DC9000AE7CBDA2F492F0C2F440026001042405FF
:10DCA00012DB7E7E30FF0B3012DC21CA3812D97DA8
:10DCB00020F0044CDD680312DC35DA38BC3D78E630
:10DCC000740E12D97D742B7EFBA030F707742D6E75
:10DCD000A0FF0BA07AFBA012D9947EA00A7EFBB015
:10DCE000847AFBA012D97D7EFBB012D97D9EF8000C
:10DCF0000802D99FD2F27ED00002DA5E12DD6840BF
:10DD0000F37CBA2CBD0412DE817AFBA07CBA7CAE17
:10DD100030E701E40420F4044CDD6805D2F0C2F4DD
:10DD2000042CBD12DB7E6C337EFBB0601B20E7123F
:10DD3000147AFBB012DC21CA3812D97DDA380B30E4
:10DD400080E6047AFBB01B3012DC21CA3812D97D80
:10DD50004CDD680712DC351BD080E19EF8000930ED
:10DD6000F00312DC3502D99F7CEA7CAF10F7037E0A
:10DD7000D0067CFA1B6E693600020B6A2002DDC7F2
:10DD80002D2B204C4248232E0053584F44494355D5
:10DD9000502A4E46454700042080010200104047AB
:10DDA000999EA6A633AD97E308FC8142DADADADA67
:10DDB000DADADADADBDCDCDCDC4E614E002B494EF1
:10DDC00046002D494E46007D522D557CBE92E67C84
:10DDD000EB7CBA601F0470287CB5C2E77E0400FDAE
:10DDE00060067E14DDB9D3227E14DDC240047E14A9
:10DDF000DDBDD322DA099F22CA2BCA2BC3CA09224E
:10DE00000A0A7E144D10AD109E083AF09E10267C32
:10DE1000B5C2E77EA0567C9BA46E54FFFF2E54C56E
:10DE200011ACA92D15E4A539CAB8CA1B20E70B12FD
:10DE3000DEF4DA1B9AFDD790800BF40412DEF4DADC
:10DE40001B9AFDD6F0DAA87CB5337CB4334E5080F3
:10DE50006C4424822F111478FBDA497407BE400AFF
:10DE600040099E400ACA0201140BA0CA486C442F04
:10DE7000117F012F112F112F101478EFCA48CA49B2
:10DE8000227F0F20E73ABEB007400274070A0B2D2D
:10DE9000109E1400097E19B02EB0FB501F4C116863
:10DEA00017E47A19B01B147E19B0047A19B0B40AB9
:10DEB0000BE47A19B0A5D9ED0BA074017A19B02240
:10DEC0005EE0BF223F8000004120000042C8000009
:10DED000447A0000461C400047C3500049742400A7
:10DEE0004B1896804CBEBC205A0E1BCA6753C21CEE
:10DEF000749DC5AE7C7B600654076817232312DF30
:10DF00001A7CB75438680B7F1012DF179AFDD6F0D1
:10DF10007F01227CB7543803241C6CAA2E54DEC423
:10DF20007E4400FD0B2A006912000222C2D57CB497
:10DF300030E708B2D56E24FFFF0B247CB630E71221
:10DF4000B2D56E34FFFF0B348D326E24FFFF0B24ED
:10DF500080028D3230D5066E34FFFF0B34AA7D511E
:10DF6000AD037D027D21AD052D12AD352D21AA7D9C
:10DF700002AD31AD102D21AA6D0074104D00780B4B
:10DF80004D2278278D317D126D22AA7D437D326D21
:10DF9000222F112D445002A50FBF1040049F100BDB
:10DFA000901478ED7F016D227D34AA7D417D138D23
:10DFB000247D022F004004BD0440049D040B141472
:10DFC00078F17D237D317D106D00AAC2D57CB03003
:10DFD000E708B2D59F229F207F027CB430E714B2BD
:10DFE000D59F229F217F129AFDDF7A9F229F207F5B
:10DFF0000280049AFDDF7A30D5069F229F217F128E
:10E00000AA6CAABE08000068201E540B5450167E4D
:10E010001B807A0B800B1C0B0C800A0B1A401B0A0E
:10E02000400B1D0B0D1B5478F2AA90772E1BEA00B3
:10E03000791E000290772C1BEA30E4907736F06D61
:10E04000339077371BEA306D339077391BEA309085
:10E05000772C0BEA307E2400029AFE380A7E144F99
:10E06000917E0400FE7E3400409AFE2ABA7E14FFA0
:10E07000017E0400FE90772E693E00020BEA20BF6D
:10E0800010380302E1BB7E14000C90772E693E002D
:10E09000020BEA209AFDDF78793E00021BEA20900D
:10E0A000772C0BEA50BE54000E400302E2CE7EA055
:10E0B00003A490E0B67302E0E002E0E602E0EC02C6
:10E0C000E0F202E0F802E0FE02E11302E12802E1E0
:10E0D0003D02E15202E16702E17C02E19102E1A628
:10E0E000538E7F02E2CE538EBF02E2CE538EFB02EE
:10E0F000E2CE53DDFD02E2CE53DDDF02E2CE74FD5F
:10E100007E14FBB37E04007E7E0B705C7B7A0B700A
:10E1100002E2CE74DF7E14FBB37E04007E7E0B70C1
:10E120005C7B7A0B7002E2CE74FD7E14FBBB7E0436
:10E13000007E7E0B705C7B7A0B7002E2CE74DF7E19
:10E1400014FBBB7E04007E7E0B705C7B7A0B70023E
:10E15000E2CE74FD7E14FBC37E04007E7E0B705CF9
:10E160007B7A0B7002E2CE74DF7E14FBC37E040068
:10E170007E7E0B705C7B7A0B7002E2CE74EF7E14B5
:10E18000FE787E04007E7E0B705C7B7A0B7002E270
:10E19000CE74FD7E14FBCB7E04007E7E0B705C7B18
:10E1A0007A0B7002E2CE74DF7E14FBCB7E04007E1D
:10E1B0007E0B705C7B7A0B7002E2CE90772C0BEAC0
:10E1C00050BE54000E400302E2CE7EA003A490E1B4
:10E1D000D27302E1FC02E20202E20802E20E02E273
:10E1E0001402E21A02E22F02E24402E25802E26C56
:10E1F00002E28002E29402E2A802E2BC438E8002C4
:10E20000E2CE438E4002E2CE438E0402E2CE43DDF4
:10E210000202E2CE43DD2002E2CE74027E14FBB3A2
:10E220007E04007E7E0B704C7B7A0B7002E2CE7413
:10E23000207E14FBB37E04007E7E0B704C7B7A0B39
:10E240007002E2CE74027E14FBBB7E04007E7E0B65
:10E25000704C7B7A0B70807674207E14FBBB7E043E
:10E26000007E7E0B704C7B7A0B70806274027E1491
:10E27000FBC37E04007E7E0B704C7B7A0B70804E5D
:10E2800074207E14FBC37E04007E7E0B704C7B7A70
:10E290000B70803A74107E14FE787E04007E7E0B34
:10E2A000704C7B7A0B70802674027E14FBCB7E044C
:10E2B000007E7E0B704C7B7A0B70801274207E1473
:10E2C000FBCB7E04007E7E0B704C7B7A0B709077CC
:10E2D0002E693E00020BEA207CB5907736F09077ED
:10E2E00036E00A3B6D227E0800012F0190772E69EF
:10E2F0003E00020BEA209AFDDF7A9077371BEA3066
:10E300009077370BEA306E34FFFF0B349077391B70
:10E31000EA3090772C0BEA50BE54000E400302E71F
:10E320005E7EA003A490E3297302E35302E382021A
:10E33000E3B102E3DD02E40902E43802E49402E41A
:10E34000F002E54C02E5A802E60402E66002E6AA55
:10E3500002E705907736E07E34FEA07E24007E7AC8
:10E360001BB05389F09077390BEA50F58A907739D2
:10E370000BEA307D530A5AF58CD3D28CD3D2A90242
:10E38000E75E907736E07E34FEA17E24007E7A1B25
:10E39000B053890F9077390BEA50F58B9077390B92
:10E3A000EA307D530A5AF58DD3D28ED3D2AB02E731
:10E3B0005E907736E07E34FEA27E24007E7A1BB02B
:10E3C0009077390BEA50F5D79077390BEA307D53C7
:10E3D0000A5AF5D6438E1043AF0402E75E907736B3
:10E3E000E07E34FEA37E24007E7A1BB09077390B4A
:10E3F000EA50F5D59077390BEA307D530A5AF5D4B7
:10E4000043DD0843AF2002E75E907736E07E34FEBE
:10E41000A47E24007E7A1BB09077390BEA50F5D3A6
:10E420009077390BEA307D530A5AF5D243DD905389
:10E43000DDFB43AF4002E75E907736E07E34FBB011
:10E440007E24007E7A1BB09077390BEA107E34FB75
:10E45000B77E24007E7A1B309077390BEA307D132B
:10E460000A127E34FBB67E24007E7A1B3074087E4E
:10E4700014FBB37E04007E7E0B704C7B7A0B7074B1
:10E48000017E14FBB27E04007E7E0B704C7B7A0B07
:10E490007002E75E907736E07E34FBB17E24007E2A
:10E4A0007A1BB09077390BEA107E34FBB57E2400DE
:10E4B0007E7A1B309077390BEA307D130A127E3456
:10E4C000FBB47E24007E7A1B3074807E14FBB37E06
:10E4D00004007E7E0B704C7B7A0B7074107E14FBF4
:10E4E000B27E04007E7E0B704C7B7A0B7002E75E7E
:10E4F000907736E07E34FBB87E24007E7A1BB090A5
:10E5000077390BEA107E34FBBF7E24007E7A1B3005
:10E510009077390BEA307D130A127E34FBBE7E24DD
:10E52000007E7A1B3074087E14FBBB7E04007E7E66
:10E530000B704C7B7A0B7074017E14FBBA7E040066
:10E540007E7E0B704C7B7A0B7002E75E907736E034
:10E550007E34FBB97E24007E7A1BB09077390BEABB
:10E56000107E34FBBD7E24007E7A1B309077390B01
:10E57000EA307D130A127E34FBBC7E24007E7A1BB7
:10E580003074807E14FBBB7E04007E7E0B704C7B5F
:10E590007A0B7074107E14FBBA7E04007E7E0B70C2
:10E5A0004C7B7A0B7002E75E907736E07E34FBC0DE
:10E5B0007E24007E7A1BB09077390BEA107E34FB04
:10E5C000C77E24007E7A1B309077390BEA307D13AA
:10E5D0000A127E34FBC67E24007E7A1B3074087ECD
:10E5E00014FBC37E04007E7E0B704C7B7A0B707430
:10E5F000017E14FBC27E04007E7E0B704C7B7A0B86
:10E600007002E75E907736E07E34FBC17E24007EA8
:10E610007A1BB09077390BEA107E34FBC57E24005C
:10E620007E7A1B309077390BEA307D130A127E34E4
:10E63000FBC47E24007E7A1B3074807E14FBC37E74
:10E6400004007E7E0B704C7B7A0B7074107E14FB82
:10E65000C27E04007E7E0B704C7B7A0B7002E75EFC
:10E66000907736E07E34FE797E24007E7A1BB0906F
:10E6700077390BEA107E34FE7B7E24007E7A1B30D5
:10E680009077390BEA307D130A127E34FE7A7E24AD
:10E69000007E7A1B3074827E14FE787E04007E7EBB
:10E6A0000B704C7B7A0B7002E75E907736E07E341D
:10E6B000FBC87E24007E7A1BB09077390BEA107E6F
:10E6C00034FBCF7E24007E7A1B309077390BEA3002
:10E6D0007D130A127E34FBCE7E24007E7A1B3074BA
:10E6E000087E14FBCB7E04007E7E0B704C7B7A0B85
:10E6F0007074017E14FBCA7E04007E7E0B704C7B1E
:10E700007A0B708059907736E07E34FBC97E240006
:10E710007E7A1BB09077390BEA107E34FBCD7E24D5
:10E72000007E7A1B309077390BEA307D130A127E17
:10E7300034FBCC7E24007E7A1B3074807E14FBCBAD
:10E740007E04007E7E0B704C7B7A0B7074107E14FE
:10E75000FBCA7E04007E7E0B704C7B7A0B70907738
:10E7600032691E00020BEA0090772C0BEA203E244F
:10E770003E247E34701F2D327A71827A6183791E35
:10E7800000021BEA00AA907F3E1BEA306D22907FB8
:10E790003E0BEA30BD32580E907F3E0BEA306E34AD
:10E7A000FFFF0B348006907F3E0BEA302290798683
:10E7B0001BEA209079841BEA309079801BEA00796B
:10E7C0001E00029079860BEA207E340008BD2318D3
:10E7D000149079840BEA301A261A247E1407D09AF2
:10E7E000FDDF6F80747E183E80907988793E00024C
:10E7F0001BEA209079860BEA107E0400089D101A0F
:10E80000021A00907980695E00020BEA40693200CA
:10E81000020B2A209AFDDF5E7F01907988693E0015
:10E82000020BEA202F10793E00021BEA206D229095
:10E8300079840BEA30BD325816907988693E00021F
:10E840000BEA206E34FFFF6E24FFFF0B1C800A9042
:10E850007988693E00020BEA2022907E971BEA200D
:10E86000793E0002907E97693E00020BEA20BE18B6
:10E870000000481A907E97693E00020BEA20740A55
:10E880001E340E2450034E60801478F4802C907E49
:10E8900097693E00020BEA206E34FFFF6E24FFFFF3
:10E8A0000B1C740A1E341E2450034E60801478F42E
:10E8B0006E34FFFF6E24FFFF0B1C22907C091BEAC5
:10E8C00000907C071BEA10907C031BEA20793E0035
:10E8D00002907C090BEA101A021A00907C03693E30
:10E8E00000020BEA20BF100808907C090BEA308078
:10E8F0002A907C070BEA101A021A00907C03693EEA
:10E9000000020BEA20BF105808907C070BEA308009
:10E910000A907C03693E00020BEA20AA9076DC1B79
:10E92000EA209076DA1BEA309076D61BEA00791E50
:10E9300000029076DC0BEA209076DA0BEA309D320A
:10E940009076DE1BEA309076D6693E00020BEA2014
:10E950002E3400180B1A209076DE0BEA309D329090
:10E9600076E01BEA309076D6693E00020BEA202E54
:10E970003400180B1A303E349076DE0BEA209D23CB
:10E980009076D6691E00020BEA002E14001A0B0ABC
:10E99000302D329076E21BEA309076D6691E000266
:10E9A0000BEA000B16693000020B0A209076DE0B92
:10E9B000EA101A021A009AFDDF5E7F719076D6691E
:10E9C0001E00020BEA00693000020B0A209076E07C
:10E9D0000BEA101A021A009AFDDF5E2F719076D6AC
:10E9E000691E00020BEA002E140008693000020BB9
:10E9F0000A209076E20BEA101A021A009AFDDF5EF6
:10EA00002F17740A1E340E2450034E60801478F4BD
:10EA10009076E4793E00021BEA209076E4695E007D
:10EA2000020BEA409076D6691E00020BEA002E1413
:10EA30000020693000020B0A202F12793000021BDF
:10EA40000A209076D6691E00020BEA002E140020E0
:10EA5000693000020B0A20BE181D4C08197E081DE3
:10EA60004C9076D6693E00020BEA202E34002079C5
:10EA70001100021B1A009076D6691E00020BEA00F4
:10EA80002E140020693000020B0A20BE1CE2B4588C
:10EA9000197E0CE2B49076D6693E00020BEA202E75
:10EAA000340020791100021B1A009076D6693E00CE
:10EAB000020BEA202E3400180B1A109076D6693E0D
:10EAC00000020BEA202E34001A1B1A109076DE0B7F
:10EAD000EA109076D6693E00020BEA202E34001828
:10EAE0001B1A10AA9074CE1BEA309074CA1BEA005D
:10EAF000791E000274509074D0F09074D07EEBA018
:10EB00007478BCAB400674779074D0F09074D07E6B
:10EB1000EBA074142CBA9074D1F09074D17EEBA059
:10EB20007478BCAB400674779074D1F09074CE0BBF
:10EB3000EA301A261A246D117E0400BB9AFDE8BB48
:10EB40009074CE1BEA309074D0E00A2B7E3465D3EB
:10EB50002D327A71827A6183E00A3B9074CE0BEA9F
:10EB6000209D329074D21BEA309074D1E00A2B7E43
:10EB70003465D32D327A71827A6183E00A2B9074E6
:10EB8000D0E00A1B7E3465D32D317A71827A61839D
:10EB9000E00A3B9D329074D61BEA309074CA693EFD
:10EBA00000020BEA202E3400180B1A209074D20BAE
:10EBB000EA309D329074D41BEA309074D20BEA3064
:10EBC00012E7869074D81BEA309074CA691E00025E
:10EBD0000BEA009074D20BEA309074D80BEA201242
:10EBE000E7AD9074DC793E00021BEA209074CA699C
:10EBF0001E00020BEA002E140008693000020B0A06
:10EC0000209074D40BEA101A021A009AFDDF5E7F7E
:10EC1000019074DC693E00020BEA202F10793E005F
:10EC2000021BEA209074CA691E00020BEA002E142F
:10EC30000010693000020B0A209074D60BEA101AFB
:10EC4000021A009AFDDF5E7F019074DC693E0002CB
:10EC50000BEA202F10793E00021BEA209074CA694B
:10EC60001E00020BEA002E140014693000020B0A89
:10EC7000209074D20BEA101A021A009AFDDF5E90FF
:10EC800074D80BEA101A021A009AFDDF5E7F019019
:10EC900074DC693E00020BEA202F10793E00021B53
:10ECA000EA20740A9074DC693E00020BEA201E34EC
:10ECB0000E2450034E60801478F4793E00021BEA63
:10ECC000209074CA691E00020BEA002E14000C6921
:10ECD0003000020B0A209079FF0BEA101A021A008A
:10ECE0009AFDDF5E12E85A7E14FFD87E0400289A4F
:10ECF000FDE8BB9074DA1BEA309074DA0BEA309AC4
:10ED0000FE288C9074DA0BEA101A021A009074DC58
:10ED1000693E00020BEA209F10793E00021BEA20A8
:10ED20009074DC693E00020BEA207E14FF517E04E1
:10ED300000AF9AFDE8BB1A261A249074DC793E00D5
:10ED4000021BEA209074DC691E00020BEA007E18A8
:10ED500003529F109074E0793E00021BEA209074E9
:10ED6000E0693E00020BEA207E1402B27E04041029
:10ED70009AFDE8BB1A261A249074E0793E00021B23
:10ED8000EA209074E0693E00020BEA20906C8B1B35
:10ED9000EA309074CA693E00020BEA202E34001853
:10EDA0000B1A109074CA693E00020BEA202E340040
:10EDB0001A1B1A109074D20BEA109074CA693E00A4
:10EDC000020BEA202E3400181B1A109074DC691E06
:10EDD00000020BEA009074CA693E00020BEA202E82
:10EDE000340020791100021B1A00AA907E9B1BEAB6
:10EDF00000791E0002907E9B691E00020BEA007ED5
:10EE000034005E9AFDEAE4AA907F401BEA30A2AF8C
:10EE1000920BC3C2AF907F400BEA301A261A24909F
:10EE20006C73793E00021BEA20A20B92AFAAA2AF3C
:10EE3000920CC3C2AF906C73693E00020BEA209043
:10EE40007E9F793E00021BEA20A20C92AF907E9F2B
:10EE5000693E00020BEA207E1480007E047FFF9A48
:10EE6000FDE8BBAA907EA31BEA00791E0002907EFB
:10EE7000A3693E00020BEA204D23685FA2AF920D0A
:10EE8000C3C2AF6D11907EA3693E00020BEA202E33
:10EE90003400181B1A106D11907EA3693E00020BFE
:10EEA000EA202E34001A1B1A109F00907EA3693EA0
:10EEB00000020BEA202E34001C791100021B1A00FC
:10EEC0009F00907EA3693E00020BEA202E340020B2
:10EED000791100021B1A00A20D92AFAA9076C5E02C
:10EEE000BEB00D50717EA003A490EEED7302EF143E
:10EEF00002EF1A02EF5602EF2002EF5602EF26024F
:10EF0000EF2C02EF3202EF3802EF3E02EF4402EF45
:10EF10004A02EF509AFDEF5B80409AFDF120803A63
:10EF20009AFDF1FF80349AFDF2D4802E9AFDF345CC
:10EF300080289AFDF43F80229AFDF444801C9AFDBB
:10EF4000F4CD80169AFDF59780109AFDF5F0800AB1
:10EF50009AFDF62B80049AFE0E0CAA9076C47EEBE6
:10EF6000A074805CBABEB08078209076C7E0BEB056
:10EF70000078179076C6E0BEB000780E9076CA0B87
:10EF8000EA207E340002BD2368079AFE0E0C02F1CF
:10EF90001F9076C47EEBA0740F5CBA146845147899
:10EFA0000302F0240BB1680302F1159076C9E0BEAC
:10EFB000B00078099076C8E0BEB00068079AFE0EEF
:10EFC0000C02F11F7E340A3E7E2400FF9076D07939
:10EFD0003E00021BEA207E3400029076CE1BEA300F
:10EFE00002F11B9076CCE0BEB00478129076C9E0B6
:10EFF000BEB00078099076C8E0BEB00068079AFEFF
:10F000000E0C02F11F7E340A3E7E2400FF9076D063
:10F01000793E00021BEA207E3400029076CE1BEA85
:10F020003002F11B9076CCE0BEB00478099076C92E
:10F03000E0BEB00068079AFE0E0C02F11F9076C881
:10F040007EEBA0740F5CBA907F67F09076C8E014F6
:10F050006864247F680604680302F10F907F67E00C
:10F060007E34000160053E341478FB9076D4E00ACB
:10F070002B5D236D33BD23681F7E340A407E240040
:10F08000FF9076D0793E00021BEA207E3400029089
:10F0900076CE1BEA3002F11B7E340A3E7E2400FF4E
:10F0A0009076D0793E00021BEA207E3400029076F2
:10F0B000CE1BEA308065907F67E07E3400016005FA
:10F0C0003E341478FB9076D5E00A2B5D236D33BD7A
:10F0D00023681E7E340A407E2400FF9076D0793E5D
:10F0E00000021BEA207E3400029076CE1BEA3080BC
:10F0F0002A7E340A3E7E2400FF9076D0793E0002BC
:10F100001BEA207E3400029076CE1BEA30800C9AF7
:10F11000FE0E0C800A9AFE0E0C80049AFE0E1CAAAB
:10F120009076CCE0BEB00478309076C4E0BEB002F9
:10F1300078279076C9E0BEB000781E9076C7E0BE12
:10F14000B00078159076C6E0BEB000780C6D2290C5
:10F1500076CA0BEA30BD3268079AFE0E0C02F1FE49
:10F160009076C87EEBA0740F5CBA907F68F09076C2
:10F17000C8E0146843247F6803047878907F68E0CF
:10F180007E34000160053E341478FB7CB77CAB6EA6
:10F19000A0FF9076D4E05CBAF0740E907F687EEBAE
:10F1A000709AFE0B9A74117E70409AFE0B9A740E40
:10F1B0006C779AFE0B9A8042907F68E07E34000163
:10F1C00060053E341478FB7CB77CAB6EA0FF907674
:10F1D000D5E05CBAF0740E907F687EEB709AFE0BFF
:10F1E0009A74147E70809AFE0B9A740E6C779AFE55
:10F1F0000B9A80069AFE0E0C80049AFE0E40AA908E
:10F2000076CCE0BEB00478309076C4E0BEB0027830
:10F21000279076C9E0BEB000781E9076C7E0BEB0F9
:10F220000078159076C6E0BEB000780C6D2290761E
:10F23000CA0BEA30BD3268079AFE0E0C02F2D39078
:10F2400076C87EEBA0740F5CBA907F69F09076C8A8
:10F25000E014683E247F680304786E907F69E07E46
:10F2600034000160053E341478FB7CA79076D4E02E
:10F270004CBAF0740E907F697EEB709AFE0B9A7414
:10F28000117E70109AFE0B9A740E6C779AFE0B9A90
:10F29000803D907F69E07E34000160053E34147843
:10F2A000FB7CA79076D5E04CBAF0740E907F697E17
:10F2B000EB709AFE0B9A74147E70209AFE0B9A746F
:10F2C0000E6C779AFE0B9A80069AFE0E0C80049ABA
:10F2D000FE0E40AA9076C4E0BEB00078339076C9A6
:10F2E000E0BEB000782A9076C8E0BEB000782190E9
:10F2F00076C7E0BEB00078189076C67EEBA074802A
:10F30000BCAB500C6D229076CA0BEA30BD32680659
:10F310009AFE0E0C802E9076C6E0907F6AF0E49004
:10F320007F6A7EEB709AFE0B9A907F6AE0BEB00017
:10F33000680874039076CCF0800674029076CCF066
:10F340009AFE0E40AA9076C47EEBA074805CBABE92
:10F35000B08068079AFE0E0C02F43E9076C7E01B60
:10F36000B168291468440BB1680302F4187E3409AB
:10F37000E97E2400FF9076D0793E00021BEA207ED1
:10F380003400129076CE1BEA3002F41E7E3409FB64
:10F390007E2400FF9076D0793E00021BEA207E3466
:10F3A00000439076CE1BEA3080749076C6E01468F5
:10F3B000251468400BB1785A7E3409E57E2400FF9D
:10F3C0009076D0793E00021BEA207E3400049076CD
:10F3D000CE1BEA3080487E340A427E2400FF9076BD
:10F3E000D0793E00021BEA207E3400089076CE1BC6
:10F3F000EA30802A7E3409C77E2400FF9076D079D7
:10F400003E00021BEA207E34001E9076CE1BEA30BE
:10F41000800C9AFE0E0C80269AFE0E0C80209076B0
:10F42000CA0BEA209076CE0BEA30BD32280C9076DB
:10F43000CA0BEA309076CE1BEA309AFE0E1CAA9ACE
:10F44000FE0E0CAA9076C4E0BEB08078329076C7EB
:10F45000E0BEB00078299076C6E0BEB0007820907B
:10F4600076C9E0BEB00078179076C8E0BEB00078EC
:10F470000E9076CA0BEA207E340001BD2368069AFE
:10F48000FE0E0C80479076CCE0BEB004781E7E3431
:10F490000A407E2400FF9076D0793E00021BEA20CD
:10F4A0007E3400019076CE1BEA30801C7E340A3E0A
:10F4B0007E2400FF9076D0793E00021BEA207E3445
:10F4C00000019076CE1BEA309AFE0E1CAA9076CCF4
:10F4D000E0BEB00268309076C4E0BEB000782790FD
:10F4E00076C7E0BEB000781E9076C9E0BEB0007866
:10F4F000159076C8E0BEB000780C6D229076CA0BED
:10F50000EA30BD3268079AFE0E0C02F5969076C678
:10F51000E0BEB001786A74049076CCF0E49076D4C2
:10F52000F0E49076D5F0740E7E70019AFE0B9A741A
:10F53000127E70209AFE0B9A74107E70089AFE0B51
:10F540009A740E7E70029AFE0B9A74127E70209A44
:10F55000FE0B9A74107E70089AFE0B9A740E7E70E1
:10F56000019AFE0B9A74126C779AFE0B9A74137EB2
:10F5700070089AFE0B9A740E6C779AFE0B9A8012A2
:10F5800074039076CCF074FF9076D4F074FF90768C
:10F59000D5F09AFE0E40AA9076CCE0BEB004782951
:10F5A0009076C4E0BEB08178209076C7E0BEB0000F
:10F5B00078179076C9E0BEB000780E9076CA0BEA54
:10F5C000207E340001BD2368069AFE0E0C80207E4A
:10F5D000340A3E7E2400FF9076D0793E00021BEA7A
:10F5E000207E3400019076CE1BEA309AFE0E1CAAD3
:10F5F0009076CCE0BEB00478279076C4E0BEB0012F
:10F60000781E9076C7E0BEB00078159076C9E0BE4F
:10F61000B000780C6D229076CA0BEA30BD326806D5
:10F620009AFE0E0C80049AFE0E40AA9AFE0E0CAAB8
:10F63000907ECDF0907ECB1BEA306D22907ECB0B7E
:10F64000EA300E340E340E340E34BD32784E907ED5
:10F65000CB0BEA307C677E700F5C76907ECD7EEBC4
:10F66000A074015CAB7CB760053EA01478FB7CBA4B
:10F6700042B8907ECB0BEA307C677E700F5C769050
:10F680007ECD7EEB601E607EA0015CA67CB760052F
:10F690003EA01478FB7CBA42B702FC5F907ECB0B95
:10F6A000EA200E240E240E240E247E340001BD23F5
:10F6B000784E907ECB0BEA307C677E700F5C769044
:10F6C0007ECD7EEBA074015CAB7CB760053EA014E0
:10F6D00078FB7CBA42B5907ECB0BEA307C677E70BB
:10F6E0000F5C76907ECD7EEB601E607EA0015CA6F6
:10F6F0007CB760053EA01478FB7CBA42B602FC5F82
:10F70000907ECB0BEA200E240E240E240E247E3491
:10F710000002BD23780302FC5F907ECB0BEA509E73
:10F72000540030BE54002C400302FC5F7EA003A4B2
:10F7300090F7347302F7B802F7E502F81202F83FC7
:10F7400002F86C02F89902F8C602F8F302F92002F6
:10F75000F94F02F97E02F9AD02F9DC02FA0B02FA66
:10F760003A02FA6902FA9802FC5F02FC5F02FC5F4F
:10F7700002FC5F02FC5F02FC5F02FC5F02FC5F02B6
:10F78000FC5F02FC5F02FC5F02FC5F02FC5F02FCAC
:10F790005F02FC5F02FAC702FAC702FAC702FAC7A1
:10F7A00002FAC702FAC702FAC702FAC702FB9502B9
:10F7B000FB9502FB9502FB9574F97E14FBB27E0467
:10F7C000007E7E0B705C7B7A0B70907ECD7EEB6052
:10F7D0003E607E14FBB27E04007E7E0B704C767A17
:10F7E0000B7002FC5F743F7E14FBB27E04007E7ED1
:10F7F0000B705C7B7A0B70907ECDE0030354C07E6F
:10F8000014FBB27E04007E7E0B704C7B7A0B700280
:10F81000FC5F74F97E14FBBA7E04007E7E0B705C84
:10F820007B7A0B70907ECD7EEB603E607E14FBBADF
:10F830007E04007E7E0B704C767A0B7002FC5F7447
:10F840003F7E14FBBA7E04007E7E0B705C7B7A0BDD
:10F8500070907ECDE0030354C07E14FBBA7E04009A
:10F860007E7E0B704C7B7A0B7002FC5F74F97E1409
:10F87000FBC27E04007E7E0B705C7B7A0B70907EF8
:10F88000CD7EEB603E607E14FBC27E04007E7E0B6C
:10F89000704C767A0B7002FC5F743F7E14FBC27E64
:10F8A00004007E7E0B705C7B7A0B70907ECDE00353
:10F8B0000354C07E14FBC27E04007E7E0B704C7B22
:10F8C0007A0B7002FC5F74F97E14FBCA7E04007E22
:10F8D0007E0B705C7B7A0B70907ECD7EEB603E6021
:10F8E0007E14FBCA7E04007E7E0B704C767A0B7011
:10F8F00002FC5F743F7E14FBCA7E04007E7E0B70A8
:10F900005C7B7A0B70907ECDE0030354C07E14FBC9
:10F91000CA7E04007E7E0B704C7B7A0B7002FC5F0B
:10F9200074F37E14FA387E04007E7E0B705C7B7A62
:10F930000B70907ECD7EEB603E603E607E14FA38A8
:10F940007E04007E7E0B704C767A0B7002FC5F7436
:10F95000F37E14FA487E04007E7E0B705C7B7A0B8B
:10F9600070907ECD7EEB603E603E607E14FA487EF5
:10F9700004007E7E0B704C767A0B7002FC5F74F391
:10F980007E14FA587E04007E7E0B705C7B7A0B70CE
:10F99000907ECD7EEB603E603E607E14FA587E0421
:10F9A000007E7E0B704C767A0B7002FC5F74F37EE7
:10F9B00014FA687E04007E7E0B705C7B7A0B70907C
:10F9C0007ECD7EEB603E603E607E14FA687E040071
:10F9D0007E7E0B704C767A0B7002FC5F74F37E14A3
:10F9E000F7607E04007E7E0B705C7B7A0B70907EED
:10F9F000CD7EEB603E603E607E14F7607E04007E4C
:10FA00007E0B704C767A0B7002FC5F74F37E14F7F9
:10FA1000907E04007E7E0B705C7B7A0B70907ECDB6
:10FA20007EEB603E603E607E14F7907E04007E7E3A
:10FA30000B704C767A0B7002FC5F74F37E14F7C087
:10FA40007E04007E7E0B705C7B7A0B70907ECD7E98
:10FA5000EB603E603E607E14F7C07E04007E7E0B4D
:10FA6000704C767A0B7002FC5F74F37E14F7F07EB4
:10FA700004007E7E0B705C7B7A0B70907ECD7EEBFB
:10FA8000603E603E607E14F7F07E04007E7E0B7068
:10FA90004C767A0B7002FC5F74F37E14FA707E046D
:10FAA000007E7E0B705C7B7A0B70907ECD7EEB606F
:10FAB0003E603E607E14FA707E04007E7E0B704CC9
:10FAC000767A0B7002FC5F907ECDE00A2B1E246DCF
:10FAD00033BD23682B907ECB0BEA507CAB740F5C5C
:10FAE000BA7E34000160053E341478FB7C677E14D6
:10FAF000FD617E04007E7E0B704C767A0B70802B4D
:10FB0000907ECB0BEA507CAB740F5CBA7E34000164
:10FB100060053E341478FB7CB764FF7E14FD617E83
:10FB200004007E7E0B705C7B7A0B70907ECDE00AC9
:10FB30003B7E2400015D236D33BD23682C907ECB7A
:10FB40000BEA507CAB740F5CBA7E34000160053E5A
:10FB5000341478FB7C677E14FD607E04007E7E0B8F
:10FB6000704C767A0B7002FC5F907ECB0BEA507C77
:10FB7000AB740F5CBA7E34000160053E341478FB30
:10FB80007C677E14FD607E04007E7E0B704C767A6E
:10FB90000B7002FC5F907ECDE00A2B1E246D33BDFE
:10FBA00023682B907ECB0BEA507CAB740F5CBA7E43
:10FBB00034000160053E341478FB7C677E14FD63DD
:10FBC0007E04007E7E0B704C767A0B70802B907ECC
:10FBD000CB0BEA507CAB740F5CBA7E34000160053D
:10FBE0003E341478FB7CB764FF7E14FD637E040012
:10FBF0007E7E0B705C7B7A0B70907ECDE00A3B7E44
:10FC00002400015D236D33BD23682B907ECB0BEA6E
:10FC1000507CAB740F5CBA7E34000160053E341436
:10FC200078FB7C677E14FD627E04007E7E0B704C48
:10FC3000767A0B708029907ECB0BEA507CAB740FE8
:10FC40005CBA7E34000160053E341478FB7C677E2C
:10FC500014FD627E04007E7E0B704C767A0B70AAD7
:10FC6000C3C2AFAAD3D2AFAA745AF5C674A5F5C65B
:10FC700000000000AA7480F5C79AFDFC94AAE4F580
:10FC8000C7AA7EA1C774015CBABEB0017804740132
:10FC90008001E4AA7E1442407E04000F907DFB693F
:10FCA0003E00020BEA209AFDDF7A7CB7907F5BF082
:10FCB000907F5BE00A4B7E5400012D54F5F5AA902D
:10FCC0007DB51BEA20793E0002C3C202A2AF9202B8
:10FCD000C3C2AF7401F5C5907DB5695E00020BEA41
:10FCE00040F5C4907DB5693E00020BEA207CB6F574
:10FCF000C3907DB5693E00020BEA207CB5F5F69A0B
:10FD0000FDFC68E5C2907DB9F0A20292AF907DB98A
:10FD1000E0AA907DBEF0907DBA1BEA20793E0002F9
:10FD2000C3C203A2AF9203C3C2AF7402F5C5907DF4
:10FD3000BA695E00020BEA40F5C4907DBA693E00E4
:10FD4000020BEA207CB6F5C3907DBA693E00020B37
:10FD5000EA207CB5F5F6907DBEE0F5C29AFDFC6820
:10FD6000A20392AFAA907A0C1BEA00791E000290BF
:10FD70007A081BEA20793E00028048907A08693EA2
:10FD800000020BEA209AFDFCBF907A0C693E00024B
:10FD90000BEA207A1BB0907A0C693E00020BEA2035
:10FDA0000B34907A0C793E00021BEA20907A0869A5
:10FDB0001E00020BEA007E1800012F10793E00029F
:10FDC0001BEA20907A100BEA207E1400017D329D00
:10FDD000311BEA306D33BD2378A1AA907A161BEA55
:10FDE00000791E0002907A121BEA20793E00028000
:10FDF00045907A12693E00020BEA20907A16691E3D
:10FE000000020BEA007E0BB09AFDFD12907A126997
:10FE10001E00020BEA007E1800012F10793E00023E
:10FE20001BEA20907A16693E00020BEA200B347917
:10FE30003E00021BEA20907A1A0BEA207E14000191
:10FE40007D329D311BEA306D33BD2378A4AA907EAC
:10FE5000131BEA20793E0002C3C204A2AF9204C37E
:10FE6000C2AF7403F5C5907E13695E00020BEA40D1
:10FE7000F5C4907E13693E00020BEA207CB6F5C300
:10FE8000907E13693E00020BEA207CB5F5F69AFDE0
:10FE9000FC68A20492AF7E1403E8907DFB693E00EB
:10FEA000020BEA209AFDDF787E14000A9AFDDF6FCC
:10FEB0009AFE3588AA905D601BEA20905D5C1BEA83
:10FEC00000791E0002905D5A1BEA307E3445727E36
:10FED0002400FE7E145D627E0400017E5402009ABE
:10FEE000FDE0036D33905F621BEA308023E4905F96
:10FEF000620BEA207E345D622D327A71827A6183F0
:10FF0000F0905F620BEA207E3400012D321BEA3054
:10FF1000905F620BEA207E340200BD2340CF7E3426
:10FF20000200907A101BEA30905D5A0BEA207E3472
:10FF3000FE005D326D227E145D627E0400019AFD3A
:10FF4000FD656D33905F621BEA308045905F620B08
:10FF5000EA10905D5C693E00020BEA202D317E1BA9
:10FF6000B0905D5A0BEA207E3401FF5D32905F62F3
:10FF70000BEA202D237E345D622D327A71827A6104
:10FF800083F0905F620BEA207E3400012D321BEA81
:10FF900030905D600BEA20905F620BEA30BD32402A
:10FFA000AB905D5A0BEA306D229AFDFE4E7E340214
:10FFB00000907A1A1BEA30905D5A0BEA207E34FEDC
:10FFC000005D326D227E145D627E0400019AFDFDAB
:10FFD000DBAA7F217F707F10800A7E2B307A1B3056
:10FFE0000B540B34691FFFFC7D011B04790FFFFCD0
:0DFFF0004D1178E67F17AA28302900300057
:0200000400FEFC
:10000000907F361BEA306D22907F360BEA30BD328E
:10001000580E907F360BEA306E34FFFF0B348006AB
:10002000907F360BEA3022907EFD7AEB60907EFC6A
:100030007AEB70907EFBF090664B7EEBA0907EFB9F
:10004000E0BCBA280E9065D27EEBA0907EFBE0BCAF
:10005000BA3803E48043907EFC7EEBA07401BCAB15
:10006000280C907EFD7EEBA074BABCAB4003E4800C
:1000700028907EFD7EEBA0907EFCE0BCBA4003E4BD
:100080008017907EFCE0907EFD7EEBA09CAB74140C
:10009000BCAB5003E480027401226D339076561B92
:1000A000EA30E4907661F0E4907659F0E490765A84
:1000B000F06D339076641BEA30E490765BF0E49068
:1000C0007658F0E4907663F0E490765DF0E4907614
:1000D0005EF0E4907653F0E490765FF022907F6CCF
:1000E000F0907F6CE0907666F022907F6DF09076D5
:1000F000607EEBA0907F6DE0BCBA68607E340071DA
:10010000907F6DE0BEB001780474018001E49AFD37
:1001100026217E340073907F6DE0BEB002780474B7
:10012000018001E49AFD26217E340076907F6DE007
:10013000BEB004780474018001E49AFD26217E3467
:100140000077907F6DE0BEB000780474018001E418
:100150009AFD2621907F6DE0907660F022E41200F7
:10016000EA22E4907666F0E490765CF0E4907655CE
:10017000F0E4907660F0E4907662F012009A7E34BB
:1001800000717E240001E47E1400109AFD29C77ED0
:100190003400737E240001E47E1400109AFD29C708
:1001A0007E3400767E240001E47E1400109AFD293E
:1001B000C77E3400777E24000174017E1400109AFB
:1001C000FD29C7AA907F6EF0907F6EE0BEB00068F8
:1001D00012E4907666F0E490765CF0E4907655F068
:1001E00012015DAA907655E0BEB000681D9076556C
:1001F0007EEBA07E70017CBA9CB7F0E4907666F04E
:10020000E490765CF012015D806D90765CE030E702
:100210001FE4907666F090765C7EEBA074075CBA83
:100220001200EAE490765CF07422907655F08047F4
:10023000907666E0907F6FF0E4907666F0907F6F46
:10024000E0BEB001681C907F6FE0BEB00268139002
:100250007F6FE0BEB004680AE490765CF012015D46
:100260008015907F6F7EEBA074804CBA90765CF026
:10027000907F6FE01200EAAAE4907662F012009A92
:10028000E41200DDAA906596E090767DF090651C02
:10029000E090767EF09065A8E090767FF090652EF5
:1002A000E0907680F0743D90767D7EEB7090767E67
:1002B0007EEB60120027BEB0006816744F90767F08
:1002C0007EEB709076807EEB60120027BEB00078E7
:1002D0001912009A907662E0BEB000680674019030
:1002E0007662F0E41200DD0205A590767F7EEBA039
:1002F00090767DE0BCBA280690767DE0800490760A
:100300007FE0907681F09076807EEBA090767EE024
:10031000BCBA500690767EE08004907680E09076BD
:1003200082F0E4907683F074BB907684F0E490766B
:1003300085F0E4907686F0743F90767AF00203E5DB
:1003400090767AE00A2B7E3465592D327A71827A62
:100350006183E090767BF090767AE00A2B7E3464BD
:10036000DF2D327A71827A6183E090767CF090762C
:100370007AE090767B7EEB7090767C7EEB6012006C
:1003800027BEB000781912009A907662E0BEB000E5
:1003900068067401907662F0E41200DD0205A59013
:1003A00076837EEBA090767BE0BCBA281090767BBB
:1003B000E0907683F090767AE0907685F09076847F
:1003C0007EEBA090767CE0BCBA501090767CE090FA
:1003D0007684F090767AE0907686F07EA002907631
:1003E0007AE02CBAF090767A7EEBA0744FBCAB50DA
:1003F00003020340907681E00A2B907683E00A3B6B
:100400009D329076891BEA30907684E00A2B9076B4
:1004100082E00A3B9D3290768B1BEA30E49076872F
:10042000F0E4907688F09076890BEA207E3400081C
:10043000BD23483590768B0BEA207E340008BD231F
:100440004827907686E00A2B907685E00A3B9D321D
:100450001200007E240004BD321844740290768796
:10046000F07402907688F080369076890BEA207ED0
:10047000340008BD23480E7401907687F074019013
:100480007688F0801A90768B0BEA207E340008BDC7
:1004900023480C7404907687F07403907688F0906B
:1004A0007687E0BEB000783012009AE41200DD904A
:1004B0007662E0BEB00178097402907662F00205BF
:1004C000A59076627EEBA07402BCAB50030205A53A
:1004D000E4907662F00205A5907688E00A3B90767B
:1004E000561BEA307401907661F0907688E0BEB0D9
:1004F000017806907685E0801F907688E0BEB00394
:100500007806907686E08010907686E00A4B9076AA
:1005100085E00A5B2D541E5490765AF0907688E060
:10052000BEB0017806907683E0801F907688E0BEAA
:10053000B0037806907684E08010907684E00A4BD1
:10054000907683E00A5B2D541E54907659F0907695
:1005500059E00A3B7E24005E9D329076641BEA30AF
:10056000740190765BF0743D907658F0744F9076FD
:1005700063F0907683E090765DF0907684E09076FC
:100580005EF0907688E0907653F0E490765FF0909D
:100590007662E0BEB0007807907687E01200DD74E6
:1005A00001907662F0AA907E1D1BEA20907E1B1BB4
:1005B000EA30907E1B0BEA207E340142BD23782F67
:1005C000907E1D0BEA301B3468090B34780AC3C2D5
:1005D000888016D3D2888011E47E144F117E0400E7
:1005E000FE7E3400409AFE2ABAD3D2A8020B1490A1
:1005F0007E1B0BEA207E340243BD23782F907E1DA4
:100600000BEA301B3468090B34780AC3C28A80169F
:10061000D3D28A8011E47E144F117E0400FE7E3412
:1006200000509AFE2ABAD3D2AA020B14907E1B0B5A
:10063000EA207E340346BD23782F907E1D0BEA30DE
:100640001B3468090B34780AC3C28A8016D3D28A55
:100650008011E47E144F117E0400FE7E3400609A07
:10066000FE2ABA438F10020B14907E1B0BEA207EE9
:10067000340447BD237829907E1D0BEA207E340088
:1006800001BD23780474018001E47E144F117E04BF
:1006900000FE7E3400679AFE2ABA438F20020B14B4
:1006A000907E1B0BEA207E340540BD237829907E86
:1006B0001D0BEA207E340001BD2378047401800103
:1006C000E47E144F117E0400FE7E34006C9AFE2AF4
:1006D000BA438F40020B14907E1B0BEA507CAB7424
:1006E0000F5CBA7E34000160053E341478FB7C67F1
:1006F000907E1B0BEA207D421A487E54000F5D5409
:100700001A4A1A487E14FD007E04007E2F027E0BDA
:10071000704C767A0B70907E1D0BEA302E34000000
:100720007803020A531B3578030208091B34780347
:100730000208CD1B3478030209912E3400036803AC
:10074000020B14907E1B0BEA507CAB740F5CBA7EDC
:1007500034000160053E341478FB7CB764FF907E62
:100760001B0BEA307D231A247E34000F5D321A26DB
:100770001A247E14F4E07E04007E2F017E0B705C50
:100780007B7A0B70907E1B0BEA507CAB740F5CBACB
:100790007E34000160053E341478FB7CB764FF9022
:1007A0007E1B0BEA307D231A247E34000F5D321A43
:1007B000261A247E14FD307E04007E2F017E0B70ED
:1007C0005C7B7A0B70907E1B0BEA507CAB740F5CE9
:1007D000BA7E34000160053E341478FB7CB764FFB8
:1007E000907E1B0BEA307D231A247E34000F5D328D
:1007F0001A261A247E14FD207E04007E2F017E0B13
:10080000705C7B7A0B70020B14907E1B0BEA507CA1
:10081000AB740F5CBA7E34000160053E341478FB83
:100820007CB764FF907E1B0BEA307D231A247E3454
:10083000000F5D321A261A247E14F4E07E04007E36
:100840002F017E0B705C7B7A0B70907E1B0BEA5045
:100850007CAB740F5CBA7E34000160053E341478C2
:10086000FB7CB764FF907E1B0BEA307D231A247E4D
:1008700034000F5D321A261A247E14FD307E0400E7
:100880007E2F017E0B705C7B7A0B70907E1B0BEAD7
:10089000507CAB740F5CBA7E34000160053E3414AA
:1008A00078FB7C67907E1B0BEA207D421A487E54C1
:1008B000000F5D541A4A1A487E14FD207E04007E03
:1008C0002F027E0B704C767A0B70020B14907E1BFD
:1008D0000BEA507CAB740F5CBA7E34000160053EBD
:1008E000341478FB7CB764FF907E1B0BEA307D23C9
:1008F0001A247E34000F5D321A261A247E14F4E086
:100900007E04007E2F017E0B705C7B7A0B70907EE4
:100910001B0BEA507CAB740F5CBA7E34000160059F
:100920003E341478FB7C67907E1B0BEA207D421AD4
:10093000487E54000F5D541A4A1A487E14FD307EDA
:1009400004007E2F027E0B704C767A0B70907E1B1B
:100950000BEA507CAB740F5CBA7E34000160053E3C
:10096000341478FB7CB764FF907E1B0BEA307D2348
:100970001A247E34000F5D321A261A247E14FD20BC
:100980007E04007E2F017E0B705C7B7A0B70020B65
:1009900014907E1B0BEA507CAB740F5CBA7E340063
:1009A0000160053E341478FB7CB764FF907E1B0B1E
:1009B000EA307D231A247E34000F5D321A261A2471
:1009C0007E14F4E07E04007E2F017E0B705C7B7A47
:1009D0000B70907E1B0BEA507CAB740F5CBA7E34BC
:1009E000000160053E341478FB7C67907E1B0BEAA7
:1009F000207D421A487E54000F5D541A4A1A487EE0
:100A000014FD307E04007E2F027E0B704C767A0B34
:100A100070907E1B0BEA507CAB740F5CBA7E340086
:100A20000160053E341478FB7C67907E1B0BEA2046
:100A30007D421A487E54000F5D541A4A1A487E14AB
:100A4000FD207E04007E2F027E0B704C767A0B70A8
:100A5000020B14907E1B0BEA507CAB740F5CBA7EC9
:100A600034000160053E341478FB7C67907E1B0BDC
:100A7000EA207D421A487E54000F5D541A4A1A48F3
:100A80007E14F4E07E04007E2F027E0B704C767A9A
:100A90000B70907E1B0BEA507CAB740F5CBA7E34FB
:100AA000000160053E341478FB7CB764FF907E1B28
:100AB0000BEA307D231A247E34000F5D321A261A89
:100AC000247E14FD307E04007E2F017E0B705C7B43
:100AD0007A0B70907E1B0BEA507CAB740F5CBA7E75
:100AE00034000160053E341478FB7CB764FF907ECF
:100AF0001B0BEA307D231A247E34000F5D321A2648
:100B00001A247E14FD207E04007E2F017E0B705C73
:100B10007B7A0B70AAE4F5DC7490F5F4E46C779AB8
:100B2000FE0B9A74017E70089AFE0B9A74077E7011
:100B30003F9AFE0B9A74097E703F9AFE0B9A740BD3
:100B40007E70079AFE0B9A74016C779AFE0B9A746A
:100B5000029076CCF0E49076CDF0E49076D4F0E498
:100B60009076D5F0C3C200C3C20143B58043B680BE
:100B7000D3A9D7AFAA907F28F0E5FC20E7FB907FB0
:100B8000287EEBA074804CBAF5FCE5FC20E7FBE581
:100B9000EC907F29F0907F29E0AA907F2B7AEB7070
:100BA000907F2AF0E5FC20E7FB907F2A7EEBA07483
:100BB0007F5CBAF5FC907F2BE0F5ECAA907C6D1B76
:100BC000EA00791E0002907C6CF074169AFE0B7598
:100BD000907C71F0907C72F0802B907C6CE09AFE9F
:100BE0000B75907C6D693E00020BEA207A1BB09079
:100BF0007C6D693E00020BEA200B34907C6D793EDF
:100C000000021BEA20907C717EEBA07E70017CBA12
:100C10009CB7F0BEA00078C2907C72E0AA907D37AD
:100C20007AEB70907D331BEA00791E0002907D32D2
:100C3000F0801E907D32E0907D33691E00020BEA49
:100C4000007E0B700B14791E00021BEA009AFE0B4B
:100C50009A907D377EEBA07E70017CBA9CB7F0BE87
:100C6000A00078CFAACA7BCA6BCA5BCA4BCA2BCA80
:100C70001BCA0BC0D0C083C082E5FC907E82F0749A
:100C8000069AFE0B75907E7FF074029AFE0B7590AB
:100C90007E80F074049AFE0B75907E81F0907E7FCA
:100CA000E030E1049AFE0D05907E7FE030E2049A88
:100CB000FE0D06907E80E030E0049AFE0D58907E96
:100CC00080E030E1049AFE0F6E907E80E030E20416
:100CD0009AFE0FA4907E81E030E1049AFE0FD79037
:100CE0007E7FE030E0049AFE0D57907E82E0F5FCB6
:100CF000D082D083D0D0DA0BDA1BDA2BDA4BDA5B76
:100D0000DA6BDA7B32AAE46C779AFE0B9A74029063
:100D100076CCF0E49076CDF0740E7E70019AFE0BE6
:100D20009A74117E70489AFE0B9A740E7E70029A25
:100D3000FE0B9A74117E70489AFE0B9A740E7E70A8
:100D4000019AFE0B9A74147E70909AFE0B9A740EA0
:100D50006C779AFE0B9AAAAA740E6C779AFE0B9A7D
:100D600074119AFE0B75907F64F0907F64E030E21E
:100D7000167411907F647EEB707E60FB5C769AFE49
:100D80000B9AE49076CDF0907F64E030E41174111A
:100D9000907F647EEB707E60804C769AFE0B9A901A
:100DA00076CDE024FD685A14685D0BB2785D907FC3
:100DB00064E030E05674207E1476C47E0400019A0C
:100DC000FE0BBC9076CA0BEA309AFE37D19076CAF9
:100DD0001BEA309076C47EEBA074605CBA24E068B5
:100DE0000E24E06810244078129AFDEEDC801C9AF4
:100DF000FE369680169AFCFFFA80109AFE0E0C8042
:100E00000A9AFE0E4F80049AFE0EEDAA74059076A3
:100E1000CDF074117E70609AFE0B9AAA74039076DE
:100E2000CDF074117E70409AFE0B9A9AFE0E4FAA76
:100E300074049076CDF074117E70409AFE0B9AAADD
:100E4000E49076CDF074117E70489AFE0B9AAA74E5
:100E50000E6C779AFE0B9A74119AFE0B75907F2C8C
:100E6000F0907F2CE030E103020EEC9076CE0BEA9E
:100E7000207E340040BD232804744080069076CE46
:100E80000BEA50907F2DF074209076D0691E0002FE
:100E90000BEA00907F2D7EEB709AFE0C1D907F2D4B
:100EA000E00A2B9076CE0BEA309D321BEA30907F21
:100EB0002DE00A1B9076D0693E00020BEA202D310E
:100EC000793E00021BEA206D229076CE0BEA30BDFF
:100ED00032781074117E700A9AFE0B9AE49076CDE7
:100EE000F0800974117E70029AFE0B9AAA740E6C3F
:100EF000779AFE0B9A74119AFE0B75907F2EF090E4
:100F00007F2EE030E06774209076D0691E00020BDF
:100F1000EA009AFE0BBC907F2FF0907F2FE00A2B07
:100F20009076CE0BEA309D321BEA30907F2FE00A9C
:100F30001B9076D0693E00020BEA202D31793E00ED
:100F4000021BEA206D229076CE0BEA30BD3278107B
:100F500074117E70489AFE0B9AE49076CDF0800969
:100F600074117E70409AFE0B9A9AFE374FAA740E47
:100F70007E70019AFE0B9A74119AFE0B75907F6534
:100F8000F0907F65E030E50974117E70409AFE0BA9
:100F90009A907F65E030E20874116C779AFE0B9AA4
:100FA000C3C200AA740E7E70029AFE0B9A74119A44
:100FB000FE0B75907F66F0907F66E030E509741156
:100FC0007E70409AFE0B9A907F66E030E2087411C2
:100FD0006C779AFE0B9AAA740E7E70019AFE0B9A99
:100FE00074149AFE0B75906F68F0906F68E030E6AD
:100FF0000974147E70809AFE0B9A906F68E030E05E
:101000007774169AFE0B75906F69F0E4906F6AF032
:10101000802874219AFE0B757CAB906F6AE00A2BD6
:101020007E346F6B2D327A71827A61837AEBA09075
:101030006F6A7EEBA074012CBAF0906F697EEBA012
:10104000906F6AE0BCBA40CA907E5F693E00020BB6
:10105000EA204D23681A7E146F6B7E040001906FA6
:1010600069E00A3B907E5F695E00020BEA409928C6
:1010700074146C779AFE0B9AAA907F4E1BEA306D1F
:1010800022907F4E0BEA30BD32580E907F4E0BEA15
:10109000306E34FFFF0B348006907F4E0BEA302217
:1010A0009078101BEA307450907812F09078127E8D
:1010B000EBA07478BCAB40067477907812F090780F
:1010C000127EEBA074142CBA907813F09078137EF3
:1010D000EBA07478BCAB40067477907813F09078EE
:1010E00012E00A2B7E3465D32D327A71827A6183C5
:1010F000E00A3B7E24005E9D3290781A1BEA309015
:101100007813E00A2B7E3465D32D327A71827A61AE
:1011100083E00A2B907812E00A1B7E3465D32D31D0
:101120007A71827A6183E00A3B9D3290781C1BEAD7
:101130003090781A0BEA301210797E24000ABD3202
:10114000181D90781C0BEA301210797E240006BD21
:1011500032180C7E3400089078141BEA30800A7E26
:101160003400189078141BEA309078140BEA207E33
:10117000340018BD2368030212509078100BEA2047
:101180007E340352BD23400E9078100BEA307E244B
:1011900003529D32800C9078100BEA207E3403526B
:1011A0009D329078161BEA30907C250BEA207E3425
:1011B0000352BD23400E907C250BEA307E2403525F
:1011C0009D32800C907C250BEA207E3403529D32A8
:1011D0009078181BEA309078180BEA209078160B5C
:1011E000EA30BD3240389078100BEA207E3403524A
:1011F000BD23500E907C250BEA207E340352BD2384
:10120000381C9078100BEA207E340352BD23281A34
:10121000907C250BEA207E340352BD23500C7E3493
:1012200000129078141BEA30802690781A0BEA207E
:101230007E34FFECBD23480E90781A0BEA207E34F2
:101240000014BD23080A7E3400289078141BEA306D
:10125000907C250BEA209078100BEA30BD322839BB
:10126000907C250BEA309078100BEA209D23907833
:10127000140BEA30BD2328139078140BEA20907CDD
:10128000250BEA302D321BEA3080459078100BEAAE
:1012900030907C251BEA3080379078100BEA309034
:1012A0007C250BEA209D239078140BEA30BD23287F
:1012B000139078140BEA20907C250BEA309D321BAA
:1012C000EA30800C9078100BEA30907C251BEA30D5
:1012D000907C250BEA30227E146C677E0400019A14
:1012E000FDEE64AA907F501BEA30907F500BEA20FD
:1012F0007E340001BD236816907F500BEA207E34B7
:101300000002BD2368086D33907F501BEA30A2AF06
:10131000920FC3C2AF907F500BEA20907C290BEA5A
:1013200030BD326820907F500BEA30907C291BEA58
:10133000306D33907C231BEA307E146C677E040092
:10134000019AFDEE64A20F92AFAA907F521BEA3081
:10135000907F520BEA207E3400BBBD23080C7E3404
:1013600000BB907F521BEA308018907F520BEA201E
:101370007E34FF45BD23580A7E34FF45907F521BC3
:10138000EA30A2AF9210C3C2AF907F520BEA309006
:101390007C271BEA30A21092AFAA7E340352907CC5
:1013A000251BEA307E1803529076B8793E00021B66
:1013B000EA207E348AB27E0800649AFDD0B574803B
:1013C0007E14F6DD7E04007E7E0B704C7B7A0B7003
:1013D000AA907EBB1BEA20793E0002907EBB693E4C
:1013E00000020BEA20BE18041028107E180410908A
:1013F0007EBB793E00021BEA20801E907EBB693EC8
:1014000000020BEA20BE1802B2500E7E1802B29003
:101410007EBB793E00021BEA207E348AB2907EBBFE
:10142000691E00020BEA009AFDCED7AAA2AF921164
:10143000C3C2AF907C290BEA30907C2B1BEA309022
:101440007C270BEA30907C2D1BEA30907C230BEA42
:1014500030907C2F1BEA30907C2B0BEA207E3400EE
:1014600001BD2368030214EC907C2D0BEA20907CD4
:101470002F0BEA30BD32582D7E240006907C2F0BB6
:10148000EA302D321BEA30907C2D0BEA20907C2F25
:101490000BEA30BD320849907C2D0BEA30907C2F4E
:1014A0001BEA30803B907C2D0BEA20907C2F0BEACE
:1014B00030BD32082B7E240006907C2F0BEA309D35
:1014C000321BEA30907C2D0BEA20907C2F0BEA3007
:1014D000BD32580C907C2D0BEA30907C2F1BEA30EB
:1014E000907C2F0BEA30907C231BEA30A21192AF44
:1014F000907C2B0BEA207E340002BD23780C7E34D6
:101500000352906C8B1BEA308040907C2B0BEA20BE
:101510007E340001BD237826907C2F0BEA207E3498
:10152000005E2D32907C311BEA307E146C677E04A5
:101530000001907C310BEA309AFDEAE4800C7E14C5
:101540006C677E0400019AFDEDEB6D22907C2B0B05
:10155000EA30BD32781A906B2DE0BEB00078119061
:101560006C8B0BEA301210A0906C8B1BEA30800C55
:10157000906C8B0BEA30907C251BEA30906C8B0BC7
:10158000EA306D229AFE13D1AA907F237AEB7090F5
:101590007F22F0C3C2B47E340002907F22E0907FAD
:1015A000237EEB509AFC86BED3D2B422907F24F0E7
:1015B000C3C2B47E340002907F247EEBA074804CC2
:1015C000BA9AFC898F907F25F0D3D2B4907F25E022
:1015D00022907B0A1BEA20793E0002907B061BEAE0
:1015E00000791E0002907B05F0C3C2B4907B0A69AB
:1015F0003E00020BEA209079D8793E00021BEA20D7
:101600007E340002907B057EEBA074804CBA907B08
:1016100006691E00020BEA009AFC89B3D3D2B422F9
:10162000E4907E77F0E4907E78F06D33907E791BC5
:10163000EA30907E790BEA207E3400012D321BEADD
:10164000307E3400FFBD2328087401907E78F0803E
:1016500028740F1215AC907E77F07E1403E8907D0D
:10166000FB693E00020BEA209AFDDF789AFE35887E
:10167000907E77E0BEB06B78B9907E78E0227428D7
:101680007E147D147E0400017E1800061215D19090
:101690007D15E00A2B7C456C55907D14E00A3B4D8E
:1016A000329079441BEA30907D17E00A2B7C456C20
:1016B00055907D16E00A3B4D329079461BEA3090FA
:1016C0007D19E00A2B7C456C55907D18E00A3B4D56
:1016D000329079481BEA30AA74227E147D1A7E0467
:1016E00000017E1800061215D1907D1BE00A2B7CAC
:1016F000456C55907D1AE00A3B4D3290794A1BEAC1
:1017000030907D1DE00A2B7C456C55907D1CE00AD5
:101710003B4D3290794C1BEA30907D1FE00A2B7CC8
:10172000456C55907D1EE00A3B4D3290794E1BEA88
:1017300030AA907D201BEA309F11907D22793E00D7
:10174000021BEA207E34003C2E34FFCC78030217C3
:10175000CE1B3668311B3668512E34000C680302EC
:1017600017F0907D200BEA207CB49AFDD86A7E1495
:1017700012007E0446809AFDD790907D22793E002B
:10178000021BEA20806A907D200BEA207CB49AFD3F
:10179000D86A7E1414007E0446009AFDD790907D8E
:1017A00022793E00021BEA208046907D200BEA2031
:1017B0007CB49AFDD86A7E1410007E0445809AFDA0
:1017C000D790907D22793E00021BEA208022907DF6
:1017D000200BEA207CB49AFDD86A7E1410007E04A7
:1017E00045009AFDD790907D22793E00021BEA20A9
:1017F000907D22693E00020BEA20AA907D261BEA1A
:10180000309F11907D28793E00021BEA207E340033
:101810005C2E34FFB068491B3478030218F12E3473
:10182000FFFD68611B3678030218A91B3678030296
:1018300018CD2E34000A6803021913907D260BEA96
:10184000207CB49AFDD86A7E14999A7E0443649AE7
:10185000FDD790907D28793E00021BEA20021913E3
:10186000907D260BEA207CB49AFDD86A7E14999A62
:101870007E0442E49AFDD790907D28793E00021BB9
:10188000EA20021913907D260BEA207CB49AFDD839
:101890006A7E1466667E0442649AFDD790907D2825
:1018A000793E00021BEA20806A907D260BEA207CAC
:1018B000B49AFDD86A7E14CCCD7E0441E49AFDD75B
:1018C00090907D28793E00021BEA208046907D267C
:1018D0000BEA207CB49AFDD86A7E14CCCD7E0441FC
:1018E000649AFDD790907D28793E00021BEA208003
:1018F00022907D260BEA207CB49AFDD86A7E1433B0
:10190000337E0440E39AFDD790907D28793E000213
:101910001BEA20907D28693E00020BEA20AAE49091
:101920007F62F07E1403E8907DFB693E00020BEAC3
:10193000209AFDDF787E1400149AFDDF6F9AFE3541
:10194000887E3422979076471BEA307E3422959029
:1019500076491BEA307E34229690764B1BEA307E25
:1019600034FFFF90764D1BEA307E3400026D227EFC
:101970001496807E0400989AFC8D1A7E3400447E72
:1019800024000174017E1400109AFD29C71216204C
:10199000BEB00068147E14500D7E0400FE9AFDD87F
:1019A000DF7401907F62F08045740D7E7003121524
:1019B0008974107E703C12158974117E705C12154A
:1019C0008974127E704412158974137E7002121588
:1019D0008974146C7712158974156C7712158974D3
:1019E000166C7712158974187E7001121589907F14
:1019F00062E0AA907BF01BEA10907BEFF0907BED09
:101A00001BEA20907BEB1BEA30907BEF7EEBA0740F
:101A100078BCAB5043E4907BF2F08030907BF2E0F6
:101A20000A2B907BEB0BEA302D32907BEFE00A1B08
:101A3000907BED0BEA202D21907BF00BEA109AFCB5
:101A4000E1A67EA002907BF2E02CBAF0907BF27EC1
:101A5000EBA074BCBCAB40C422907C831BEA2090FA
:101A60007C811BEA307E3400BC905F6C1BEA307EC8
:101A7000340078905F6E1BEA307E3400BC905F705B
:101A80001BEA307E340078905F721BEA30907C81D4
:101A90000BEA30907C830BEA207E1400E87E040081
:101AA0000190664DE09AFCF040907C810BEA30900A
:101AB0007C830BEA2074087E1407FF1219F3907CD4
:101AC000810BEA30907C830BEA2074507E14FFE097
:101AD0001219F3906B2DE0BEB0006815907C810B5D
:101AE000EA30907C830BEA2074637E14F81F12198D
:101AF000F37408907C85F0021C10907C85E00A2B22
:101B00007E346AB52D327A71827A6183E00A3B9025
:101B10007C861BEA306D22907C860BEA30BD324811
:101B200032907C860BEA207E3400BCBD2358249082
:101B30007C860BEA20907C810BEA302D32907C85EC
:101B4000E00A1B907C830BEA202D217E14001F9A53
:101B5000FCE1A6907C85E00A2B7E346A3B2D327A2C
:101B600071827A6183E00A3B907C861BEA306D22A9
:101B7000907C860BEA30BD324832907C860BEA209E
:101B80007E3400BCBD235824907C860BEA20907CD8
:101B9000810BEA302D32907C85E00A1B907C830B10
:101BA000EA202D217E14001F9AFCE1A6907C85E09E
:101BB0000A2B7E3465D32D327A71827A6183E00AF2
:101BC0003B907C861BEA306D22907C860BEA30BD10
:101BD000324832907C860BEA207E3400BCBD23580C
:101BE00024907C860BEA20907C810BEA302D329089
:101BF0007C85E00A1B907C830BEA202D217E14F863
:101C0000009AFCE1A6907C857EEBA074012CBAF0D2
:101C1000907C857EEBA07478BCAB5003021AFA90DE
:101C20007661E0BEB0007803021D479076597EEBE6
:101C3000A07401BCAB3803021D479076597EEBA01F
:101C400074BABCAB4003021D4790765A7EEBA07479
:101C500001BCAB3803021D4790765A7EEBA0747628
:101C6000BCAB4003021D47907659E00A3B907C864E
:101C70001BEA3090765AE0907C85F0907C860BEAE7
:101C800020907C810BEA302D32907C85E00A1B90FD
:101C90007C830BEA202D217E14F81F9AFCE1A6908C
:101CA0007C860BEA20907C810BEA302D327E24006A
:101CB000019D32907C85E00A1B907C830BEA202DED
:101CC000217E14F81F9AFCE1A6907C860BEA3090E6
:101CD0007C810BEA202D237E3400012D32907C85FF
:101CE000E00A1B907C830BEA202D217E14F81F9ABA
:101CF000FCE1A6907C860BEA20907C810BEA302DDB
:101D000032907C85E00A1B907C830BEA202D217E9B
:101D10001400019D217E14F81F9AFCE1A6907C8698
:101D20000BEA20907C810BEA302D32907C85E00A12
:101D30002B907C830BEA102D127E2400012D217E36
:101D400014F81F9AFCE1A6AA907EEFF07E3400649E
:101D5000907EF01BEA3080257E1403E8907DFB69BD
:101D60003E00020BEA209AFDDF789AFE3588907ECD
:101D7000F00BEA307E2400019D321BEA30907EF0A9
:101D80000BEA206D33BD2368107E3400A49AFD2435
:101D9000240A2B6D33BD2378BF907EF00BEA206DB3
:101DA00033BD23680C7E340007907EEFE09AFCB0D0
:101DB000656D22907EF00BEA30BD3278067E180009
:101DC0000180029F11AA9078F41BEA20793E00025C
:101DD0009078F01BEA00791E00026D339078F81BB2
:101DE000EA306D339078FA1BEA309078F0693E0063
:101DF000020BEA204D23680474018001E47E144E36
:101E00008B7E0400FE7E3400689AFE2ABA021EBE53
:101E10007E3400A49AFD2424BEB000787C9078F42F
:101E2000693E00020BEA20BE180040500C9078F486
:101E3000693E00020BEA2080047E3400409078FA6C
:101E40001BEA307E3400079078F0691E00020BEA2E
:101E5000009078FA0BEA209AFCAC369078FA0BEAFC
:101E6000109078F0693E00020BEA202D31793E0097
:101E7000021BEA209078FA0BEA106D009078F46962
:101E80003E00020BEA209F10793E00021BEA206D03
:101E9000339078F81BEA3080257E1403E8907DFBB0
:101EA000693E00020BEA209AFDDF789AFE358890A1
:101EB00078F80BEA207E3400012D321BEA3090784E
:101EC000F4693E00020BEA204D2368119078F80B6C
:101ED000EA207E340064BD235003021E109078F483
:101EE000693E00020BEA20AA907BB31BEA00791E30
:101EF0000002907BB3691E00020BEA009AFCFFEC23
:101F00006D22907BB7793E00021BEA20907BB3697B
:101F10003E00020BEA204D23680474018001E47E38
:101F2000144E8B7E0400FE7E3400889AFE2ABA90FE
:101F30007BB3691E00020BEA00907BB7693E00028A
:101F40000BEA209AFE1DC6AA9079001BEA20793E72
:101F500000029078FC1BEA00791E0002907900696B
:101F60003E00020BEA20907904793E00021BEA2031
:101F70009078FC693E00020BEA204D23680474014E
:101F80008001E47E144E8B7E0400FE7E3400999A1C
:101F9000FE2ABA7E3479047E24000190751E793EB3
:101FA00000021BEA206D339075221BEA307E146D0F
:101FB000747E0400019078FC693E00020BEA209ACE
:101FC000FD8EA4907904693E00020BEA20AA907F5E
:101FD0005EF07E1800019076A8793E00021BEA2090
:101FE0007E146D747E0400017E347F5E7E240001C9
:101FF0009AFD88F2AAE4907F5FF07E1403E8907D5A
:10200000FB693E00020BEA209AFDDF787E14003265
:102010009AFDDF6F9AFE35887E346D347E24000190
:1020200090777C793E00021BEA207E180040907772
:1020300080793E00021BEA207E146D747E0400014C
:102040006D339AFD94617E3400A46D2274017E1478
:1020500000039AFD29C77E3472A290766F1BEA3086
:102060007E3400077E14C2007E0400017E2472A329
:102070009AFCC5767E34000774017E141FCE7E0460
:1020800000FE9AFCB260907F5FE0AA907EF2F07E44
:10209000340064907EF31BEA3080257E1403E890C0
:1020A0007DFB693E00020BEA209AFDDF789AFE353F
:1020B00088907EF30BEA307E2400019D321BEA30CB
:1020C000907EF30BEA206D33BD2368107E3400A4AC
:1020D0009AFD24240A2B6D33BD2378BF907EF30B29
:1020E000EA206D33BD23680C7E340007907EF2E059
:1020F0009AFCB0656D22907EF30BEA30BD32780613
:102100007E18000180029F11AA9079181BEA20799D
:102110003E00029079141BEA00791E00026D339094
:10212000791C1BEA306D3390791E1BEA30907914CC
:10213000693E00020BEA204D23680474018001E42B
:102140007E144D947E0400FE7E34006E9AFE2ABA00
:102150000222017E3400A49AFD2424BEB000787CC3
:10216000907918693E00020BEA20BE18001E500C40
:10217000907918693E00020BEA2080047E34001E2C
:1021800090791E1BEA307E340007907914691E0096
:10219000020BEA0090791E0BEA209AFCAC3690798B
:1021A0001E0BEA10907914693E00020BEA202D31D3
:1021B000793E00021BEA2090791E0BEA106D009018
:1021C0007918693E00020BEA209F10793E00021B3D
:1021D000EA206D3390791C1BEA3080257E1403E8D9
:1021E000907DFB693E00020BEA209AFDDF789AFEA3
:1021F000358890791C0BEA207E3400012D321BEAD1
:1022000030907918693E00020BEA204D2368119046
:10221000791C0BEA207E340064BD23500302215355
:10222000907918693E00020BEA20AA907BC31BEA52
:1022300000791E0002907BC3691E00020BEA009A1F
:10224000FCFFEC6D22907BC7793E00021BEA2090D8
:102250007BC3693E00020BEA204D236804740180B1
:1022600001E47E144D947E0400FE7E34008E9AFEBE
:102270002ABA907BC3691E00020BEA00907BC769F3
:102280003E00020BEA209AFE2109AA9079241BEA5B
:1022900020793E00029079201BEA00791E0002900E
:1022A0007924693E00020BEA20907928793E0002E9
:1022B0001BEA20907920693E00020BEA204D23683A
:1022C0000474018001E47E144D947E0400FE7E348B
:1022D000009F9AFE2ABA7E3479287E2400019075E8
:1022E0001E793E00021BEA206D339075221BEA30F6
:1022F0007E146D8B7E040001907920693E00020BF4
:10230000EA209AFD8EA4907928693E00020BEA200B
:10231000AA907F60F07E1800019076A8793E0002B6
:102320001BEA207E146D8B7E0400017E347F607E6C
:102330002400019AFD88F2AAE4907F61F07E346D5A
:10234000A27E24000190777C793E00021BEA207E69
:10235000180040907780793E00021BEA207E146DC1
:102360008B7E0400016D339AFD94617E3400A46D70
:102370002274017E1400039AFD29C77E3472A29054
:10238000766F1BEA307E3400077E14C2007E0400A4
:10239000017E2472A39AFCC5767E34000774017E08
:1023A0001423117E0400FE9AFCB260907F61E0AAC3
:1023B000907B6DF0907B6B1BEA30907B6DE07E1420
:1023C0004F677E0400FE7E3400389AFE2ABA9F11C1
:1023D000907B6F793E00021BEA20E4907B6EF080D8
:1023E0002C907B6B0BEA309AFE24437D136D00909A
:1023F0007B6F693E00020BEA202F10793E00021B22
:10240000EA20907B6E7EEBA074012CBAF0907B6D7D
:102410007EEBA0907B6EE0BCBA40C6907B6DE00A7C
:102420001B6D00907B6F693E00020BEA209AFDDF76
:102430007A793E00021BEA20907B6F693E00020B16
:10244000EA20AA907E071BEA306D33907E091BEAD2
:10245000306D22907E070BEA301A360E340E340EA1
:10246000340E34BD32785B53BCDF53BCF0907E0732
:102470000BEA301A367C677E700F5C767CB742BC04
:1024800043BC40E5BC30E5FBE5BD0A3B7C676C77AF
:10249000907E091BEA30E5BE0A2B907E090BEA30DC
:1024A0004D321BEA30E4F5BDE4F5BE907F0AE090C2
:1024B0007E090BEA3060051E341478FB1BEA3002FB
:1024C000259B907E070BEA307D231A240E240E24D0
:1024D0000E240E247E340001BD23680302259B7464
:1024E000DF7E14FB387E04007E7E0B705C7B7A0BF3
:1024F0007074F07E14FB387E04007E7E0B705C7B73
:102500007A0B70907E070BEA301A367E600F5C679C
:102510007E14FB387E04007E7E0B704C767A0B7046
:1025200074407E14FB387E04007E7E0B704C7B7AF8
:102530000B707E34FB387E24007E7E1BB030E5F2CB
:102540007E34FB3A7E24007E7E1B700A377C676CEB
:1025500077907E091BEA307E34FB3B7E24007E7E32
:102560001B700A27907E090BEA304D321BEA30E4DB
:102570007E34FB3A7E24007E7A1BB0E47E34FB3B43
:102580007E24007E7A1BB0907F0BE0907E090BEAE0
:102590003060051E341478FB1BEA30907E090BEA8C
:1025A00030AA907E0D1BEA20907E0B1BEA30907EB5
:1025B0000B0BEA207E3400FF5D326D2274017E1425
:1025C00000019AFD29C76D22907E0B0BEA301A3666
:1025D0000E340E340E340E34BD32782C53BCF090D1
:1025E0007E0B0BEA301A367C677E700F5C767CB708
:1025F00042BC43DE0F43DE20907E0D0BEA50907FFD
:102600000AF043BC80022691907E0B0BEA307D23BA
:102610001A240E240E240E240E247E340001BD2321
:10262000786F74F07E14FB387E04007E7E0B705C45
:102630007B7A0B70907E0B0BEA301A367E600F5C53
:10264000677E14FB387E04007E7E0B704C767A0B1E
:1026500070740F7E14FB397E04007E7E0B704C7B01
:102660007A0B7074207E14FB397E04007E7E0B7022
:102670004C7B7A0B70907E0D0BEA50907F0BF074C0
:10268000807E14FB387E04007E7E0B704C7B7A0BC0
:10269000707E1403E8907DFB693E00020BEA209AED
:1026A000FDDF789AFE3588AA907EA71BEA20793E46
:1026B0000002907EA7693E00020BEA20BE180000CF
:1026C000481A907EA7693E00020BEA2074021E346D
:1026D0000E2450034E60801478F4802C907EA769FD
:1026E0003E00020BEA206E34FFFF6E24FFFF0B1C3E
:1026F00074021E341E2450034E60801478F46E342D
:10270000FFFF6E24FFFF0B1C22E4907A01F06D3373
:10271000907A061BEA306D339079FD1BEA309F11E9
:10272000907A02793E00021BEA206D339079FF1BFC
:10273000EA309AFE191EBEB000680574010227D166
:102740009F11907D4C793E00021BEA206D33907DF5
:102750004A1BEA30804E9AFE16D890794E0BEA104A
:102760001A021A00907D4C693E00020BEA202F10DD
:10277000793E00021BEA207E1403E8907DFB693E4F
:1027800000020BEA209AFDDF787E1400059AFDDF37
:102790006F9AFE3588907D4A0BEA207E3400012D29
:1027A000321BEA30907D4A0BEA207E340064BD2360
:1027B00040A47E080064907D4C693E00020BEA2034
:1027C0009AFDDFCB9079FD1BEA307401907A01F01D
:1027D000E4AA907A01E0BEB00078136D339079FFDF
:1027E0001BEA306D33907A061BEA3002288B9AFE82
:1027F00016D89079FD0BEA101A021A0090794E0B48
:10280000EA301A261A249F10907EAB793E00021BF4
:10281000EA20907EAB693E00020BEA20BE187FFFE3
:1028200008107E187FFF907EAB793E00021BEA20E5
:10283000801E907EAB693E00020BEA20BE1C800029
:10284000580E7E1C8000907EAB793E00021BEA2071
:102850007E140003907A02693E00020BEA209AFD82
:10286000DF6F907EAB691E00020BEA002F1012266C
:10287000A8907A02793E00021BEA20907A02693E13
:1028800000020BEA209079FF1BEA30AA907F421BDE
:10289000EA30907A01E0BEB0006808907F420BEA0F
:1028A0003080026D33907A061BEA30AA9079901B33
:1028B000EA20793E000290798C1BEA00791E000222
:1028C000A2AF920EC3C2AF90798C693E00020BEAB0
:1028D000204D236811907A01E090798C693E0002C6
:1028E0000BEA207A1BB0907990693E00020BEA2037
:1028F0004D2368139079FF0BEA10907990693E00A0
:10290000020BEA201B1A10907994693E00020BEA30
:10291000204D236813907A060BEA10907994693E53
:1029200000020BEA201B1A10A20E92AFAA907B3F66
:102930001BEA20793E0002907B3B1BEA00791E00D7
:1029400002907B3F693E00020BEA20BE18FFFF2881
:1029500024907B3B691E00020BEA007E34FFFF9A45
:10296000FE31147E08FFFF907B3F693E00020BEAB8
:10297000209F10801A907B3B691E00020BEA00909A
:102980007B3F693E00020BEA209AFE31149F11AA98
:10299000907B471BEA20793E0002907B431BEA00B4
:1029A000791E00027E347B477E24000190751E79DB
:1029B0003E00021BEA206D339075221BEA307E1424
:1029C0006BC07E040001907B43693E00020BEA204D
:1029D0009AFD8EA4907B47693E00020BEA20AA90E4
:1029E000776C1BEA309077681BEA00791E00027E44
:1029F000344ED17E2400FE7E14776E7E0400017476
:102A0000089AFDE0017E340008CA397E34776E7E74
:102A1000240001907768691E00020BEA009AFE38D4
:102A2000EA1BFDBEB000784FC3C2AFE47E34FE00A7
:102A30007E24007E7A1BB0E4F5F453DCF0E47E34AF
:102A4000FE077E24007E7A1BB0E47E34FE037E24E3
:102A5000007E7A1BB07E1403E8907DFB693E000285
:102A60000BEA209AFDDF787E14000A9AFDDF6F9A48
:102A7000FE35887460F5C7906BD7E0BEB00068285B
:102A800090776C0BEA306D229076A8793E00021B9D
:102A9000EA207E146BC07E040001907768693E00D6
:102AA000020BEA209AFD88F2AA907F5AF0907F5A92
:102AB000E09AFE322F907F5AE0AA9075B81BEA3058
:102AC0009075B41BEA00791E00029075B3F07E3455
:102AD0004ED97E2400FE7E1475BA7E040001740D6A
:102AE0009AFDE001805C7E3475BA7E24000190720C
:102AF0006E793E00021BEA209075B4693E00020B1D
:102B0000EA2090726A793E00021BEA209075B80BA9
:102B1000EA309072681BEA307E144EB97E0400FEE3
:102B20009AFDD8DF7E1403E8907DFB693E00020B1E
:102B3000EA209AFDDF787E1401F49AFDDF6F9AFE99
:102B400035889075B3E0BEB000689BAA9AFE310F3D
:102B50007E346B3F7E24000190777C793E00021B1F
:102B6000EA207E180080907780793E00021BEA20E0
:102B70007E146BC07E0400016D339AFD94617E1457
:102B800029DF7E0400FE9AFE3277AA9AFCFB2D9084
:102B900075490BEA3090754B0BEA209AFDA1EF9A2C
:102BA000FE27D29AFE142C9AFCFE2A907F78E0BE73
:102BB000B000680C906B2D7EEBA07402BCAB40049F
:102BC00074018001E49AFE01C49AFE01E4AA9AFE0F
:102BD0002BFCE580BEB00078067E34000180026DDB
:102BE00033E5800A2B4D236D33BD2378E59F007EAE
:102BF00034FFFB7E2400FD9AFDD90CAA7E34D80058
:102C00007E2405B89AFE2F529AFE2B4C9AFCF95F4F
:102C10009AFCF9409AFE139A9AFE01629AFE3402D7
:102C20009AFE27099AFDA0789AFE2E1E9066500BF8
:102C3000EA309AFE2D939AFDBDE2E4907F07F0748E
:102C400001907F08F0907F07E0BEB00078137E34DB
:102C500000C39AFD2424BEB00078067401907F78EA
:102C6000F07E3400C29AFD2424907F09F0907F0802
:102C7000E0BEB000687B907F09E0BEB00078727E55
:102C80001403E8907DFB693E00020BEA209AFDDF09
:102C9000787E1400149AFDDF6F9AFE35887E34002A
:102CA000C29AFD2424BEB0007847907F07E0BEB0F2
:102CB00000783E7E342B8B7E2400FE907732793E66
:102CC00000021BEA206D33CA397E1403E8907DFBB5
:102CD000693E00020BEA209AFDDF787E14000F9A0D
:102CE000FDDF6F7F01DA399AFDE02A7401907F07DA
:102CF000F07E3400C29AFD2424907F08F09AFDBE35
:102D0000B5BEB0006847907F07E0BEB000783E7E59
:102D1000342B8B7E2400FE907732793E00021BEA32
:102D2000206D33CA397E1403E8907DFB693E0002B2
:102D30000BEA209AFDDF787E14000F9AFDDF6F7F8B
:102D400001DA399AFDE02A7401907F07F09000C6FD
:102D5000E0BEB0007803022C45E49000C6F0907FFE
:102D600007E0BEB00078049AFE27D2907F78E0BEDC
:102D7000B000680D907F07E0BEB000680474018069
:102D800001E47E70019AFD748574019AFDBE7002A3
:102D90002C45AA907EE31BEA30907EE30BEA309A42
:102DA000FDAF97907EE5F0907EE5E0AA907E681BEF
:102DB000EA30907E67F0907E67E0907E680BEA30A4
:102DC0009AFDB019907E6AF0907E6AE0AA74019034
:102DD0007A76F07E3400C690784E1BEA307E34005E
:102DE000C79078501BEA307E147A777E040001E4A5
:102DF0007E1800329AFCAB537E147A777E04000171
:102E00009AFDA4FBBEB00078107E144FE57E04004E
:102E1000FE9AFDA5B8907A76F0907A76E0AAE490D2
:102E20007F1AF0E4907F1BF09AFE2DCD907F1BF06F
:102E3000907F1BE0BEB0006803022F4D7E3400304F
:102E40006D22E47E1400039AFD29C77E3400316DA3
:102E500022E47E1400039AFD29C77E3400326D22DD
:102E6000E47E1400039AFD29C77E3400336D22E40A
:102E70007E1400039AFD29C77E3400346D22E47E5F
:102E80001400039AFD29C77E3400356D22E47E14B8
:102E900000039AFD29C77E3400366D22E47E1400BB
:102EA000039AFD29C77E3400376D22E47E140003A7
:102EB0009AFD29C77E3400517E240001E47E14006F
:102EC000109AFD29C77E3400837E24000174017EA0
:102ED0001400109AFD29C77E3400477E2400017437
:102EE000017E1400109AFD29C77E3400827E2400E2
:102EF00001E47E1400109AFD29C77E3400537E241D
:102F0000000174017E1400109AFD29C77E3400432D
:102F10006D2274017E1400039AFD29C77403907911
:102F2000E5F074039079E6F07E1400E87E04000179
:102F30007E185820E49AFDB0AF7E3402436D229A89
:102F4000FE05A67E34000274039AFDF630907F1BC6
:102F5000E0AA907DB01BEA20793E00027E14424038
:102F60007E04000F907DB0693E00020BEA209AFDBE
:102F7000DF7A7E08004E9F107E1400039AFDDF78F2
:102F80007CB7907DB4F09AFDFC60D3A9D7BA907D50
:102F9000B0691E00020BEA007E340E007E24072773
:102FA000BF0140067404F5E9803C907DB0691E00C5
:102FB000020BEA007E34B4007E2404C4BF01400644
:102FC0007403F5E98020907DB0691E00020BEA00D1
:102FD0007E34B4007E2404C4BF0140067402F5E9C7
:102FE00080047404F5E974027E34FE017E24007EC0
:102FF0007A1BB07E34FDF67E24007E7E1BB0F5A6E3
:103000007E34FDEC7E24007E7E1BB0F59F539DFC3C
:10301000439D0174EF7E14FE0C7E04007E7E0B70D7
:103020005C7B7A0B7074047E34FE0D7E24007E7A05
:103030001BB0907DB47EEB60740F5C6B7E14FE0C55
:103040007E04007E7E0B704C767A0B7074807E144A
:10305000FE0C7E04007E7E0B704C7B7A0B707E181B
:10306000C3509AFE355174FC7E14FE007E04007E2F
:103070007E0B705C7B7A0B7074F37E14FE007E0412
:10308000007E7E0B705C7B7A0B7074047E14FE00F5
:103090007E04007E7E0B704C7B7A0B70E4F5DEE4E0
:1030A000F58EE4F598E4F59AE4F5ACE4F5FDE4F585
:1030B000A2E4F5AFE4F589907DB0693E00020BEA29
:1030C00020907DFB793E00021BEA2053B2FC43B105
:1030D0000374807E34FE077E24007E7A1BB07E342B
:1030E000FE077E24007E7E1BB030E0F27E1403E8F3
:1030F000907DFB693E00020BEA209AFDDF787E148A
:10310000000A9AFDDF6F9AFE35889AFDFC64AA9A40
:10311000FE0B15AA9078D01BEA309078CC1BEA0001
:10312000791E00027E1827109078D2793E00021B8B
:10313000EA20E49078D6F0E49078D7F09076CCE06E
:10314000BEB00468099078D00BEA3002322E023209
:103150001D7E1827109078D2793E00021BEA20903D
:1031600078D00BEA207E340040BD234004744080B8
:10317000069078D00BEA509078D6F0D3D200C3A94D
:10318000C7AF740E7E70019AFE0B9AE49078D7F068
:10319000802774219078CC691E00020BEA007E0B18
:1031A000700B14791E00021BEA009AFE0B9A9078AD
:1031B000D77EEBA074012CBAF09078D67EEBA0906D
:1031C00078D7E0BCBA40CB74117E70019AFE0B9A9E
:1031D000D3A9D7AF30001D9078D2693E00020BEA28
:1031E000207E2800017F019F02791E00021BEA0059
:1031F0004D2378E09078D2693E00020BEA20BE1899
:10320000000018089078D00BEA3080229078D6E041
:103210000A2B9078D00BEA309D321BEA306D229059
:1032200078D00BEA30BD3228030231516D33AA90B9
:103230007F5CF07E147F5C7E0400017E3400019A86
:10324000FE3114AA907CF61BEA00791E0002907CE5
:10325000F6691E00020BEA009AFCFFEC907CFA1B58
:10326000EA30907CF6691E00020BEA00907CFA0BB3
:10327000EA309AFE3114AA907E631BEA00791E00A0
:1032800002907E63693E00020BEA20907E5F793EE9
:1032900000021BEA20AA7E3400C19AFD2424BEB09D
:1032A000006803E48002740122E4907F59F0E49006
:1032B0007F58F002334A7E144D3E7E0400FE7E3479
:1032C0004D357E2400FE9AFD847FBEB00078707478
:1032D00001907F59F07E344D1E7E2400FE906FB326
:1032E000793E00021BEA207E344D197E2400FE90B8
:1032F0006FB7793E00021BEA207E144D317E040038
:10330000FE7E344D237E2400FE9AFD7DC5BEB000B6
:10331000780F7E144CFB7E0400FE9AFD814BE48006
:10332000477E1403E8907DFB693E00020BEA209A79
:10333000FDDF787E1400649AFDDF6F9AFE35889079
:103340007F587EEBA074012CBAF0907F587EEBA0E2
:103350007401BCAB50030232B6907F59E0BEB0009E
:10336000680474028002740122E4907EC7F0E49045
:103370007EC8F06D33907EC91BEA30AA123296BE29
:10338000B0007819E4907EC8F0907EC7E0BEB0002F
:1033900078086D33907EC91BEA30E4805D907EC76B
:1033A000E0BEB000680474018050907EC8E0BEB0FA
:1033B000006803E480447401907EC8F01232A99042
:1033C0007F76F0907F76E0BEB000681C907F76E05C
:1033D000BEB00178067E34000180047E3400029085
:1033E0007EC91BEA30E480127401907EC7F07E34FF
:1033F0000003907EC91BEA307401AA907EC90BEAD3
:1034000030AA7E3400C26D2274017E1400039AFD3E
:1034100029C77E3400C36D2274017E1400039AFD17
:1034200029C77E3400C46D2274017E1400039AFD06
:1034300029C77E3400426D2274017E1400039AFD78
:1034400029C77E3400C06D2274017E1400039AFDEA
:1034500029C77E3400C16D2274017E1400039AFDD9
:1034600029C7AA907974E0907978F0907975E09006
:103470007979F0907976E090797AF0907977E090A8
:10348000797BF07E3400C29AFD2424907974F07E1A
:103490003400C39AFD2424907975F07E3400C49AD8
:1034A000FD2424907976F07E3400429AFD24249005
:1034B0007977F0907974E0BEB000680F907978E089
:1034C000BEB0007806740190797CF0907975E0BE0A
:1034D000B000680F907979E0BEB000780674019072
:1034E000797DF0907976E0BEB000680F90797AE04F
:1034F000BEB0007806740190797EF0907977E0BED6
:10350000B000680F90797BE0BEB00078067401903F
:10351000797FF0AA9AFE346390797CE0BEB00068AF
:1035200005E490797CF090797DE0BEB0006805E418
:1035300090797DF090797EE0BEB0006805E49079E6
:103540007EF090797FE0BEB0006805E490797FF06E
:10355000AA907E0F1BEA20793E00029F117A1F007D
:1035600010907E0F693E00020BEA207A1F00108047
:103570000E7E1F00107E0800019F107A1F00107E33
:103580001F00104D2378EAAA907ACF1BEA20793EDB
:103590000002E47E34FE787E24007E7A1BB07E1426
:1035A000FF017E0400FE907ACF693E00020BEA2004
:1035B000BF1028367E080005907ACF693E00020BC6
:1035C000EA202F107E14000C9AFDDF78907ACF79D4
:1035D0003E00021BEA2074EF7E14FE787E04007E1B
:1035E0007E0B705C7B7A0B70801274107E14FE78F8
:1035F0007E04007E7E0B704C7B7A0B70907ACF69D4
:103600003E00020BEA207CB5907AD3F0907AD3E0AA
:103610000A3B6D227E0800012F01907ACF693E009F
:10362000020BEA209AFDDF7A907AD41BEA30907A76
:10363000D40BEA207E34FFFF9D32907AD61BEA300D
:10364000907AD3E07E34FE797E24007E7A1BB0909F
:103650007AD60BEA107E34FE7B7E24007E7A1B3005
:10366000907AD60BEA307D130A127E34FE7A7E24DD
:10367000007E7A1B3074807E14FE787E04007E7E8D
:103680000B704C7B7A0B707E34FE787E24007E7E3D
:103690001BB030E0F2AA9076C5E024DF680D146814
:1036A000100BB178129AFE36BC80109AFE36F78065
:1036B0000A9AFE373280049AFE0E0CAA9076CCE06D
:1036C000BEB00478099076C4E0BEB02168069AFEC8
:1036D0000E0C80227E347C737E2400019076D0799B
:1036E0003E00021BEA209076CA0BEA309076CE1B91
:1036F000EA309AFE0E30AA9076CCE0BEB00478098B
:103700009076C4E0BEB0A168069AFE0E0C80227EC0
:10371000347C737E2400019076D0793E00021BEA4F
:10372000209076CA0BEA309076CE1BEA309AFE0ED5
:103730001CAA9076CCE0BEB00478099076C4E0BEB6
:10374000B02168069AFE0E0C80049AFE0E40AA90E4
:1037500076C5E0BEB020780BE4907C77F0740890DA
:103760007C79F0AA907BDB1BEA20793E00027E3454
:103770007BDE7E2400017E1B307E347BDF7E2400D6
:10378000017A1B307E347BDD7E2400017E1B307E7F
:10379000347BE07E2400017A1B307E347BDC7E2487
:1037A00000017E1B307E347BE17E2400017A1B30D9
:1037B0007E347BDB7E2400017E1B307E347BE27E08
:1037C0002400017A1B30907BDF693E00020BEA2067
:1037D000AA907E831BEA307E347E847E2400017EA4
:1037E0001B307E347E857E2400017A1B307E347E41
:1037F000837E2400017E1B307E347E867E24000181
:103800007A1B30907E850BEA30AA907DDF1BEA2080
:10381000907DDD1BEA307401907DE1F06D22907D9A
:10382000DD0BEA103E147E3474922D317A71827A67
:1038300061830BEA30BD32781F907DDF0BEA209068
:103840007DDD0BEA103E147E3474922D317A718244
:103850007A61831BEA20802E907DDD0BEA203E24D6
:103860007E3474922D327A71827A61830BEA2090D1
:103870007DDF0BEA30BD2378087401907DE1F08094
:1038800005E4907DE1F0907DE1E0AA907F301BEAB5
:1038900030907F300BEA301B36682A0B36784A7E30
:1038A00034292D7E2400FE907BE7793E00021BEA3E
:1038B000207E3429907E2400FE907BE3793E000236
:1038C0001BEA2080247E347FB17E2400FD907BE7BC
:1038D000793E00021BEA207E3481747E2400FD9034
:1038E0007BE3793E00021BEA20AA7F617F7080178C
:1038F0007E7BB0600C693FFFFC1B34793FFFFC7896
:1039000002E4AA0BF40BD47E6B607E7B70BC7668FD
:10391000DF7E6B607E7B70BC7628037401AA74FF27
:10392000AACAF87DF37CFB7F207F1080071BF47A06
:103930002BF00B544DFF78F5DAF8AA0004017DFB5B
:10394000000000000001016BBF010001016BD70105
:103950000002017F0A000000140175DBFFFFFFFF7A
:10396000FFFFFFFFFFFFFFFFFFFFFFFFFFFFFFFF67
:103970000014016349000000000000000000000086
:10398000000000000000000000018001635D0000F5
:103990000000000000000000000000000000000027
:1039A0000000000000000000000000000000000017
:1039B0000000000000000000000000000000000007
:1039C00000000000000000000000000000000000F7
:1039D00000000000000000000000000000000000E7
:1039E00000000000000000000000000000000000D7
:1039F00000000000000000000000000000000000C7
:103A000000000000000000000000000000000000B6
:103A100000000000000000000000000000000000A6
:103A20000000000000000000000000000000000096
:103A30000000000000000000000000000000000086
:103A40000000000000000000000000000000000076
:103A50000000000000000000000000000000000066
:103A60000000000000000000000000000000000056
:103A70000000000000000000000000000000000046
:103A80000000000000000000000000000000000036
:103A90000000000000000000000000000000000026
:103AA0000000000000000000000000000000000016
:103AB0000000000000000000000000000000000006
:103AC00000000000000000000000000000000000F6
:103AD00000000000000000000000000000000000E6
:103AE00000000000000000000000000000000000D6
:103AF00000000000000000000000000000000000C6
:103B0000000000000000000000000000000000387D
:103B100001701F0000000000000000000000000015
:103B20000000000000000000000000000000000095
:103B30000000000000000000000000000000000085
:103B40000000000000000000000000001C01749252
:103B50000000000000000000000000000000000065
:103B600000000000000000000000000000080172DA
:103B7000220000000000000000002001722A000066
:103B80000000000000000000000000000000000035
:103B90000000000000000000000000000000000421
:103BA000017E5F00000000000201741B00000004A1
:103BB00001741D00FCFE7C00020174210000000461
:103BC00001742300FCFE7C000401742700FCFE7CD1
:103BD000000401742B00FCFE7C000401742F00FC27
:103BE000FE7C000401743300FCFE7C00020174378B
:103BF000000000020100210000000201004200005C
:103C000000020100630000000201008400000002C5
:103C10000100A5000000010100C60000010100E74D
:103C2000000002017B9BF8000002017B9DFFFF006A
:103C300002017B9F00000001017BA1A00001017B2C
:103C4000A2800400015908000000000000000000EC
:103C50000000000000000000000000000000000064
:103C60000000000000000000000000000000000054
:103C70000000000000000000000000000000000044
:103C80000000000000000000000000000000000034
:103C90000000000000000000000000000000000024
:103CA0000000000000000000000000000000000014
:103CB0000000000000000000000000000000000004
:103CC00000000000000000000000000000000000F4
:103CD00000000000000000000000000000000000E4
:103CE00000000000000000000000000000000000D4
:103CF00000000000000000000000000000000000C4
:103D000000000000000000000000000000000000B3
:103D100000000000000000000000000000000000A3
:103D20000000000000000000000000000000000093
:103D30000000000000000000000000000000000083
:103D40000000000000000000000000000000000073
:103D50000000000000000000000000000000000063
:103D60000000000000000000000000000000000053
:103D70000000000000000000000000000000000043
:103D80000000000000000000000000000000000033
:103D90000000000000000000000000000000000023
:103DA0000000000000000000000000000000000013
:103DB0000000000000000000000000000000000003
:103DC00000000000000000000000000000000000F3
:103DD00000000000000000000000000000000000E3
:103DE00000000000000000000000000000000000D3
:103DF00000000000000000000000000000000000C3
:103E000000000000000000000000000000000000B2
:103E100000000000000000000000000000000000A2
:103E20000000000000000000000000000000000092
:103E30000000000000000000000000000000000082
:103E40000000000000000000000000000000000072
:103E50000000000000000000000000000000000062
:103E60000000000000000000000000000000000052
:103E70000000000000000000000000000000000042
:103E80000000000000000000000000000000000032
:103E90000000000000000000000000000000000022
:103EA0000000000000000000000000000000000012
:103EB0000000000000000000000000000000000002
:103EC00000000000000000000000000000000000F2
:103ED00000000000000000000000000000000000E2
:103EE00000000000000000000000000000000000D2
:103EF00000000000000000000000000000000000C2
:103F000000000000000000000000000000000000B1
:103F100000000000000000000000000000000000A1
:103F20000000000000000000000000000000000091
:103F30000000000000000000000000000000000081
:103F40000000000000000000000000000000000071
:103F50000000000000000000000000000000000061
:103F60000000000000000000000000000000000051
:103F70000000000000000000000000000000000041
:103F80000000000000000000000000000000000031
:103F90000000000000000000000000000000000021
:103FA0000000000000000000000000000000000011
:103FB0000000000000000000000000000000000001
:103FC00000000000000000000000000000000000F1
:103FD00000000000000000000000000000000000E1
:103FE00000000000000000000000000000000000D1
:103FF00000000000000000000000000000000000C1
:1040000000000000000000000000000000000000B0
:1040100000000000000000000000000000000000A0
:104020000000000000000000000000000000000090
:104030000000000000000000000000000000000080
:10404000000000000000000019015D0800000000F1
:104050000000000000000000000000000000000060
:104060000000000000000C015D21000000000000C5
:104070000000000000000017015D2D00000000009E
:104080000000000000000000000000000000000030
:1040900000000014015D440000000000000000006A
:1040A00000000000000000000000000002015D5858
:1040B0000000000201785B2000000101785D000033
:1040C0000101785E000002017944000000020179DC
:1040D00046000000020179480000000201794A0010
:1040E00000000201794C0000000201794E0000003E
:1040F00002017A94F8000002017A96FFFF000201A3
:104100007A9800000002017A9A00F00002017A9C7D
:10411000014000080168FB000000000000000000F2
:1041200024016903000000000000000000000000FE
:10413000000000000000000000000000000000007F
:1041400000000000000000000017016927000000C7
:10415000000000000000000000000000000000005F
:1041600000000000000801693E000000000000009F
:10417000000020016946000000000000000000006F
:10418000000000000000000000000000000000002F
:10419000000000000000004A016966000000000005
:1041A000000000000000000000000000000000000F
:1041B00000000000000000000000000000000000FF
:1041C00000000000000000000000000000000000EF
:1041D00000000000000000000000000000000000DF
:1041E000000000000000080169B0000000000000AD
:1041F000000000800169B80000000000000000001D
:1042000000000000000000000000000000000000AE
:10421000000000000000000000000000000000009E
:10422000000000000000000000000000000000008E
:10423000000000000000000000000000000000007E
:10424000000000000000000000000000000000006E
:10425000000000000000000000000000000000005E
:10426000000000000000000000000000000000004E
:104270000000000000000000010164DD7800010181
:1042800064DE00000101655700000101655800006F
:104290000101664F000002016650005000020166F5
:1042A0005200000001016654E10001016655000062
:1042B000010179740100010179750100010179762C
:1042C0000100010179770100010179780100010104
:1042D000797901000101797A01000101797B0100FE
:1042E0000101797C00000101797D00000101797EE6
:1042F00000000101797F00000101765300000101F7
:1043000076547800010176550000020176560000CF
:104310000001017658000001017659000001017684
:104320005A00000101765B00000101765C0000018B
:1043300001765D00000101765E00000101765F00FC
:104340000001017660000001017661000001017644
:104350006200000101766300000201766400000043
:1043600001017666000001017546000002017547F3
:10437000000000020175490000000201754B0000B9
:10438000000201754D0000000201754F00C80002D7
:1043900001755100A50002017553012C0002017541
:1043A000550000000201755700AF00020175590069
:1043B000AF000201755B00AF0024016C67000019BB
:1043C000AF00000000000001F20000001600000035
:1043D000C800000000000000000000000000000015
:1043E000000002016C8B03520024016C8D0000025E
:1043F0008E00000096000000000000000000000099
:1044000000000000000000000000000000000000AC
:10441000000024016CB10000028E00000096000034
:10442000000000000000000000000000000000008C
:104430000000000000000000000000020179FD0003
:104440000000020179FF00000001017A0100000470
:10445000017A02000000000002017A06000000015B
:10446000016A38000001016A39000001016A3A005E
:104470000001016AB3000001016AB4000001016B90
:104480002D000002016B2E00000001016B300000C6
:1044900001016B31000001016B32000001016B333F
:1044A000000001016B34000001016B3500000101C7
:1044B0006B36000002016B3700000001016B390010
:1044C0000001016B3A000001016B3B000001016B30
:1044D0003C000001016B3D000001016B3E00000249
:1044E000017C2300000002017C2503520002017CB4
:1044F0002700000002017C2900000002017B32003D
:10450000000001017B34000001017B350000010146
:104510007B36000001017B37000001017B38000081
:1045200001017B39000001017B3A000001017C336D
:10453000000001017C34000002017C350000000114
:10454000017C37000002017C3800000001017C3A48
:10455000000001017EC7000001017EC800000201C9
:104560007EC900000001017F77000001017F780013
:10457000000000000000000000000000000000003B
:10458000000000000000000000000000000000002B
:10459000000000000000000000000000000000001B
:1045A000000000000000000000000000000000000B
:1045B00000000000000000000000000000000000FB
:1045C00000000000000000000000000000000000EB
:1045D00000000000000000000000000000000000DB
:1045E00000000000000000000000000000000000CB
:1045F00000000000000000000000000000000000BB
:1046000000000000000000000000000000000000AA
:10461000000000000000000000000000000000009A
:10462000000000000000000000000000000000008A
:10463000000000000000000000000000000000007A
:10464000000000000000000000000000000000006A
:10465000000000000000000000000000000000005A
:10466000000000000000000000000000000000004A
:10467000000000000000000000000000000000003A
:10468000000000000000000000000000000000002A
:10469000000000000000000000000000000000001A
:1046A000000000000000000000000000000000000A
:1046B00000000000000000000000000000000000FA
:1046C00000000000000000000000000000000000EA
:1046D00000000000000000000000000000000000DA
:1046E00000000000000000000000000000000000CA
:1046F00000000000000000000000000000000000BA
:1047000000000000000000000000000000000000A9
:104710000000000000000000000000000000000099
:104720000000000000000000000000000000000089
:104730000000000000000000000000000000000079
:104740000000000000000000000000000000000069
:104750000000000000000000000000000000000059
:104760000000000000000000000000000000000049
:1047700000002E2E5C2E2E5C6C696272617269657F
:10478000735C7A665F6472697665725C7A665F6490
:1047900072697665725F70776D2E6300007EFEDD54
:1047A000007EFEFD007EF8DD007EF8FD007EF6DD79
:1047B000007EF6FD007EFED0007EFEF0007EF8D08A
:1047C000007EF8F0007EF6D0007EF6F0007EFEB1AE
:1047D000007EFEB5007EF8B1007EF8B5007EF6B131
:1047E000007EF6B5007EFED5007EFED7007EFED9A7
:1047F000007EFEDB007EFEF5007EFEF7007EFEF909
:10480000007EFEFB007EF8D5007EF8D7007EF8D94A
:10481000007EF8DB007EF8F5007EF8F7007EF8F900
:10482000007EF8FB007EF6D5007EF6D7007EF6D936
:10483000007EF6DB007EF6F5007EF6F7007EF6F9E8
:10484000007EF6FB007EFED2007EFEF2007EF8D2F5
:10485000007EF8F2007EF6D2007EF6F2007EFEB216
:10486000007EFEB6007EF8B2007EF8B6007EF6B29C
:10487000007EF6B6007EFEC2007EFEE2007EF8C23A
:10488000007EF8E2007EF6C2007EF6E2007EFECEFA
:10489000007EFEEE007EF8CE007EF8EE007EF6CEC4
:1048A000007EF6EE007EFECC007EFECD007EFEECAD
:1048B000007EFEED007EF8CC007EF8CD007EF8ECA8
:1048C000007EF8ED007EF6CC007EF6CD007EF6ECA4
:1048D000007EF6ED007EFEC0007EFEE0007EF8C0A9
:1048E000007EF8E0007EF6C0007EF6E0007EFEC8A6
:1048F000007EFEC9007EFECA007EFECB007EFEE882
:10490000007EFEE9007EFEEA007EFEEB007EF8C837
:10491000007EF8C9007EF8CA007EF8CB007EF8E879
:10492000007EF8E9007EF8EA007EF8EB007EF6C82B
:10493000007EF6C9007EF6CA007EF6CB007EF6E861
:10494000007EF6E9007EF6EA007EF6EB2E2E5C2E67
:104950002E5C6C69627261726965735C7A665F6411
:1049600072697665725C7A665F6472697665725F99
:104970007370692E6300007EFA21007EF811007EBC
:10498000F831007EFBF8007EF809007EF82900006F
:104990000000000000000000000000000000000017
:1049A0000000000000000000000000000000000007
:1049B00000000000000000000000000000000000F7
:1049C00000000000000000000000000000000000E7
:1049D00000000000000000000000000000000000D7
:1049E00000000000000000000000000000000000C7
:1049F00000000000000000000000000000000000B7
:104A00000000000000000000000000000000007E28
:104A1000FA84007EF814007EF834007EFA27007EC7
:104A2000F81A007EF83A007EFA25007EF818007E1B
:104A3000F838007EFA28007EF81B007EF83B007EE6
:104A4000FA26007EF819007EF839007EFA2E007EE4
:104A5000F81E007EF83E007EFA2F007EF81F007ED2
:104A6000F83F007EFBF9007EF80A007EF82A007EFF
:104A7000FA20007EF810007EF830007EFA23007ED7
:104A8000F815007EF835007EFA22007EF812007ECE
:104A9000F832007EFE90007EF808007EF8280000C4
:104AA0000000000000000000000000000000000006
:104AB00000000000000000000000000000000000F6
:104AC00000000000000000000000000000000000E6
:104AD00000000000000000000000000000000000D6
:104AE00000000000000000000000000000000000C6
:104AF00000000000000000000000000000000000B6
:104B000000000000000000000000000000000000A5
:104B10000000000000000000000000000000000095
:104B20000000000000000000000000000000000085
:104B30000000000000000000000000000000000075
:104B400000002E2E5C2E2E5C6C69627261726965AB
:104B5000735C7A665F6465766963655C7A665F64D8
:104B600065766963655F776966695F7370692E63EF
:104B70000025730D0A25730D0A25730D0A25730D83
:104B80000A0025730D0A0025730D0A25730D0A000E
:104B90004F4B0056320000000000000000000000F3
:104BA0000000000000000000000000000000000005
:104BB00000000000000000000000444C3141207063
:104BC0006572666F726D2073696E676C65207265C1
:104BD000666572656E63652063616C69627261749B
:104BE000696F6E206572726F722E0D0A00444C312F
:104BF000412073656C6620636865636B2065727223
:104C00006F722E0D0A002E2E5C2E2E5C6C69627265
:104C100061726965735C7A665F6465766963655C19
:104C20007A665F6465766963655F646C31612E6383
:104C3000002E2E5C2E2E5C6C696272617269657347
:104C40005C7A665F6472697665725C7A665F6472CC
:104C5000697665725F756172742E630000000000F2
:104C60000000000000000000000000000000000044
:104C70000000000000000000000000000000000034
:104C80000000000000000000000000000000000024
:104C9000000000000000000000000000010203040A
:104CA00005060708286E756C6C29002E2E5C2E2ECA
:104CB0005C6C69627261726965735C7A665F636F6E
:104CC0006D6D6F6E5C7A665F636F6D6D6F6E5F6644
:104CD000756E6374696F6E2E630030313233343514
:104CE0003637383941424344454630313233343522
:104CF0003637383961626364656600535443333232
:104D0000205769466920417373697374616E74201A
:104D10005265616479210D0A003636363600383026
:104D20003836003139322E3136382E3133372E3184
:104D300000544350003262293730333441007975D2
:104D40006E66656E67313100543A00563A00523A49
:104D5000002D00520043004C0053434E0044455484
:104D600000415644004F464600455252004F5645BA
:104D700052004241434B004F555400494E00545598
:104D8000524E00454E544552004649525354004E2F
:104D90004F524D002E2E5C2E2E5C6C696272617239
:104DA0006965735C7A665F6465766963655C7A667B
:104DB0005F6465766963655F776972656C65737357
:104DC0005F756172742E63002566002564002E2EC7
:104DD0005C2E2E5C6C69627261726965735C7A66C6
:104DE0005F6465766963655C7A665F64657669634E
:104DF000655F7466743138302E6300256600256463
:104E0000002E2E5C2E2E5C6C696272617269657375
:104E10005C7A665F6465766963655C7A665F646523
:104E2000766963655F6970733230302E63002E2EB1
:104E30005C2E2E5C6C69627261726965735C7A6665
:104E40005F6472697665725C7A665F6472697665C2
:104E5000725F736F66745F6969632E63002E2E5CE8
:104E60002E2E5C6C69627261726965735C7A665F32
:104E70006472697665725C7A665F6472697665727F
:104E80005F656E636F6465722E63002E2E5C2E2E3E
:104E90005C6C69627261726965735C7A665F646595
:104EA000766963655C7A665F6465766963655F628F
:104EB0006C65366132302E63000D0A202573206642
:104EC000696C65202573206C696E652025640D0A68
:104ED0000040535443495350234173736572742007
:104EE0006572726F72002E2E5C2E2E5C6C6962727F
:104EF00061726965735C7A665F636F6D6D6F6E5C1E
:104F00007A665F636F6D6D6F6E5F6669666F2E6345
:104F1000002E2E5C2E2E5C6C696272617269657364
:104F20005C7A665F6472697665725C7A665F6472E9
:104F3000697665725F657874692E63002E2E5C2E2B
:104F40002E5C6C69627261726965735C7A665F641B
:104F500072697665725C7A665F6472697665725FA3
:104F60006770696F2E63002E2E5C2E2E5C6C69625A
:104F70007261726965735C7A665F64726976657284
:104F80005C7A665F6472697665725F6164632E63E2
:104F9000002E2E5C2E2E5C6C6962726172696573E4
:104FA0005C7A665F6472697665725C7A665F647269
:104FB000697665725F7069742E63005345454B4690
:104FC000524545205354433332473134344B204FFC
:104FD00070656E736F75726563204C696272617281
:104FE00079200D0A0000000000000100000002020C
:104FF0000000030064000400BC0005007800060007
:1050000000000700000008002000000000696D7526
:1050100036363072622073656C6620636865636B38
:08502000206572726F722E0010
:0200000400FFFB
:070000000200CF8AFD33F678
:04000B008AFD39DB56
:040013008AFD3E5ACA
:04001B008AFD3A21FF
:040053008AFD3439B5
:04005B008AFD347C6A
:040063008AFD3A6771
:040083008AFD34BFFF
:04009B008AFD3AADF3
:0400A3008AFD3AF3A5
:1000CB008AFE0C657584017E443FFFE47A49B01BC0
:1000DB004478F99000007E34FFFFE4F0A31B3478E2
:1000EB00FA7EF800227E0400FE7E14393B0B0A4098
:1000FB005D446822295000020A25693000032E084E
:10010B0000050B44800A7E0BB07A1BB00B1C0B0C4A
:0A011B001B4478F280D78AFE2BCE39
:04012B008AFD2B0E10
:040133008AFD2BCC4A
:04013B008AFD2C8A83
:040143008AFD2D48BC
:04014B008AFD2E06F5
:040153008AFD2EC42F
:04015B008AFD2F8268
:040163008AFD3040A1
:04016B008AFD30FEDB
:040173008AFD31BC14
:04019B008AFD3502A2
:0401AB008AFD35BADA
:0401BB008AFD365132
:0401CB008AFD36E88B
:0401D3008AFD3E87DC
:04021B008AFD3D52C9
:04029B008AFD377F22
:0402AB008AFD38167A
:0402BB008AFD38ADD3
:0402CB008AFD39442B
:0402D3008AFD327AF4
:0402DB008AFD33382D
:040303008AFD3B39FB
:04030B008AFD3BEC40
:040313008AFD3C9F84
:10031B008AFD3DA700000000000000000000000067
:10032B00000000000000000808080808080800008A
:10033B000808000000482424120000000000000000
:10034B00000000000000004848487E2424247E243E
:10035B00242400000000103C5252121C305050520A
:10036B00523C1010000000222515150D2A5854542C
:10037B00522200000000000C1212120A76252919D5
:10038B00916E000000060404020000000000000053
:10039B000000000000402010100808080808081092
:1003AB001020400000020408081010101010100854
:1003BB00080402000000000008086B1C1C6B0808F6
:1003CB00000000000000000000101010FE101010C4
:1003DB000000000000000000000000000000000012
:1003EB000604040200000000000000007E00000074
:1003FB0000000000000000000000000000000000F2
:10040B0006060000000040202020101008080804F9
:10041B0004020200000000182442424242424242BF
:10042B0024180000000000101C10101010101010E9
:10043B00107C00000000003C4242424020100804A7
:10044B00427E00000000003C424240201820404207
:10045B00423C000000000020303028242422FE20E3
:10046B0020F800000000007E0202021E22404042E3
:10047B00221C0000000000182402023A46424242AD
:10048B00443800000000007E4220201010080808AD
:10049B00080800000000003C42424224182442425B
:1004AB00423C00000000001C22424242625C404081
:1004BB0024180000000000000000181800000000C5
:1004CB0018180000000000000000000800000000E9
:1004DB00000808080000004020100804020408105F
:1004EB00204000000000000000007E00007E0000A5
:1004FB00000000000000000204081020402010083B
:10050B00040200000000003C424246201010100084
:10051B00181800000000001C225A55555555553A25
:10052B00423C00000000000808181414243C22422E
:10053B0042E700000000001F2222221E22424242FC
:10054B00221F00000000007C424201010101014218
:10055B00221C00000000001F224242424242424243
:10056B00221F00000000003F4212121E1212024214
:10057B00423F00000000003F4212121E1212020204
:10058B00020700000000003C222201010171212220
:10059B00221C0000000000E7424242427E424242DF
:1005AB0042E700000000003E080808080808080899
:1005BB00083E00000000007C1010101010101010EE
:1005CB001010110F0000007722120A0E0A121222CD
:1005DB002277000000000007020202020202020260
:1005EB00427F00000000007736363636362A2A2A3C
:1005FB002A6B0000000000E346464A4A5252526200
:10060B00624700000000001C224141414141414131
:10061B00221C00000000003F424242423E02020206
:10062B00020700000000001C224141414141414DA5
:10063B00321C60000000003F4242423E1212222256
:10064B0042C700000000007C4242020418204042D6
:10065B00423E00000000007F49080808080808080F
:10066B00081C0000000000E7424242424242424264
:10067B00423C0000000000E74242222424141418DC
:10068B00080800000000006B2A2A2A2A2A361414B4
:10069B0014140000000000E7422424181818242426
:1006AB0042E7000000000077222214140808080813
:1006BB00081C00000000007E2120101008040442DA
:1006CB00423F0000007808080808080808080808D6
:1006DB000808780000000204040408080810102021
:1006EB0020204040001E1010101010101010101081
:1006FB0010101E0000182400000000000000000075
:10070B0000000000000000000000000000000000DE
:10071B00000000FF000608000000000000000000C1
:10072B0000000000000000000000001C22302C2202
:10073B00326C0000000000000302021A2642424203
:10074B00261A0000000000000000003844020202DC
:10075B0044380000000000006040407C42424242AE
:10076B0062DC0000000000000000003C42427E0200
:10077B00423C0000000000003048083E0808080812
:10078B00083E0000000000000000007C22221C023A
:10079B003C42423C000000000302023A4642424205
:1007AB0042E700000000000C0C00000E08080808CF
:1007BB00083E0000000000303000003820202020D0
:1007CB002020221E0000000003020272120A0E12E9
:1007DB0022770000000000080E0808080808080827
:1007EB00083E0000000000000000007F92929292F1
:1007FB0092B70000000000000000003B464242425E
:10080B0042E70000000000000000003C4242424270
:10081B00423C0000000000000000001B2642424248
:10082B00261A0207000000000000005864424242F2
:10083B00645840E000000000000000774C04040402
:10084B00041F0000000000000000007C42023C403E
:10085B00423E0000000000000008083E080808089F
:10086B00483000000000000000000063424242429A
:10087B0062DC00000000000000000077222214144C
:10088B000808000000000000000000DB91525A2A0B
:10089B0024240000000000000000006E241818182B
:1008AB002476000000000000000000E7422424181A
:1008BB0018080806000000000000007E221008083F
:1008CB00447E000000C0202020202020102020206B
:1008DB002020C0001010101010101010101010104D
:1008EB00101010100003040404040404080404048E
:1008FB0004040300045A2000000000000000000064
:10090B000000000088008001FF0100000001FF00D3
:10091B008000FF014F004E2CFF00B6B4FF0100001A
:10092B00FF00090010001100240125FF7500FF01D5
:10093B004E2C48003020FF003009540031043203A4
:10094B0040834625600027005006510052965608FA
:10095B005730610062006400650066A0FF0122321F
:10096B00471449FF4A00FF007A0A7B007821FF01F8
:10097B002334420044FF4526460540400E06201A0C
:10098B004340FF0034033544FF0131044B094C0550
:10099B004D04FF00440045204708482867007004B9
:1009AB00710172FE76007700FF010D01FF008001DF
:1009BB0001F8FF018E010001FF0080001E035300B0
:1009CB005400430020005500530042002000530008
:1009DB0065007200690061006C00040309041201D8
:1009EB00000202000040BF3402FF000101020001BF
:1009FB0009024300020100803209040000010202D7
:100A0B000100052400100105240100010424020249
:100A1B000524060001070582034000FF09040100BD
:100A2B00020A0000000705810240000007050102D1
:0F0A3B0040000000000100080353005400430076
:00000001FF
